[0.089s] DEBUG:colcon:Command line arguments: ['/usr/bin/colcon', 'build']
[0.089s] DEBUG:colcon:Parsed command line arguments: Namespace(log_base=None, log_level=None, verb_name='build', build_base='build', install_base='install', merge_install=False, symlink_install=False, test_result_base=None, continue_on_error=False, executor='parallel', parallel_workers=4, event_handlers=None, ignore_user_meta=False, metas=['./colcon.meta'], base_paths=['.'], packages_ignore=None, packages_ignore_regex=None, paths=None, packages_up_to=None, packages_up_to_regex=None, packages_above=None, packages_above_and_dependencies=None, packages_above_depth=None, packages_select_by_dep=None, packages_skip_by_dep=None, packages_skip_up_to=None, packages_select_build_failed=False, packages_skip_build_finished=False, packages_select_test_failures=False, packages_skip_test_passed=False, packages_select=None, packages_skip=None, packages_select_regex=None, packages_skip_regex=None, packages_start=None, packages_end=None, allow_overriding=[], cmake_args=None, cmake_target=None, cmake_target_skip_unavailable=False, cmake_clean_cache=False, cmake_clean_first=False, cmake_force_configure=False, ament_cmake_args=None, catkin_cmake_args=None, catkin_skip_building_tests=False, verb_parser=<colcon_defaults.argument_parser.defaults.DefaultArgumentsDecorator object at 0x760b45269d30>, verb_extension=<colcon_core.verb.build.BuildVerb object at 0x760b45392840>, main=<bound method BuildVerb.main of <colcon_core.verb.build.BuildVerb object at 0x760b45392840>>)
[0.122s] Level 1:colcon.colcon_core.package_discovery:discover_packages(colcon_meta) check parameters
[0.122s] Level 1:colcon.colcon_core.package_discovery:discover_packages(recursive) check parameters
[0.122s] Level 1:colcon.colcon_core.package_discovery:discover_packages(ignore) check parameters
[0.122s] Level 1:colcon.colcon_core.package_discovery:discover_packages(path) check parameters
[0.122s] Level 1:colcon.colcon_core.package_discovery:discover_packages(colcon_meta) discover
[0.122s] Level 1:colcon.colcon_core.package_discovery:discover_packages(recursive) discover
[0.122s] INFO:colcon.colcon_core.package_discovery:Crawling recursively for packages in '/home/mars/Documents/Lunabotics25-26/lunabot_ws'
[0.122s] Level 1:colcon.colcon_core.package_identification:_identify(.) by extensions ['ignore', 'ignore_ament_install']
[0.122s] Level 1:colcon.colcon_core.package_identification:_identify(.) by extension 'ignore'
[0.122s] Level 1:colcon.colcon_core.package_identification:_identify(.) by extension 'ignore_ament_install'
[0.122s] Level 1:colcon.colcon_core.package_identification:_identify(.) by extensions ['colcon_pkg']
[0.122s] Level 1:colcon.colcon_core.package_identification:_identify(.) by extension 'colcon_pkg'
[0.122s] Level 1:colcon.colcon_core.package_identification:_identify(.) by extensions ['colcon_meta']
[0.122s] Level 1:colcon.colcon_core.package_identification:_identify(.) by extension 'colcon_meta'
[0.122s] Level 1:colcon.colcon_core.package_identification:_identify(.) by extensions ['ros']
[0.122s] Level 1:colcon.colcon_core.package_identification:_identify(.) by extension 'ros'
[0.145s] Level 1:colcon.colcon_core.package_identification:_identify(.) by extensions ['cmake', 'python']
[0.145s] Level 1:colcon.colcon_core.package_identification:_identify(.) by extension 'cmake'
[0.145s] Level 1:colcon.colcon_core.package_identification:_identify(.) by extension 'python'
[0.145s] Level 1:colcon.colcon_core.package_identification:_identify(.) by extensions ['python_setup_py']
[0.145s] Level 1:colcon.colcon_core.package_identification:_identify(.) by extension 'python_setup_py'
[0.145s] Level 1:colcon.colcon_core.package_identification:_identify(build) by extensions ['ignore', 'ignore_ament_install']
[0.145s] Level 1:colcon.colcon_core.package_identification:_identify(build) by extension 'ignore'
[0.145s] Level 1:colcon.colcon_core.package_identification:_identify(build) ignored
[0.145s] Level 1:colcon.colcon_core.package_identification:_identify(install) by extensions ['ignore', 'ignore_ament_install']
[0.145s] Level 1:colcon.colcon_core.package_identification:_identify(install) by extension 'ignore'
[0.145s] Level 1:colcon.colcon_core.package_identification:_identify(install) ignored
[0.145s] Level 1:colcon.colcon_core.package_identification:_identify(log) by extensions ['ignore', 'ignore_ament_install']
[0.145s] Level 1:colcon.colcon_core.package_identification:_identify(log) by extension 'ignore'
[0.145s] Level 1:colcon.colcon_core.package_identification:_identify(log) ignored
[0.145s] Level 1:colcon.colcon_core.package_identification:_identify(src) by extensions ['ignore', 'ignore_ament_install']
[0.146s] Level 1:colcon.colcon_core.package_identification:_identify(src) by extension 'ignore'
[0.146s] Level 1:colcon.colcon_core.package_identification:_identify(src) by extension 'ignore_ament_install'
[0.146s] Level 1:colcon.colcon_core.package_identification:_identify(src) by extensions ['colcon_pkg']
[0.146s] Level 1:colcon.colcon_core.package_identification:_identify(src) by extension 'colcon_pkg'
[0.146s] Level 1:colcon.colcon_core.package_identification:_identify(src) by extensions ['colcon_meta']
[0.146s] Level 1:colcon.colcon_core.package_identification:_identify(src) by extension 'colcon_meta'
[0.146s] Level 1:colcon.colcon_core.package_identification:_identify(src) by extensions ['ros']
[0.146s] Level 1:colcon.colcon_core.package_identification:_identify(src) by extension 'ros'
[0.146s] Level 1:colcon.colcon_core.package_identification:_identify(src) by extensions ['cmake', 'python']
[0.146s] Level 1:colcon.colcon_core.package_identification:_identify(src) by extension 'cmake'
[0.146s] Level 1:colcon.colcon_core.package_identification:_identify(src) by extension 'python'
[0.146s] Level 1:colcon.colcon_core.package_identification:_identify(src) by extensions ['python_setup_py']
[0.146s] Level 1:colcon.colcon_core.package_identification:_identify(src) by extension 'python_setup_py'
[0.146s] Level 1:colcon.colcon_core.package_identification:_identify(src/log) by extensions ['ignore', 'ignore_ament_install']
[0.146s] Level 1:colcon.colcon_core.package_identification:_identify(src/log) by extension 'ignore'
[0.146s] Level 1:colcon.colcon_core.package_identification:_identify(src/log) ignored
[0.146s] Level 1:colcon.colcon_core.package_identification:_identify(src/lunabot_hardware) by extensions ['ignore', 'ignore_ament_install']
[0.146s] Level 1:colcon.colcon_core.package_identification:_identify(src/lunabot_hardware) by extension 'ignore'
[0.146s] Level 1:colcon.colcon_core.package_identification:_identify(src/lunabot_hardware) by extension 'ignore_ament_install'
[0.146s] Level 1:colcon.colcon_core.package_identification:_identify(src/lunabot_hardware) by extensions ['colcon_pkg']
[0.146s] Level 1:colcon.colcon_core.package_identification:_identify(src/lunabot_hardware) by extension 'colcon_pkg'
[0.146s] Level 1:colcon.colcon_core.package_identification:_identify(src/lunabot_hardware) by extensions ['colcon_meta']
[0.146s] Level 1:colcon.colcon_core.package_identification:_identify(src/lunabot_hardware) by extension 'colcon_meta'
[0.146s] Level 1:colcon.colcon_core.package_identification:_identify(src/lunabot_hardware) by extensions ['ros']
[0.146s] Level 1:colcon.colcon_core.package_identification:_identify(src/lunabot_hardware) by extension 'ros'
[0.149s] DEBUG:colcon.colcon_core.package_identification:Package 'src/lunabot_hardware' with type 'ros.ament_cmake' and name 'lunabot_hardware'
[0.149s] Level 1:colcon.colcon_core.package_identification:_identify(src/lunabot_teleop) by extensions ['ignore', 'ignore_ament_install']
[0.149s] Level 1:colcon.colcon_core.package_identification:_identify(src/lunabot_teleop) by extension 'ignore'
[0.149s] Level 1:colcon.colcon_core.package_identification:_identify(src/lunabot_teleop) by extension 'ignore_ament_install'
[0.149s] Level 1:colcon.colcon_core.package_identification:_identify(src/lunabot_teleop) by extensions ['colcon_pkg']
[0.150s] Level 1:colcon.colcon_core.package_identification:_identify(src/lunabot_teleop) by extension 'colcon_pkg'
[0.150s] Level 1:colcon.colcon_core.package_identification:_identify(src/lunabot_teleop) by extensions ['colcon_meta']
[0.150s] Level 1:colcon.colcon_core.package_identification:_identify(src/lunabot_teleop) by extension 'colcon_meta'
[0.150s] Level 1:colcon.colcon_core.package_identification:_identify(src/lunabot_teleop) by extensions ['ros']
[0.150s] Level 1:colcon.colcon_core.package_identification:_identify(src/lunabot_teleop) by extension 'ros'
[0.150s] DEBUG:colcon.colcon_core.package_identification:Package 'src/lunabot_teleop' with type 'ros.ament_cmake' and name 'lunabot_teleop'
[0.150s] Level 1:colcon.colcon_core.package_identification:_identify(src/lunabot_test_teensy) by extensions ['ignore', 'ignore_ament_install']
[0.150s] Level 1:colcon.colcon_core.package_identification:_identify(src/lunabot_test_teensy) by extension 'ignore'
[0.150s] Level 1:colcon.colcon_core.package_identification:_identify(src/lunabot_test_teensy) by extension 'ignore_ament_install'
[0.150s] Level 1:colcon.colcon_core.package_identification:_identify(src/lunabot_test_teensy) by extensions ['colcon_pkg']
[0.150s] Level 1:colcon.colcon_core.package_identification:_identify(src/lunabot_test_teensy) by extension 'colcon_pkg'
[0.150s] Level 1:colcon.colcon_core.package_identification:_identify(src/lunabot_test_teensy) by extensions ['colcon_meta']
[0.150s] Level 1:colcon.colcon_core.package_identification:_identify(src/lunabot_test_teensy) by extension 'colcon_meta'
[0.150s] Level 1:colcon.colcon_core.package_identification:_identify(src/lunabot_test_teensy) by extensions ['ros']
[0.150s] Level 1:colcon.colcon_core.package_identification:_identify(src/lunabot_test_teensy) by extension 'ros'
[0.151s] DEBUG:colcon.colcon_core.package_identification:Package 'src/lunabot_test_teensy' with type 'ros.ament_cmake' and name 'lunabot_test_teensy'
[0.151s] Level 1:colcon.colcon_core.package_identification:_identify(src/micro_ros_setup) by extensions ['ignore', 'ignore_ament_install']
[0.151s] Level 1:colcon.colcon_core.package_identification:_identify(src/micro_ros_setup) by extension 'ignore'
[0.151s] Level 1:colcon.colcon_core.package_identification:_identify(src/micro_ros_setup) by extension 'ignore_ament_install'
[0.151s] Level 1:colcon.colcon_core.package_identification:_identify(src/micro_ros_setup) by extensions ['colcon_pkg']
[0.151s] Level 1:colcon.colcon_core.package_identification:_identify(src/micro_ros_setup) by extension 'colcon_pkg'
[0.151s] Level 1:colcon.colcon_core.package_identification:_identify(src/micro_ros_setup) by extensions ['colcon_meta']
[0.151s] Level 1:colcon.colcon_core.package_identification:_identify(src/micro_ros_setup) by extension 'colcon_meta'
[0.151s] Level 1:colcon.colcon_core.package_identification:_identify(src/micro_ros_setup) by extensions ['ros']
[0.151s] Level 1:colcon.colcon_core.package_identification:_identify(src/micro_ros_setup) by extension 'ros'
[0.152s] DEBUG:colcon.colcon_core.package_identification:Package 'src/micro_ros_setup' with type 'ros.ament_cmake' and name 'micro_ros_setup'
[0.152s] Level 1:colcon.colcon_core.package_identification:_identify(src/uros) by extensions ['ignore', 'ignore_ament_install']
[0.152s] Level 1:colcon.colcon_core.package_identification:_identify(src/uros) by extension 'ignore'
[0.152s] Level 1:colcon.colcon_core.package_identification:_identify(src/uros) by extension 'ignore_ament_install'
[0.152s] Level 1:colcon.colcon_core.package_identification:_identify(src/uros) by extensions ['colcon_pkg']
[0.152s] Level 1:colcon.colcon_core.package_identification:_identify(src/uros) by extension 'colcon_pkg'
[0.152s] Level 1:colcon.colcon_core.package_identification:_identify(src/uros) by extensions ['colcon_meta']
[0.152s] Level 1:colcon.colcon_core.package_identification:_identify(src/uros) by extension 'colcon_meta'
[0.152s] Level 1:colcon.colcon_core.package_identification:_identify(src/uros) by extensions ['ros']
[0.152s] Level 1:colcon.colcon_core.package_identification:_identify(src/uros) by extension 'ros'
[0.152s] Level 1:colcon.colcon_core.package_identification:_identify(src/uros) by extensions ['cmake', 'python']
[0.152s] Level 1:colcon.colcon_core.package_identification:_identify(src/uros) by extension 'cmake'
[0.152s] Level 1:colcon.colcon_core.package_identification:_identify(src/uros) by extension 'python'
[0.152s] Level 1:colcon.colcon_core.package_identification:_identify(src/uros) by extensions ['python_setup_py']
[0.152s] Level 1:colcon.colcon_core.package_identification:_identify(src/uros) by extension 'python_setup_py'
[0.152s] Level 1:colcon.colcon_core.package_identification:_identify(src/uros/drive_base) by extensions ['ignore', 'ignore_ament_install']
[0.152s] Level 1:colcon.colcon_core.package_identification:_identify(src/uros/drive_base) by extension 'ignore'
[0.152s] Level 1:colcon.colcon_core.package_identification:_identify(src/uros/drive_base) by extension 'ignore_ament_install'
[0.152s] Level 1:colcon.colcon_core.package_identification:_identify(src/uros/drive_base) by extensions ['colcon_pkg']
[0.152s] Level 1:colcon.colcon_core.package_identification:_identify(src/uros/drive_base) by extension 'colcon_pkg'
[0.153s] Level 1:colcon.colcon_core.package_identification:_identify(src/uros/drive_base) by extensions ['colcon_meta']
[0.153s] Level 1:colcon.colcon_core.package_identification:_identify(src/uros/drive_base) by extension 'colcon_meta'
[0.153s] Level 1:colcon.colcon_core.package_identification:_identify(src/uros/drive_base) by extensions ['ros']
[0.153s] Level 1:colcon.colcon_core.package_identification:_identify(src/uros/drive_base) by extension 'ros'
[0.153s] Level 1:colcon.colcon_core.package_identification:_identify(src/uros/drive_base) by extensions ['cmake', 'python']
[0.153s] Level 1:colcon.colcon_core.package_identification:_identify(src/uros/drive_base) by extension 'cmake'
[0.153s] Level 1:colcon.colcon_core.package_identification:_identify(src/uros/drive_base) by extension 'python'
[0.153s] Level 1:colcon.colcon_core.package_identification:_identify(src/uros/drive_base) by extensions ['python_setup_py']
[0.153s] Level 1:colcon.colcon_core.package_identification:_identify(src/uros/drive_base) by extension 'python_setup_py'
[0.153s] Level 1:colcon.colcon_core.package_identification:_identify(src/uros/drive_base/drive_base_msgs) by extensions ['ignore', 'ignore_ament_install']
[0.153s] Level 1:colcon.colcon_core.package_identification:_identify(src/uros/drive_base/drive_base_msgs) by extension 'ignore'
[0.153s] Level 1:colcon.colcon_core.package_identification:_identify(src/uros/drive_base/drive_base_msgs) by extension 'ignore_ament_install'
[0.153s] Level 1:colcon.colcon_core.package_identification:_identify(src/uros/drive_base/drive_base_msgs) by extensions ['colcon_pkg']
[0.153s] Level 1:colcon.colcon_core.package_identification:_identify(src/uros/drive_base/drive_base_msgs) by extension 'colcon_pkg'
[0.153s] Level 1:colcon.colcon_core.package_identification:_identify(src/uros/drive_base/drive_base_msgs) by extensions ['colcon_meta']
[0.153s] Level 1:colcon.colcon_core.package_identification:_identify(src/uros/drive_base/drive_base_msgs) by extension 'colcon_meta'
[0.153s] Level 1:colcon.colcon_core.package_identification:_identify(src/uros/drive_base/drive_base_msgs) by extensions ['ros']
[0.153s] Level 1:colcon.colcon_core.package_identification:_identify(src/uros/drive_base/drive_base_msgs) by extension 'ros'
[0.154s] DEBUG:colcon.colcon_core.package_identification:Package 'src/uros/drive_base/drive_base_msgs' with type 'ros.ament_cmake' and name 'drive_base_msgs'
[0.154s] Level 1:colcon.colcon_core.package_identification:_identify(src/uros/micro-ROS-Agent) by extensions ['ignore', 'ignore_ament_install']
[0.154s] Level 1:colcon.colcon_core.package_identification:_identify(src/uros/micro-ROS-Agent) by extension 'ignore'
[0.154s] Level 1:colcon.colcon_core.package_identification:_identify(src/uros/micro-ROS-Agent) by extension 'ignore_ament_install'
[0.154s] Level 1:colcon.colcon_core.package_identification:_identify(src/uros/micro-ROS-Agent) by extensions ['colcon_pkg']
[0.154s] Level 1:colcon.colcon_core.package_identification:_identify(src/uros/micro-ROS-Agent) by extension 'colcon_pkg'
[0.154s] Level 1:colcon.colcon_core.package_identification:_identify(src/uros/micro-ROS-Agent) by extensions ['colcon_meta']
[0.154s] Level 1:colcon.colcon_core.package_identification:_identify(src/uros/micro-ROS-Agent) by extension 'colcon_meta'
[0.154s] Level 1:colcon.colcon_core.package_identification:_identify(src/uros/micro-ROS-Agent) by extensions ['ros']
[0.154s] Level 1:colcon.colcon_core.package_identification:_identify(src/uros/micro-ROS-Agent) by extension 'ros'
[0.154s] Level 1:colcon.colcon_core.package_identification:_identify(src/uros/micro-ROS-Agent) by extensions ['cmake', 'python']
[0.154s] Level 1:colcon.colcon_core.package_identification:_identify(src/uros/micro-ROS-Agent) by extension 'cmake'
[0.154s] Level 1:colcon.colcon_core.package_identification:_identify(src/uros/micro-ROS-Agent) by extension 'python'
[0.154s] Level 1:colcon.colcon_core.package_identification:_identify(src/uros/micro-ROS-Agent) by extensions ['python_setup_py']
[0.154s] Level 1:colcon.colcon_core.package_identification:_identify(src/uros/micro-ROS-Agent) by extension 'python_setup_py'
[0.154s] Level 1:colcon.colcon_core.package_identification:_identify(src/uros/micro-ROS-Agent/micro_ros_agent) by extensions ['ignore', 'ignore_ament_install']
[0.154s] Level 1:colcon.colcon_core.package_identification:_identify(src/uros/micro-ROS-Agent/micro_ros_agent) by extension 'ignore'
[0.154s] Level 1:colcon.colcon_core.package_identification:_identify(src/uros/micro-ROS-Agent/micro_ros_agent) by extension 'ignore_ament_install'
[0.154s] Level 1:colcon.colcon_core.package_identification:_identify(src/uros/micro-ROS-Agent/micro_ros_agent) by extensions ['colcon_pkg']
[0.154s] Level 1:colcon.colcon_core.package_identification:_identify(src/uros/micro-ROS-Agent/micro_ros_agent) by extension 'colcon_pkg'
[0.155s] Level 1:colcon.colcon_core.package_identification:_identify(src/uros/micro-ROS-Agent/micro_ros_agent) by extensions ['colcon_meta']
[0.155s] Level 1:colcon.colcon_core.package_identification:_identify(src/uros/micro-ROS-Agent/micro_ros_agent) by extension 'colcon_meta'
[0.155s] Level 1:colcon.colcon_core.package_identification:_identify(src/uros/micro-ROS-Agent/micro_ros_agent) by extensions ['ros']
[0.155s] Level 1:colcon.colcon_core.package_identification:_identify(src/uros/micro-ROS-Agent/micro_ros_agent) by extension 'ros'
[0.155s] DEBUG:colcon.colcon_core.package_identification:Package 'src/uros/micro-ROS-Agent/micro_ros_agent' with type 'ros.ament_cmake' and name 'micro_ros_agent'
[0.155s] Level 1:colcon.colcon_core.package_identification:_identify(src/uros/micro-ROS-Agent/snap) by extensions ['ignore', 'ignore_ament_install']
[0.155s] Level 1:colcon.colcon_core.package_identification:_identify(src/uros/micro-ROS-Agent/snap) by extension 'ignore'
[0.155s] Level 1:colcon.colcon_core.package_identification:_identify(src/uros/micro-ROS-Agent/snap) by extension 'ignore_ament_install'
[0.155s] Level 1:colcon.colcon_core.package_identification:_identify(src/uros/micro-ROS-Agent/snap) by extensions ['colcon_pkg']
[0.155s] Level 1:colcon.colcon_core.package_identification:_identify(src/uros/micro-ROS-Agent/snap) by extension 'colcon_pkg'
[0.155s] Level 1:colcon.colcon_core.package_identification:_identify(src/uros/micro-ROS-Agent/snap) by extensions ['colcon_meta']
[0.156s] Level 1:colcon.colcon_core.package_identification:_identify(src/uros/micro-ROS-Agent/snap) by extension 'colcon_meta'
[0.156s] Level 1:colcon.colcon_core.package_identification:_identify(src/uros/micro-ROS-Agent/snap) by extensions ['ros']
[0.156s] Level 1:colcon.colcon_core.package_identification:_identify(src/uros/micro-ROS-Agent/snap) by extension 'ros'
[0.156s] Level 1:colcon.colcon_core.package_identification:_identify(src/uros/micro-ROS-Agent/snap) by extensions ['cmake', 'python']
[0.156s] Level 1:colcon.colcon_core.package_identification:_identify(src/uros/micro-ROS-Agent/snap) by extension 'cmake'
[0.156s] Level 1:colcon.colcon_core.package_identification:_identify(src/uros/micro-ROS-Agent/snap) by extension 'python'
[0.156s] Level 1:colcon.colcon_core.package_identification:_identify(src/uros/micro-ROS-Agent/snap) by extensions ['python_setup_py']
[0.156s] Level 1:colcon.colcon_core.package_identification:_identify(src/uros/micro-ROS-Agent/snap) by extension 'python_setup_py'
[0.156s] Level 1:colcon.colcon_core.package_identification:_identify(src/uros/micro-ROS-Agent/snap/hooks) by extensions ['ignore', 'ignore_ament_install']
[0.156s] Level 1:colcon.colcon_core.package_identification:_identify(src/uros/micro-ROS-Agent/snap/hooks) by extension 'ignore'
[0.156s] Level 1:colcon.colcon_core.package_identification:_identify(src/uros/micro-ROS-Agent/snap/hooks) by extension 'ignore_ament_install'
[0.156s] Level 1:colcon.colcon_core.package_identification:_identify(src/uros/micro-ROS-Agent/snap/hooks) by extensions ['colcon_pkg']
[0.156s] Level 1:colcon.colcon_core.package_identification:_identify(src/uros/micro-ROS-Agent/snap/hooks) by extension 'colcon_pkg'
[0.156s] Level 1:colcon.colcon_core.package_identification:_identify(src/uros/micro-ROS-Agent/snap/hooks) by extensions ['colcon_meta']
[0.156s] Level 1:colcon.colcon_core.package_identification:_identify(src/uros/micro-ROS-Agent/snap/hooks) by extension 'colcon_meta'
[0.156s] Level 1:colcon.colcon_core.package_identification:_identify(src/uros/micro-ROS-Agent/snap/hooks) by extensions ['ros']
[0.156s] Level 1:colcon.colcon_core.package_identification:_identify(src/uros/micro-ROS-Agent/snap/hooks) by extension 'ros'
[0.156s] Level 1:colcon.colcon_core.package_identification:_identify(src/uros/micro-ROS-Agent/snap/hooks) by extensions ['cmake', 'python']
[0.156s] Level 1:colcon.colcon_core.package_identification:_identify(src/uros/micro-ROS-Agent/snap/hooks) by extension 'cmake'
[0.156s] Level 1:colcon.colcon_core.package_identification:_identify(src/uros/micro-ROS-Agent/snap/hooks) by extension 'python'
[0.156s] Level 1:colcon.colcon_core.package_identification:_identify(src/uros/micro-ROS-Agent/snap/hooks) by extensions ['python_setup_py']
[0.156s] Level 1:colcon.colcon_core.package_identification:_identify(src/uros/micro-ROS-Agent/snap/hooks) by extension 'python_setup_py'
[0.156s] Level 1:colcon.colcon_core.package_identification:_identify(src/uros/micro-ROS-Agent/snap/local) by extensions ['ignore', 'ignore_ament_install']
[0.156s] Level 1:colcon.colcon_core.package_identification:_identify(src/uros/micro-ROS-Agent/snap/local) by extension 'ignore'
[0.157s] Level 1:colcon.colcon_core.package_identification:_identify(src/uros/micro-ROS-Agent/snap/local) by extension 'ignore_ament_install'
[0.157s] Level 1:colcon.colcon_core.package_identification:_identify(src/uros/micro-ROS-Agent/snap/local) by extensions ['colcon_pkg']
[0.157s] Level 1:colcon.colcon_core.package_identification:_identify(src/uros/micro-ROS-Agent/snap/local) by extension 'colcon_pkg'
[0.157s] Level 1:colcon.colcon_core.package_identification:_identify(src/uros/micro-ROS-Agent/snap/local) by extensions ['colcon_meta']
[0.157s] Level 1:colcon.colcon_core.package_identification:_identify(src/uros/micro-ROS-Agent/snap/local) by extension 'colcon_meta'
[0.157s] Level 1:colcon.colcon_core.package_identification:_identify(src/uros/micro-ROS-Agent/snap/local) by extensions ['ros']
[0.157s] Level 1:colcon.colcon_core.package_identification:_identify(src/uros/micro-ROS-Agent/snap/local) by extension 'ros'
[0.157s] Level 1:colcon.colcon_core.package_identification:_identify(src/uros/micro-ROS-Agent/snap/local) by extensions ['cmake', 'python']
[0.157s] Level 1:colcon.colcon_core.package_identification:_identify(src/uros/micro-ROS-Agent/snap/local) by extension 'cmake'
[0.157s] Level 1:colcon.colcon_core.package_identification:_identify(src/uros/micro-ROS-Agent/snap/local) by extension 'python'
[0.157s] Level 1:colcon.colcon_core.package_identification:_identify(src/uros/micro-ROS-Agent/snap/local) by extensions ['python_setup_py']
[0.157s] Level 1:colcon.colcon_core.package_identification:_identify(src/uros/micro-ROS-Agent/snap/local) by extension 'python_setup_py'
[0.157s] Level 1:colcon.colcon_core.package_identification:_identify(src/uros/micro_ros_msgs) by extensions ['ignore', 'ignore_ament_install']
[0.157s] Level 1:colcon.colcon_core.package_identification:_identify(src/uros/micro_ros_msgs) by extension 'ignore'
[0.157s] Level 1:colcon.colcon_core.package_identification:_identify(src/uros/micro_ros_msgs) by extension 'ignore_ament_install'
[0.157s] Level 1:colcon.colcon_core.package_identification:_identify(src/uros/micro_ros_msgs) by extensions ['colcon_pkg']
[0.157s] Level 1:colcon.colcon_core.package_identification:_identify(src/uros/micro_ros_msgs) by extension 'colcon_pkg'
[0.157s] Level 1:colcon.colcon_core.package_identification:_identify(src/uros/micro_ros_msgs) by extensions ['colcon_meta']
[0.157s] Level 1:colcon.colcon_core.package_identification:_identify(src/uros/micro_ros_msgs) by extension 'colcon_meta'
[0.157s] Level 1:colcon.colcon_core.package_identification:_identify(src/uros/micro_ros_msgs) by extensions ['ros']
[0.157s] Level 1:colcon.colcon_core.package_identification:_identify(src/uros/micro_ros_msgs) by extension 'ros'
[0.158s] DEBUG:colcon.colcon_core.package_identification:Package 'src/uros/micro_ros_msgs' with type 'ros.ament_cmake' and name 'micro_ros_msgs'
[0.158s] Level 1:colcon.colcon_core.package_discovery:discover_packages(recursive) using defaults
[0.158s] Level 1:colcon.colcon_core.package_discovery:discover_packages(ignore) discover
[0.158s] Level 1:colcon.colcon_core.package_discovery:discover_packages(ignore) using defaults
[0.158s] Level 1:colcon.colcon_core.package_discovery:discover_packages(path) discover
[0.158s] Level 1:colcon.colcon_core.package_discovery:discover_packages(path) using defaults
[0.174s] Level 1:colcon.colcon_core.package_discovery:discover_packages(prefix_path) check parameters
[0.174s] Level 1:colcon.colcon_core.package_discovery:discover_packages(prefix_path) discover
[0.176s] DEBUG:colcon.colcon_installed_package_information.package_discovery:Found 289 installed packages in /opt/ros/jazzy
[0.177s] Level 1:colcon.colcon_core.package_discovery:discover_packages(prefix_path) using defaults
[0.214s] Level 5:colcon.colcon_core.verb:set package 'drive_base_msgs' build argument 'cmake_args' from command line to 'None'
[0.214s] Level 5:colcon.colcon_core.verb:set package 'drive_base_msgs' build argument 'cmake_target' from command line to 'None'
[0.214s] Level 5:colcon.colcon_core.verb:set package 'drive_base_msgs' build argument 'cmake_target_skip_unavailable' from command line to 'False'
[0.214s] Level 5:colcon.colcon_core.verb:set package 'drive_base_msgs' build argument 'cmake_clean_cache' from command line to 'False'
[0.214s] Level 5:colcon.colcon_core.verb:set package 'drive_base_msgs' build argument 'cmake_clean_first' from command line to 'False'
[0.214s] Level 5:colcon.colcon_core.verb:set package 'drive_base_msgs' build argument 'cmake_force_configure' from command line to 'False'
[0.214s] Level 5:colcon.colcon_core.verb:set package 'drive_base_msgs' build argument 'ament_cmake_args' from command line to 'None'
[0.214s] Level 5:colcon.colcon_core.verb:set package 'drive_base_msgs' build argument 'catkin_cmake_args' from command line to 'None'
[0.214s] Level 5:colcon.colcon_core.verb:set package 'drive_base_msgs' build argument 'catkin_skip_building_tests' from command line to 'False'
[0.214s] DEBUG:colcon.colcon_core.verb:Building package 'drive_base_msgs' with the following arguments: {'ament_cmake_args': None, 'build_base': '/home/mars/Documents/Lunabotics25-26/lunabot_ws/build/drive_base_msgs', 'catkin_cmake_args': None, 'catkin_skip_building_tests': False, 'cmake_args': None, 'cmake_clean_cache': False, 'cmake_clean_first': False, 'cmake_force_configure': False, 'cmake_target': None, 'cmake_target_skip_unavailable': False, 'install_base': '/home/mars/Documents/Lunabotics25-26/lunabot_ws/install/drive_base_msgs', 'merge_install': False, 'path': '/home/mars/Documents/Lunabotics25-26/lunabot_ws/src/uros/drive_base/drive_base_msgs', 'symlink_install': False, 'test_result_base': None}
[0.215s] Level 5:colcon.colcon_core.verb:set package 'lunabot_hardware' build argument 'cmake_args' from command line to 'None'
[0.215s] Level 5:colcon.colcon_core.verb:set package 'lunabot_hardware' build argument 'cmake_target' from command line to 'None'
[0.215s] Level 5:colcon.colcon_core.verb:set package 'lunabot_hardware' build argument 'cmake_target_skip_unavailable' from command line to 'False'
[0.215s] Level 5:colcon.colcon_core.verb:set package 'lunabot_hardware' build argument 'cmake_clean_cache' from command line to 'False'
[0.215s] Level 5:colcon.colcon_core.verb:set package 'lunabot_hardware' build argument 'cmake_clean_first' from command line to 'False'
[0.215s] Level 5:colcon.colcon_core.verb:set package 'lunabot_hardware' build argument 'cmake_force_configure' from command line to 'False'
[0.215s] Level 5:colcon.colcon_core.verb:set package 'lunabot_hardware' build argument 'ament_cmake_args' from command line to 'None'
[0.215s] Level 5:colcon.colcon_core.verb:set package 'lunabot_hardware' build argument 'catkin_cmake_args' from command line to 'None'
[0.215s] Level 5:colcon.colcon_core.verb:set package 'lunabot_hardware' build argument 'catkin_skip_building_tests' from command line to 'False'
[0.215s] DEBUG:colcon.colcon_core.verb:Building package 'lunabot_hardware' with the following arguments: {'ament_cmake_args': None, 'build_base': '/home/mars/Documents/Lunabotics25-26/lunabot_ws/build/lunabot_hardware', 'catkin_cmake_args': None, 'catkin_skip_building_tests': False, 'cmake_args': None, 'cmake_clean_cache': False, 'cmake_clean_first': False, 'cmake_force_configure': False, 'cmake_target': None, 'cmake_target_skip_unavailable': False, 'install_base': '/home/mars/Documents/Lunabotics25-26/lunabot_ws/install/lunabot_hardware', 'merge_install': False, 'path': '/home/mars/Documents/Lunabotics25-26/lunabot_ws/src/lunabot_hardware', 'symlink_install': False, 'test_result_base': None}
[0.215s] Level 5:colcon.colcon_core.verb:set package 'lunabot_teleop' build argument 'cmake_args' from command line to 'None'
[0.215s] Level 5:colcon.colcon_core.verb:set package 'lunabot_teleop' build argument 'cmake_target' from command line to 'None'
[0.215s] Level 5:colcon.colcon_core.verb:set package 'lunabot_teleop' build argument 'cmake_target_skip_unavailable' from command line to 'False'
[0.215s] Level 5:colcon.colcon_core.verb:set package 'lunabot_teleop' build argument 'cmake_clean_cache' from command line to 'False'
[0.215s] Level 5:colcon.colcon_core.verb:set package 'lunabot_teleop' build argument 'cmake_clean_first' from command line to 'False'
[0.215s] Level 5:colcon.colcon_core.verb:set package 'lunabot_teleop' build argument 'cmake_force_configure' from command line to 'False'
[0.215s] Level 5:colcon.colcon_core.verb:set package 'lunabot_teleop' build argument 'ament_cmake_args' from command line to 'None'
[0.215s] Level 5:colcon.colcon_core.verb:set package 'lunabot_teleop' build argument 'catkin_cmake_args' from command line to 'None'
[0.215s] Level 5:colcon.colcon_core.verb:set package 'lunabot_teleop' build argument 'catkin_skip_building_tests' from command line to 'False'
[0.215s] DEBUG:colcon.colcon_core.verb:Building package 'lunabot_teleop' with the following arguments: {'ament_cmake_args': None, 'build_base': '/home/mars/Documents/Lunabotics25-26/lunabot_ws/build/lunabot_teleop', 'catkin_cmake_args': None, 'catkin_skip_building_tests': False, 'cmake_args': None, 'cmake_clean_cache': False, 'cmake_clean_first': False, 'cmake_force_configure': False, 'cmake_target': None, 'cmake_target_skip_unavailable': False, 'install_base': '/home/mars/Documents/Lunabotics25-26/lunabot_ws/install/lunabot_teleop', 'merge_install': False, 'path': '/home/mars/Documents/Lunabotics25-26/lunabot_ws/src/lunabot_teleop', 'symlink_install': False, 'test_result_base': None}
[0.215s] Level 5:colcon.colcon_core.verb:set package 'lunabot_test_teensy' build argument 'cmake_args' from command line to 'None'
[0.215s] Level 5:colcon.colcon_core.verb:set package 'lunabot_test_teensy' build argument 'cmake_target' from command line to 'None'
[0.215s] Level 5:colcon.colcon_core.verb:set package 'lunabot_test_teensy' build argument 'cmake_target_skip_unavailable' from command line to 'False'
[0.215s] Level 5:colcon.colcon_core.verb:set package 'lunabot_test_teensy' build argument 'cmake_clean_cache' from command line to 'False'
[0.215s] Level 5:colcon.colcon_core.verb:set package 'lunabot_test_teensy' build argument 'cmake_clean_first' from command line to 'False'
[0.216s] Level 5:colcon.colcon_core.verb:set package 'lunabot_test_teensy' build argument 'cmake_force_configure' from command line to 'False'
[0.216s] Level 5:colcon.colcon_core.verb:set package 'lunabot_test_teensy' build argument 'ament_cmake_args' from command line to 'None'
[0.216s] Level 5:colcon.colcon_core.verb:set package 'lunabot_test_teensy' build argument 'catkin_cmake_args' from command line to 'None'
[0.216s] Level 5:colcon.colcon_core.verb:set package 'lunabot_test_teensy' build argument 'catkin_skip_building_tests' from command line to 'False'
[0.216s] DEBUG:colcon.colcon_core.verb:Building package 'lunabot_test_teensy' with the following arguments: {'ament_cmake_args': None, 'build_base': '/home/mars/Documents/Lunabotics25-26/lunabot_ws/build/lunabot_test_teensy', 'catkin_cmake_args': None, 'catkin_skip_building_tests': False, 'cmake_args': None, 'cmake_clean_cache': False, 'cmake_clean_first': False, 'cmake_force_configure': False, 'cmake_target': None, 'cmake_target_skip_unavailable': False, 'install_base': '/home/mars/Documents/Lunabotics25-26/lunabot_ws/install/lunabot_test_teensy', 'merge_install': False, 'path': '/home/mars/Documents/Lunabotics25-26/lunabot_ws/src/lunabot_test_teensy', 'symlink_install': False, 'test_result_base': None}
[0.216s] Level 5:colcon.colcon_core.verb:set package 'micro_ros_msgs' build argument 'cmake_args' from command line to 'None'
[0.216s] Level 5:colcon.colcon_core.verb:set package 'micro_ros_msgs' build argument 'cmake_target' from command line to 'None'
[0.216s] Level 5:colcon.colcon_core.verb:set package 'micro_ros_msgs' build argument 'cmake_target_skip_unavailable' from command line to 'False'
[0.216s] Level 5:colcon.colcon_core.verb:set package 'micro_ros_msgs' build argument 'cmake_clean_cache' from command line to 'False'
[0.216s] Level 5:colcon.colcon_core.verb:set package 'micro_ros_msgs' build argument 'cmake_clean_first' from command line to 'False'
[0.216s] Level 5:colcon.colcon_core.verb:set package 'micro_ros_msgs' build argument 'cmake_force_configure' from command line to 'False'
[0.216s] Level 5:colcon.colcon_core.verb:set package 'micro_ros_msgs' build argument 'ament_cmake_args' from command line to 'None'
[0.216s] Level 5:colcon.colcon_core.verb:set package 'micro_ros_msgs' build argument 'catkin_cmake_args' from command line to 'None'
[0.216s] Level 5:colcon.colcon_core.verb:set package 'micro_ros_msgs' build argument 'catkin_skip_building_tests' from command line to 'False'
[0.216s] DEBUG:colcon.colcon_core.verb:Building package 'micro_ros_msgs' with the following arguments: {'ament_cmake_args': None, 'build_base': '/home/mars/Documents/Lunabotics25-26/lunabot_ws/build/micro_ros_msgs', 'catkin_cmake_args': None, 'catkin_skip_building_tests': False, 'cmake_args': None, 'cmake_clean_cache': False, 'cmake_clean_first': False, 'cmake_force_configure': False, 'cmake_target': None, 'cmake_target_skip_unavailable': False, 'install_base': '/home/mars/Documents/Lunabotics25-26/lunabot_ws/install/micro_ros_msgs', 'merge_install': False, 'path': '/home/mars/Documents/Lunabotics25-26/lunabot_ws/src/uros/micro_ros_msgs', 'symlink_install': False, 'test_result_base': None}
[0.216s] Level 5:colcon.colcon_core.verb:set package 'micro_ros_setup' build argument 'cmake_args' from command line to 'None'
[0.216s] Level 5:colcon.colcon_core.verb:set package 'micro_ros_setup' build argument 'cmake_target' from command line to 'None'
[0.216s] Level 5:colcon.colcon_core.verb:set package 'micro_ros_setup' build argument 'cmake_target_skip_unavailable' from command line to 'False'
[0.216s] Level 5:colcon.colcon_core.verb:set package 'micro_ros_setup' build argument 'cmake_clean_cache' from command line to 'False'
[0.216s] Level 5:colcon.colcon_core.verb:set package 'micro_ros_setup' build argument 'cmake_clean_first' from command line to 'False'
[0.216s] Level 5:colcon.colcon_core.verb:set package 'micro_ros_setup' build argument 'cmake_force_configure' from command line to 'False'
[0.216s] Level 5:colcon.colcon_core.verb:set package 'micro_ros_setup' build argument 'ament_cmake_args' from command line to 'None'
[0.216s] Level 5:colcon.colcon_core.verb:set package 'micro_ros_setup' build argument 'catkin_cmake_args' from command line to 'None'
[0.216s] Level 5:colcon.colcon_core.verb:set package 'micro_ros_setup' build argument 'catkin_skip_building_tests' from command line to 'False'
[0.216s] DEBUG:colcon.colcon_core.verb:Building package 'micro_ros_setup' with the following arguments: {'ament_cmake_args': None, 'build_base': '/home/mars/Documents/Lunabotics25-26/lunabot_ws/build/micro_ros_setup', 'catkin_cmake_args': None, 'catkin_skip_building_tests': False, 'cmake_args': None, 'cmake_clean_cache': False, 'cmake_clean_first': False, 'cmake_force_configure': False, 'cmake_target': None, 'cmake_target_skip_unavailable': False, 'install_base': '/home/mars/Documents/Lunabotics25-26/lunabot_ws/install/micro_ros_setup', 'merge_install': False, 'path': '/home/mars/Documents/Lunabotics25-26/lunabot_ws/src/micro_ros_setup', 'symlink_install': False, 'test_result_base': None}
[0.217s] Level 5:colcon.colcon_core.verb:set package 'micro_ros_agent' build argument 'cmake_args' from command line to 'None'
[0.217s] Level 5:colcon.colcon_core.verb:set package 'micro_ros_agent' build argument 'cmake_target' from command line to 'None'
[0.217s] Level 5:colcon.colcon_core.verb:set package 'micro_ros_agent' build argument 'cmake_target_skip_unavailable' from command line to 'False'
[0.217s] Level 5:colcon.colcon_core.verb:set package 'micro_ros_agent' build argument 'cmake_clean_cache' from command line to 'False'
[0.217s] Level 5:colcon.colcon_core.verb:set package 'micro_ros_agent' build argument 'cmake_clean_first' from command line to 'False'
[0.217s] Level 5:colcon.colcon_core.verb:set package 'micro_ros_agent' build argument 'cmake_force_configure' from command line to 'False'
[0.217s] Level 5:colcon.colcon_core.verb:set package 'micro_ros_agent' build argument 'ament_cmake_args' from command line to 'None'
[0.217s] Level 5:colcon.colcon_core.verb:set package 'micro_ros_agent' build argument 'catkin_cmake_args' from command line to 'None'
[0.217s] Level 5:colcon.colcon_core.verb:set package 'micro_ros_agent' build argument 'catkin_skip_building_tests' from command line to 'False'
[0.217s] DEBUG:colcon.colcon_core.verb:Building package 'micro_ros_agent' with the following arguments: {'ament_cmake_args': None, 'build_base': '/home/mars/Documents/Lunabotics25-26/lunabot_ws/build/micro_ros_agent', 'catkin_cmake_args': None, 'catkin_skip_building_tests': False, 'cmake_args': None, 'cmake_clean_cache': False, 'cmake_clean_first': False, 'cmake_force_configure': False, 'cmake_target': None, 'cmake_target_skip_unavailable': False, 'install_base': '/home/mars/Documents/Lunabotics25-26/lunabot_ws/install/micro_ros_agent', 'merge_install': False, 'path': '/home/mars/Documents/Lunabotics25-26/lunabot_ws/src/uros/micro-ROS-Agent/micro_ros_agent', 'symlink_install': False, 'test_result_base': None}
[0.217s] INFO:colcon.colcon_core.executor:Executing jobs using 'parallel' executor
[0.218s] DEBUG:colcon.colcon_parallel_executor.executor.parallel:run_until_complete
[0.218s] INFO:colcon.colcon_ros.task.ament_cmake.build:Building ROS package in '/home/mars/Documents/Lunabotics25-26/lunabot_ws/src/uros/micro_ros_msgs' with build type 'ament_cmake'
[0.218s] INFO:colcon.colcon_cmake.task.cmake.build:Building CMake package in '/home/mars/Documents/Lunabotics25-26/lunabot_ws/src/uros/micro_ros_msgs'
[0.221s] INFO:colcon.colcon_core.plugin_system:Skipping extension 'colcon_core.shell.bat': Not used on non-Windows systems
[0.221s] INFO:colcon.colcon_core.shell:Skip shell extension 'powershell' for command environment: Not usable outside of PowerShell
[0.221s] DEBUG:colcon.colcon_core.shell:Skip shell extension 'dsv' for command environment
[0.226s] INFO:colcon.colcon_ros.task.ament_cmake.build:Building ROS package in '/home/mars/Documents/Lunabotics25-26/lunabot_ws/src/uros/drive_base/drive_base_msgs' with build type 'ament_cmake'
[0.226s] INFO:colcon.colcon_cmake.task.cmake.build:Building CMake package in '/home/mars/Documents/Lunabotics25-26/lunabot_ws/src/uros/drive_base/drive_base_msgs'
[0.227s] INFO:colcon.colcon_core.shell:Skip shell extension 'powershell' for command environment: Not usable outside of PowerShell
[0.227s] DEBUG:colcon.colcon_core.shell:Skip shell extension 'dsv' for command environment
[0.230s] INFO:colcon.colcon_ros.task.ament_cmake.build:Building ROS package in '/home/mars/Documents/Lunabotics25-26/lunabot_ws/src/lunabot_hardware' with build type 'ament_cmake'
[0.230s] INFO:colcon.colcon_cmake.task.cmake.build:Building CMake package in '/home/mars/Documents/Lunabotics25-26/lunabot_ws/src/lunabot_hardware'
[0.230s] INFO:colcon.colcon_core.shell:Skip shell extension 'powershell' for command environment: Not usable outside of PowerShell
[0.230s] DEBUG:colcon.colcon_core.shell:Skip shell extension 'dsv' for command environment
[0.233s] INFO:colcon.colcon_ros.task.ament_cmake.build:Building ROS package in '/home/mars/Documents/Lunabotics25-26/lunabot_ws/src/lunabot_teleop' with build type 'ament_cmake'
[0.233s] INFO:colcon.colcon_cmake.task.cmake.build:Building CMake package in '/home/mars/Documents/Lunabotics25-26/lunabot_ws/src/lunabot_teleop'
[0.234s] INFO:colcon.colcon_core.shell:Skip shell extension 'powershell' for command environment: Not usable outside of PowerShell
[0.234s] DEBUG:colcon.colcon_core.shell:Skip shell extension 'dsv' for command environment
[0.240s] DEBUG:colcon.colcon_core.event_handler.log_command:Invoking command in '/home/mars/Documents/Lunabotics25-26/lunabot_ws/build/micro_ros_msgs': CMAKE_PREFIX_PATH=${CMAKE_PREFIX_PATH}:/opt/ros/jazzy DEBUGINFOD_URLS=https://debuginfod.ubuntu.com /usr/bin/cmake /home/mars/Documents/Lunabotics25-26/lunabot_ws/src/uros/micro_ros_msgs -DCMAKE_INSTALL_PREFIX=/home/mars/Documents/Lunabotics25-26/lunabot_ws/install/micro_ros_msgs
[0.242s] DEBUG:colcon.colcon_core.event_handler.log_command:Invoking command in '/home/mars/Documents/Lunabotics25-26/lunabot_ws/build/drive_base_msgs': CMAKE_PREFIX_PATH=${CMAKE_PREFIX_PATH}:/opt/ros/jazzy DEBUGINFOD_URLS=https://debuginfod.ubuntu.com /usr/bin/cmake /home/mars/Documents/Lunabotics25-26/lunabot_ws/src/uros/drive_base/drive_base_msgs -DCMAKE_INSTALL_PREFIX=/home/mars/Documents/Lunabotics25-26/lunabot_ws/install/drive_base_msgs
[0.246s] DEBUG:colcon.colcon_core.event_handler.log_command:Invoking command in '/home/mars/Documents/Lunabotics25-26/lunabot_ws/build/lunabot_hardware': CMAKE_PREFIX_PATH=${CMAKE_PREFIX_PATH}:/opt/ros/jazzy DEBUGINFOD_URLS=https://debuginfod.ubuntu.com /usr/bin/cmake --build /home/mars/Documents/Lunabotics25-26/lunabot_ws/build/lunabot_hardware -- -j4 -l4
[0.257s] DEBUG:colcon.colcon_core.event_handler.log_command:Invoking command in '/home/mars/Documents/Lunabotics25-26/lunabot_ws/build/lunabot_teleop': CMAKE_PREFIX_PATH=${CMAKE_PREFIX_PATH}:/opt/ros/jazzy DEBUGINFOD_URLS=https://debuginfod.ubuntu.com /usr/bin/cmake --build /home/mars/Documents/Lunabotics25-26/lunabot_ws/build/lunabot_teleop -- -j4 -l4
[0.305s] DEBUG:colcon.colcon_core.event_handler.log_command:Invoked command in '/home/mars/Documents/Lunabotics25-26/lunabot_ws/build/lunabot_hardware' returned '0': CMAKE_PREFIX_PATH=${CMAKE_PREFIX_PATH}:/opt/ros/jazzy DEBUGINFOD_URLS=https://debuginfod.ubuntu.com /usr/bin/cmake --build /home/mars/Documents/Lunabotics25-26/lunabot_ws/build/lunabot_hardware -- -j4 -l4
[0.319s] DEBUG:colcon.colcon_core.event_handler.log_command:Invoking command in '/home/mars/Documents/Lunabotics25-26/lunabot_ws/build/lunabot_hardware': CMAKE_PREFIX_PATH=${CMAKE_PREFIX_PATH}:/opt/ros/jazzy DEBUGINFOD_URLS=https://debuginfod.ubuntu.com /usr/bin/cmake --install /home/mars/Documents/Lunabotics25-26/lunabot_ws/build/lunabot_hardware
[0.322s] DEBUG:colcon.colcon_core.event_handler.log_command:Invoked command in '/home/mars/Documents/Lunabotics25-26/lunabot_ws/build/lunabot_teleop' returned '0': CMAKE_PREFIX_PATH=${CMAKE_PREFIX_PATH}:/opt/ros/jazzy DEBUGINFOD_URLS=https://debuginfod.ubuntu.com /usr/bin/cmake --build /home/mars/Documents/Lunabotics25-26/lunabot_ws/build/lunabot_teleop -- -j4 -l4
[0.323s] DEBUG:colcon.colcon_core.event_handler.log_command:Invoking command in '/home/mars/Documents/Lunabotics25-26/lunabot_ws/build/lunabot_teleop': CMAKE_PREFIX_PATH=${CMAKE_PREFIX_PATH}:/opt/ros/jazzy DEBUGINFOD_URLS=https://debuginfod.ubuntu.com /usr/bin/cmake --install /home/mars/Documents/Lunabotics25-26/lunabot_ws/build/lunabot_teleop
[0.332s] Level 1:colcon.colcon_core.environment:create_environment_scripts_only(lunabot_hardware)
[0.334s] DEBUG:colcon.colcon_core.event_handler.log_command:Invoked command in '/home/mars/Documents/Lunabotics25-26/lunabot_ws/build/lunabot_hardware' returned '0': CMAKE_PREFIX_PATH=${CMAKE_PREFIX_PATH}:/opt/ros/jazzy DEBUGINFOD_URLS=https://debuginfod.ubuntu.com /usr/bin/cmake --install /home/mars/Documents/Lunabotics25-26/lunabot_ws/build/lunabot_hardware
[0.335s] Level 1:colcon.colcon_core.environment:checking '/home/mars/Documents/Lunabotics25-26/lunabot_ws/install/lunabot_hardware' for CMake module files
[0.336s] Level 1:colcon.colcon_core.environment:checking '/home/mars/Documents/Lunabotics25-26/lunabot_ws/install/lunabot_hardware' for CMake config files
[0.336s] Level 1:colcon.colcon_core.shell:create_environment_hook('lunabot_hardware', 'cmake_prefix_path')
[0.336s] INFO:colcon.colcon_core.shell:Creating environment hook '/home/mars/Documents/Lunabotics25-26/lunabot_ws/install/lunabot_hardware/share/lunabot_hardware/hook/cmake_prefix_path.ps1'
[0.337s] INFO:colcon.colcon_core.shell:Creating environment descriptor '/home/mars/Documents/Lunabotics25-26/lunabot_ws/install/lunabot_hardware/share/lunabot_hardware/hook/cmake_prefix_path.dsv'
[0.337s] INFO:colcon.colcon_core.shell:Creating environment hook '/home/mars/Documents/Lunabotics25-26/lunabot_ws/install/lunabot_hardware/share/lunabot_hardware/hook/cmake_prefix_path.sh'
[0.339s] Level 1:colcon.colcon_core.environment:checking '/home/mars/Documents/Lunabotics25-26/lunabot_ws/install/lunabot_hardware/bin'
[0.340s] Level 1:colcon.colcon_core.environment:checking '/home/mars/Documents/Lunabotics25-26/lunabot_ws/install/lunabot_hardware/lib/pkgconfig/lunabot_hardware.pc'
[0.340s] Level 1:colcon.colcon_core.environment:checking '/home/mars/Documents/Lunabotics25-26/lunabot_ws/install/lunabot_hardware/lib/python3.12/site-packages'
[0.340s] Level 1:colcon.colcon_core.environment:checking '/home/mars/Documents/Lunabotics25-26/lunabot_ws/install/lunabot_hardware/bin'
[0.340s] INFO:colcon.colcon_core.shell:Creating package script '/home/mars/Documents/Lunabotics25-26/lunabot_ws/install/lunabot_hardware/share/lunabot_hardware/package.ps1'
[0.341s] INFO:colcon.colcon_core.shell:Creating package descriptor '/home/mars/Documents/Lunabotics25-26/lunabot_ws/install/lunabot_hardware/share/lunabot_hardware/package.dsv'
[0.342s] INFO:colcon.colcon_core.shell:Creating package script '/home/mars/Documents/Lunabotics25-26/lunabot_ws/install/lunabot_hardware/share/lunabot_hardware/package.sh'
[0.342s] INFO:colcon.colcon_core.shell:Creating package script '/home/mars/Documents/Lunabotics25-26/lunabot_ws/install/lunabot_hardware/share/lunabot_hardware/package.bash'
[0.343s] INFO:colcon.colcon_core.shell:Creating package script '/home/mars/Documents/Lunabotics25-26/lunabot_ws/install/lunabot_hardware/share/lunabot_hardware/package.zsh'
[0.343s] Level 1:colcon.colcon_core.environment:create_file_with_runtime_dependencies(/home/mars/Documents/Lunabotics25-26/lunabot_ws/install/lunabot_hardware/share/colcon-core/packages/lunabot_hardware)
[0.344s] Level 1:colcon.colcon_core.environment:create_environment_scripts_only(lunabot_hardware)
[0.344s] Level 1:colcon.colcon_core.environment:checking '/home/mars/Documents/Lunabotics25-26/lunabot_ws/install/lunabot_hardware' for CMake module files
[0.344s] Level 1:colcon.colcon_core.environment:checking '/home/mars/Documents/Lunabotics25-26/lunabot_ws/install/lunabot_hardware' for CMake config files
[0.344s] Level 1:colcon.colcon_core.shell:create_environment_hook('lunabot_hardware', 'cmake_prefix_path')
[0.345s] INFO:colcon.colcon_core.shell:Creating environment hook '/home/mars/Documents/Lunabotics25-26/lunabot_ws/install/lunabot_hardware/share/lunabot_hardware/hook/cmake_prefix_path.ps1'
[0.345s] INFO:colcon.colcon_core.shell:Creating environment descriptor '/home/mars/Documents/Lunabotics25-26/lunabot_ws/install/lunabot_hardware/share/lunabot_hardware/hook/cmake_prefix_path.dsv'
[0.345s] INFO:colcon.colcon_core.shell:Creating environment hook '/home/mars/Documents/Lunabotics25-26/lunabot_ws/install/lunabot_hardware/share/lunabot_hardware/hook/cmake_prefix_path.sh'
[0.346s] Level 1:colcon.colcon_core.environment:checking '/home/mars/Documents/Lunabotics25-26/lunabot_ws/install/lunabot_hardware/bin'
[0.347s] Level 1:colcon.colcon_core.environment:checking '/home/mars/Documents/Lunabotics25-26/lunabot_ws/install/lunabot_hardware/lib/pkgconfig/lunabot_hardware.pc'
[0.347s] Level 1:colcon.colcon_core.environment:checking '/home/mars/Documents/Lunabotics25-26/lunabot_ws/install/lunabot_hardware/lib/python3.12/site-packages'
[0.347s] Level 1:colcon.colcon_core.environment:checking '/home/mars/Documents/Lunabotics25-26/lunabot_ws/install/lunabot_hardware/bin'
[0.347s] INFO:colcon.colcon_core.shell:Creating package script '/home/mars/Documents/Lunabotics25-26/lunabot_ws/install/lunabot_hardware/share/lunabot_hardware/package.ps1'
[0.348s] INFO:colcon.colcon_core.shell:Creating package descriptor '/home/mars/Documents/Lunabotics25-26/lunabot_ws/install/lunabot_hardware/share/lunabot_hardware/package.dsv'
[0.348s] INFO:colcon.colcon_core.shell:Creating package script '/home/mars/Documents/Lunabotics25-26/lunabot_ws/install/lunabot_hardware/share/lunabot_hardware/package.sh'
[0.349s] INFO:colcon.colcon_core.shell:Creating package script '/home/mars/Documents/Lunabotics25-26/lunabot_ws/install/lunabot_hardware/share/lunabot_hardware/package.bash'
[0.349s] INFO:colcon.colcon_core.shell:Creating package script '/home/mars/Documents/Lunabotics25-26/lunabot_ws/install/lunabot_hardware/share/lunabot_hardware/package.zsh'
[0.350s] Level 1:colcon.colcon_core.environment:create_file_with_runtime_dependencies(/home/mars/Documents/Lunabotics25-26/lunabot_ws/install/lunabot_hardware/share/colcon-core/packages/lunabot_hardware)
[0.352s] INFO:colcon.colcon_ros.task.ament_cmake.build:Building ROS package in '/home/mars/Documents/Lunabotics25-26/lunabot_ws/src/lunabot_test_teensy' with build type 'ament_cmake'
[0.352s] INFO:colcon.colcon_cmake.task.cmake.build:Building CMake package in '/home/mars/Documents/Lunabotics25-26/lunabot_ws/src/lunabot_test_teensy'
[0.352s] INFO:colcon.colcon_core.shell:Skip shell extension 'powershell' for command environment: Not usable outside of PowerShell
[0.352s] DEBUG:colcon.colcon_core.shell:Skip shell extension 'dsv' for command environment
[0.362s] Level 1:colcon.colcon_core.environment:create_environment_scripts_only(lunabot_teleop)
[0.363s] DEBUG:colcon.colcon_core.event_handler.log_command:Invoked command in '/home/mars/Documents/Lunabotics25-26/lunabot_ws/build/lunabot_teleop' returned '0': CMAKE_PREFIX_PATH=${CMAKE_PREFIX_PATH}:/opt/ros/jazzy DEBUGINFOD_URLS=https://debuginfod.ubuntu.com /usr/bin/cmake --install /home/mars/Documents/Lunabotics25-26/lunabot_ws/build/lunabot_teleop
[0.365s] Level 1:colcon.colcon_core.environment:checking '/home/mars/Documents/Lunabotics25-26/lunabot_ws/install/lunabot_teleop' for CMake module files
[0.365s] Level 1:colcon.colcon_core.environment:checking '/home/mars/Documents/Lunabotics25-26/lunabot_ws/install/lunabot_teleop' for CMake config files
[0.366s] Level 1:colcon.colcon_core.shell:create_environment_hook('lunabot_teleop', 'cmake_prefix_path')
[0.366s] INFO:colcon.colcon_core.shell:Creating environment hook '/home/mars/Documents/Lunabotics25-26/lunabot_ws/install/lunabot_teleop/share/lunabot_teleop/hook/cmake_prefix_path.ps1'
[0.366s] INFO:colcon.colcon_core.shell:Creating environment descriptor '/home/mars/Documents/Lunabotics25-26/lunabot_ws/install/lunabot_teleop/share/lunabot_teleop/hook/cmake_prefix_path.dsv'
[0.367s] INFO:colcon.colcon_core.shell:Creating environment hook '/home/mars/Documents/Lunabotics25-26/lunabot_ws/install/lunabot_teleop/share/lunabot_teleop/hook/cmake_prefix_path.sh'
[0.367s] Level 1:colcon.colcon_core.environment:checking '/home/mars/Documents/Lunabotics25-26/lunabot_ws/install/lunabot_teleop/bin'
[0.367s] Level 1:colcon.colcon_core.environment:checking '/home/mars/Documents/Lunabotics25-26/lunabot_ws/install/lunabot_teleop/lib/pkgconfig/lunabot_teleop.pc'
[0.367s] Level 1:colcon.colcon_core.environment:checking '/home/mars/Documents/Lunabotics25-26/lunabot_ws/install/lunabot_teleop/lib/python3.12/site-packages'
[0.368s] Level 1:colcon.colcon_core.environment:checking '/home/mars/Documents/Lunabotics25-26/lunabot_ws/install/lunabot_teleop/bin'
[0.368s] INFO:colcon.colcon_core.shell:Creating package script '/home/mars/Documents/Lunabotics25-26/lunabot_ws/install/lunabot_teleop/share/lunabot_teleop/package.ps1'
[0.368s] INFO:colcon.colcon_core.shell:Creating package descriptor '/home/mars/Documents/Lunabotics25-26/lunabot_ws/install/lunabot_teleop/share/lunabot_teleop/package.dsv'
[0.369s] INFO:colcon.colcon_core.shell:Creating package script '/home/mars/Documents/Lunabotics25-26/lunabot_ws/install/lunabot_teleop/share/lunabot_teleop/package.sh'
[0.369s] INFO:colcon.colcon_core.shell:Creating package script '/home/mars/Documents/Lunabotics25-26/lunabot_ws/install/lunabot_teleop/share/lunabot_teleop/package.bash'
[0.370s] INFO:colcon.colcon_core.shell:Creating package script '/home/mars/Documents/Lunabotics25-26/lunabot_ws/install/lunabot_teleop/share/lunabot_teleop/package.zsh'
[0.370s] Level 1:colcon.colcon_core.environment:create_file_with_runtime_dependencies(/home/mars/Documents/Lunabotics25-26/lunabot_ws/install/lunabot_teleop/share/colcon-core/packages/lunabot_teleop)
[0.370s] Level 1:colcon.colcon_core.environment:create_environment_scripts_only(lunabot_teleop)
[0.370s] Level 1:colcon.colcon_core.environment:checking '/home/mars/Documents/Lunabotics25-26/lunabot_ws/install/lunabot_teleop' for CMake module files
[0.371s] Level 1:colcon.colcon_core.environment:checking '/home/mars/Documents/Lunabotics25-26/lunabot_ws/install/lunabot_teleop' for CMake config files
[0.371s] Level 1:colcon.colcon_core.shell:create_environment_hook('lunabot_teleop', 'cmake_prefix_path')
[0.371s] INFO:colcon.colcon_core.shell:Creating environment hook '/home/mars/Documents/Lunabotics25-26/lunabot_ws/install/lunabot_teleop/share/lunabot_teleop/hook/cmake_prefix_path.ps1'
[0.372s] INFO:colcon.colcon_core.shell:Creating environment descriptor '/home/mars/Documents/Lunabotics25-26/lunabot_ws/install/lunabot_teleop/share/lunabot_teleop/hook/cmake_prefix_path.dsv'
[0.372s] INFO:colcon.colcon_core.shell:Creating environment hook '/home/mars/Documents/Lunabotics25-26/lunabot_ws/install/lunabot_teleop/share/lunabot_teleop/hook/cmake_prefix_path.sh'
[0.372s] Level 1:colcon.colcon_core.environment:checking '/home/mars/Documents/Lunabotics25-26/lunabot_ws/install/lunabot_teleop/bin'
[0.372s] Level 1:colcon.colcon_core.environment:checking '/home/mars/Documents/Lunabotics25-26/lunabot_ws/install/lunabot_teleop/lib/pkgconfig/lunabot_teleop.pc'
[0.373s] Level 1:colcon.colcon_core.environment:checking '/home/mars/Documents/Lunabotics25-26/lunabot_ws/install/lunabot_teleop/lib/python3.12/site-packages'
[0.373s] Level 1:colcon.colcon_core.environment:checking '/home/mars/Documents/Lunabotics25-26/lunabot_ws/install/lunabot_teleop/bin'
[0.373s] INFO:colcon.colcon_core.shell:Creating package script '/home/mars/Documents/Lunabotics25-26/lunabot_ws/install/lunabot_teleop/share/lunabot_teleop/package.ps1'
[0.374s] INFO:colcon.colcon_core.shell:Creating package descriptor '/home/mars/Documents/Lunabotics25-26/lunabot_ws/install/lunabot_teleop/share/lunabot_teleop/package.dsv'
[0.374s] INFO:colcon.colcon_core.shell:Creating package script '/home/mars/Documents/Lunabotics25-26/lunabot_ws/install/lunabot_teleop/share/lunabot_teleop/package.sh'
[0.374s] INFO:colcon.colcon_core.shell:Creating package script '/home/mars/Documents/Lunabotics25-26/lunabot_ws/install/lunabot_teleop/share/lunabot_teleop/package.bash'
[0.375s] INFO:colcon.colcon_core.shell:Creating package script '/home/mars/Documents/Lunabotics25-26/lunabot_ws/install/lunabot_teleop/share/lunabot_teleop/package.zsh'
[0.375s] Level 1:colcon.colcon_core.environment:create_file_with_runtime_dependencies(/home/mars/Documents/Lunabotics25-26/lunabot_ws/install/lunabot_teleop/share/colcon-core/packages/lunabot_teleop)
[0.376s] INFO:colcon.colcon_ros.task.ament_cmake.build:Building ROS package in '/home/mars/Documents/Lunabotics25-26/lunabot_ws/src/micro_ros_setup' with build type 'ament_cmake'
[0.376s] INFO:colcon.colcon_cmake.task.cmake.build:Building CMake package in '/home/mars/Documents/Lunabotics25-26/lunabot_ws/src/micro_ros_setup'
[0.376s] INFO:colcon.colcon_core.shell:Skip shell extension 'powershell' for command environment: Not usable outside of PowerShell
[0.377s] DEBUG:colcon.colcon_core.shell:Skip shell extension 'dsv' for command environment
[0.385s] DEBUG:colcon.colcon_core.event_handler.log_command:Invoking command in '/home/mars/Documents/Lunabotics25-26/lunabot_ws/build/lunabot_test_teensy': CMAKE_PREFIX_PATH=${CMAKE_PREFIX_PATH}:/opt/ros/jazzy DEBUGINFOD_URLS=https://debuginfod.ubuntu.com /usr/bin/cmake /home/mars/Documents/Lunabotics25-26/lunabot_ws/src/lunabot_test_teensy -DCMAKE_INSTALL_PREFIX=/home/mars/Documents/Lunabotics25-26/lunabot_ws/install/lunabot_test_teensy
[0.391s] DEBUG:colcon.colcon_core.event_handler.log_command:Invoking command in '/home/mars/Documents/Lunabotics25-26/lunabot_ws/build/micro_ros_setup': CMAKE_PREFIX_PATH=${CMAKE_PREFIX_PATH}:/opt/ros/jazzy DEBUGINFOD_URLS=https://debuginfod.ubuntu.com /usr/bin/cmake --build /home/mars/Documents/Lunabotics25-26/lunabot_ws/build/micro_ros_setup -- -j4 -l4
[0.442s] DEBUG:colcon.colcon_core.event_handler.log_command:Invoked command in '/home/mars/Documents/Lunabotics25-26/lunabot_ws/build/micro_ros_setup' returned '0': CMAKE_PREFIX_PATH=${CMAKE_PREFIX_PATH}:/opt/ros/jazzy DEBUGINFOD_URLS=https://debuginfod.ubuntu.com /usr/bin/cmake --build /home/mars/Documents/Lunabotics25-26/lunabot_ws/build/micro_ros_setup -- -j4 -l4
[0.443s] DEBUG:colcon.colcon_core.event_handler.log_command:Invoking command in '/home/mars/Documents/Lunabotics25-26/lunabot_ws/build/micro_ros_setup': CMAKE_PREFIX_PATH=${CMAKE_PREFIX_PATH}:/opt/ros/jazzy DEBUGINFOD_URLS=https://debuginfod.ubuntu.com /usr/bin/cmake --install /home/mars/Documents/Lunabotics25-26/lunabot_ws/build/micro_ros_setup
[0.464s] Level 1:colcon.colcon_core.environment:create_environment_scripts_only(micro_ros_setup)
[0.464s] Level 1:colcon.colcon_core.environment:checking '/home/mars/Documents/Lunabotics25-26/lunabot_ws/install/micro_ros_setup' for CMake module files
[0.465s] Level 1:colcon.colcon_core.environment:checking '/home/mars/Documents/Lunabotics25-26/lunabot_ws/install/micro_ros_setup' for CMake config files
[0.465s] Level 1:colcon.colcon_core.shell:create_environment_hook('micro_ros_setup', 'cmake_prefix_path')
[0.465s] INFO:colcon.colcon_core.shell:Creating environment hook '/home/mars/Documents/Lunabotics25-26/lunabot_ws/install/micro_ros_setup/share/micro_ros_setup/hook/cmake_prefix_path.ps1'
[0.466s] INFO:colcon.colcon_core.shell:Creating environment descriptor '/home/mars/Documents/Lunabotics25-26/lunabot_ws/install/micro_ros_setup/share/micro_ros_setup/hook/cmake_prefix_path.dsv'
[0.466s] INFO:colcon.colcon_core.shell:Creating environment hook '/home/mars/Documents/Lunabotics25-26/lunabot_ws/install/micro_ros_setup/share/micro_ros_setup/hook/cmake_prefix_path.sh'
[0.470s] Level 1:colcon.colcon_core.environment:checking '/home/mars/Documents/Lunabotics25-26/lunabot_ws/install/micro_ros_setup/lib'
[0.470s] Level 1:colcon.colcon_core.environment:checking '/home/mars/Documents/Lunabotics25-26/lunabot_ws/install/micro_ros_setup/bin'
[0.470s] Level 1:colcon.colcon_core.environment:checking '/home/mars/Documents/Lunabotics25-26/lunabot_ws/install/micro_ros_setup/lib/pkgconfig/micro_ros_setup.pc'
[0.471s] Level 1:colcon.colcon_core.environment:checking '/home/mars/Documents/Lunabotics25-26/lunabot_ws/install/micro_ros_setup/lib/python3.12/site-packages'
[0.471s] Level 1:colcon.colcon_core.environment:checking '/home/mars/Documents/Lunabotics25-26/lunabot_ws/install/micro_ros_setup/bin'
[0.471s] INFO:colcon.colcon_core.shell:Creating package script '/home/mars/Documents/Lunabotics25-26/lunabot_ws/install/micro_ros_setup/share/micro_ros_setup/package.ps1'
[0.472s] INFO:colcon.colcon_core.shell:Creating package descriptor '/home/mars/Documents/Lunabotics25-26/lunabot_ws/install/micro_ros_setup/share/micro_ros_setup/package.dsv'
[0.474s] DEBUG:colcon.colcon_core.event_handler.log_command:Invoked command in '/home/mars/Documents/Lunabotics25-26/lunabot_ws/build/micro_ros_setup' returned '0': CMAKE_PREFIX_PATH=${CMAKE_PREFIX_PATH}:/opt/ros/jazzy DEBUGINFOD_URLS=https://debuginfod.ubuntu.com /usr/bin/cmake --install /home/mars/Documents/Lunabotics25-26/lunabot_ws/build/micro_ros_setup
[0.474s] INFO:colcon.colcon_core.shell:Creating package script '/home/mars/Documents/Lunabotics25-26/lunabot_ws/install/micro_ros_setup/share/micro_ros_setup/package.sh'
[0.474s] INFO:colcon.colcon_core.shell:Creating package script '/home/mars/Documents/Lunabotics25-26/lunabot_ws/install/micro_ros_setup/share/micro_ros_setup/package.bash'
[0.475s] INFO:colcon.colcon_core.shell:Creating package script '/home/mars/Documents/Lunabotics25-26/lunabot_ws/install/micro_ros_setup/share/micro_ros_setup/package.zsh'
[0.475s] Level 1:colcon.colcon_core.environment:create_file_with_runtime_dependencies(/home/mars/Documents/Lunabotics25-26/lunabot_ws/install/micro_ros_setup/share/colcon-core/packages/micro_ros_setup)
[0.475s] Level 1:colcon.colcon_core.environment:create_environment_scripts_only(micro_ros_setup)
[0.476s] Level 1:colcon.colcon_core.environment:checking '/home/mars/Documents/Lunabotics25-26/lunabot_ws/install/micro_ros_setup' for CMake module files
[0.476s] Level 1:colcon.colcon_core.environment:checking '/home/mars/Documents/Lunabotics25-26/lunabot_ws/install/micro_ros_setup' for CMake config files
[0.477s] Level 1:colcon.colcon_core.shell:create_environment_hook('micro_ros_setup', 'cmake_prefix_path')
[0.477s] INFO:colcon.colcon_core.shell:Creating environment hook '/home/mars/Documents/Lunabotics25-26/lunabot_ws/install/micro_ros_setup/share/micro_ros_setup/hook/cmake_prefix_path.ps1'
[0.477s] INFO:colcon.colcon_core.shell:Creating environment descriptor '/home/mars/Documents/Lunabotics25-26/lunabot_ws/install/micro_ros_setup/share/micro_ros_setup/hook/cmake_prefix_path.dsv'
[0.479s] INFO:colcon.colcon_core.shell:Creating environment hook '/home/mars/Documents/Lunabotics25-26/lunabot_ws/install/micro_ros_setup/share/micro_ros_setup/hook/cmake_prefix_path.sh'
[0.480s] Level 1:colcon.colcon_core.environment:checking '/home/mars/Documents/Lunabotics25-26/lunabot_ws/install/micro_ros_setup/lib'
[0.480s] Level 1:colcon.colcon_core.environment:checking '/home/mars/Documents/Lunabotics25-26/lunabot_ws/install/micro_ros_setup/bin'
[0.480s] Level 1:colcon.colcon_core.environment:checking '/home/mars/Documents/Lunabotics25-26/lunabot_ws/install/micro_ros_setup/lib/pkgconfig/micro_ros_setup.pc'
[0.480s] Level 1:colcon.colcon_core.environment:checking '/home/mars/Documents/Lunabotics25-26/lunabot_ws/install/micro_ros_setup/lib/python3.12/site-packages'
[0.480s] Level 1:colcon.colcon_core.environment:checking '/home/mars/Documents/Lunabotics25-26/lunabot_ws/install/micro_ros_setup/bin'
[0.480s] INFO:colcon.colcon_core.shell:Creating package script '/home/mars/Documents/Lunabotics25-26/lunabot_ws/install/micro_ros_setup/share/micro_ros_setup/package.ps1'
[0.481s] INFO:colcon.colcon_core.shell:Creating package descriptor '/home/mars/Documents/Lunabotics25-26/lunabot_ws/install/micro_ros_setup/share/micro_ros_setup/package.dsv'
[0.481s] INFO:colcon.colcon_core.shell:Creating package script '/home/mars/Documents/Lunabotics25-26/lunabot_ws/install/micro_ros_setup/share/micro_ros_setup/package.sh'
[0.482s] INFO:colcon.colcon_core.shell:Creating package script '/home/mars/Documents/Lunabotics25-26/lunabot_ws/install/micro_ros_setup/share/micro_ros_setup/package.bash'
[0.482s] INFO:colcon.colcon_core.shell:Creating package script '/home/mars/Documents/Lunabotics25-26/lunabot_ws/install/micro_ros_setup/share/micro_ros_setup/package.zsh'
[0.482s] Level 1:colcon.colcon_core.environment:create_file_with_runtime_dependencies(/home/mars/Documents/Lunabotics25-26/lunabot_ws/install/micro_ros_setup/share/colcon-core/packages/micro_ros_setup)
[1.239s] DEBUG:colcon.colcon_core.event_handler.log_command:Invoked command in '/home/mars/Documents/Lunabotics25-26/lunabot_ws/build/lunabot_test_teensy' returned '0': CMAKE_PREFIX_PATH=${CMAKE_PREFIX_PATH}:/opt/ros/jazzy DEBUGINFOD_URLS=https://debuginfod.ubuntu.com /usr/bin/cmake /home/mars/Documents/Lunabotics25-26/lunabot_ws/src/lunabot_test_teensy -DCMAKE_INSTALL_PREFIX=/home/mars/Documents/Lunabotics25-26/lunabot_ws/install/lunabot_test_teensy
[1.239s] DEBUG:colcon.colcon_core.event_handler.log_command:Invoking command in '/home/mars/Documents/Lunabotics25-26/lunabot_ws/build/lunabot_test_teensy': CMAKE_PREFIX_PATH=${CMAKE_PREFIX_PATH}:/opt/ros/jazzy DEBUGINFOD_URLS=https://debuginfod.ubuntu.com /usr/bin/cmake --build /home/mars/Documents/Lunabotics25-26/lunabot_ws/build/lunabot_test_teensy -- -j4 -l4
[1.278s] DEBUG:colcon.colcon_core.event_handler.log_command:Invoked command in '/home/mars/Documents/Lunabotics25-26/lunabot_ws/build/lunabot_test_teensy' returned '0': CMAKE_PREFIX_PATH=${CMAKE_PREFIX_PATH}:/opt/ros/jazzy DEBUGINFOD_URLS=https://debuginfod.ubuntu.com /usr/bin/cmake --build /home/mars/Documents/Lunabotics25-26/lunabot_ws/build/lunabot_test_teensy -- -j4 -l4
[1.278s] DEBUG:colcon.colcon_core.event_handler.log_command:Invoking command in '/home/mars/Documents/Lunabotics25-26/lunabot_ws/build/lunabot_test_teensy': CMAKE_PREFIX_PATH=${CMAKE_PREFIX_PATH}:/opt/ros/jazzy DEBUGINFOD_URLS=https://debuginfod.ubuntu.com /usr/bin/cmake --install /home/mars/Documents/Lunabotics25-26/lunabot_ws/build/lunabot_test_teensy
[1.288s] Level 1:colcon.colcon_core.environment:create_environment_scripts_only(lunabot_test_teensy)
[1.289s] DEBUG:colcon.colcon_core.event_handler.log_command:Invoked command in '/home/mars/Documents/Lunabotics25-26/lunabot_ws/build/lunabot_test_teensy' returned '0': CMAKE_PREFIX_PATH=${CMAKE_PREFIX_PATH}:/opt/ros/jazzy DEBUGINFOD_URLS=https://debuginfod.ubuntu.com /usr/bin/cmake --install /home/mars/Documents/Lunabotics25-26/lunabot_ws/build/lunabot_test_teensy
[1.289s] Level 1:colcon.colcon_core.environment:checking '/home/mars/Documents/Lunabotics25-26/lunabot_ws/install/lunabot_test_teensy' for CMake module files
[1.289s] Level 1:colcon.colcon_core.environment:checking '/home/mars/Documents/Lunabotics25-26/lunabot_ws/install/lunabot_test_teensy' for CMake config files
[1.290s] Level 1:colcon.colcon_core.shell:create_environment_hook('lunabot_test_teensy', 'cmake_prefix_path')
[1.290s] INFO:colcon.colcon_core.shell:Creating environment hook '/home/mars/Documents/Lunabotics25-26/lunabot_ws/install/lunabot_test_teensy/share/lunabot_test_teensy/hook/cmake_prefix_path.ps1'
[1.290s] INFO:colcon.colcon_core.shell:Creating environment descriptor '/home/mars/Documents/Lunabotics25-26/lunabot_ws/install/lunabot_test_teensy/share/lunabot_test_teensy/hook/cmake_prefix_path.dsv'
[1.291s] INFO:colcon.colcon_core.shell:Creating environment hook '/home/mars/Documents/Lunabotics25-26/lunabot_ws/install/lunabot_test_teensy/share/lunabot_test_teensy/hook/cmake_prefix_path.sh'
[1.291s] Level 1:colcon.colcon_core.environment:checking '/home/mars/Documents/Lunabotics25-26/lunabot_ws/install/lunabot_test_teensy/bin'
[1.291s] Level 1:colcon.colcon_core.environment:checking '/home/mars/Documents/Lunabotics25-26/lunabot_ws/install/lunabot_test_teensy/lib/pkgconfig/lunabot_test_teensy.pc'
[1.292s] Level 1:colcon.colcon_core.environment:checking '/home/mars/Documents/Lunabotics25-26/lunabot_ws/install/lunabot_test_teensy/lib/python3.12/site-packages'
[1.292s] Level 1:colcon.colcon_core.environment:checking '/home/mars/Documents/Lunabotics25-26/lunabot_ws/install/lunabot_test_teensy/bin'
[1.292s] INFO:colcon.colcon_core.shell:Creating package script '/home/mars/Documents/Lunabotics25-26/lunabot_ws/install/lunabot_test_teensy/share/lunabot_test_teensy/package.ps1'
[1.293s] INFO:colcon.colcon_core.shell:Creating package descriptor '/home/mars/Documents/Lunabotics25-26/lunabot_ws/install/lunabot_test_teensy/share/lunabot_test_teensy/package.dsv'
[1.293s] INFO:colcon.colcon_core.shell:Creating package script '/home/mars/Documents/Lunabotics25-26/lunabot_ws/install/lunabot_test_teensy/share/lunabot_test_teensy/package.sh'
[1.294s] INFO:colcon.colcon_core.shell:Creating package script '/home/mars/Documents/Lunabotics25-26/lunabot_ws/install/lunabot_test_teensy/share/lunabot_test_teensy/package.bash'
[1.294s] INFO:colcon.colcon_core.shell:Creating package script '/home/mars/Documents/Lunabotics25-26/lunabot_ws/install/lunabot_test_teensy/share/lunabot_test_teensy/package.zsh'
[1.295s] Level 1:colcon.colcon_core.environment:create_file_with_runtime_dependencies(/home/mars/Documents/Lunabotics25-26/lunabot_ws/install/lunabot_test_teensy/share/colcon-core/packages/lunabot_test_teensy)
[1.295s] Level 1:colcon.colcon_core.environment:create_environment_scripts_only(lunabot_test_teensy)
[1.295s] Level 1:colcon.colcon_core.environment:checking '/home/mars/Documents/Lunabotics25-26/lunabot_ws/install/lunabot_test_teensy' for CMake module files
[1.296s] Level 1:colcon.colcon_core.environment:checking '/home/mars/Documents/Lunabotics25-26/lunabot_ws/install/lunabot_test_teensy' for CMake config files
[1.296s] Level 1:colcon.colcon_core.shell:create_environment_hook('lunabot_test_teensy', 'cmake_prefix_path')
[1.296s] INFO:colcon.colcon_core.shell:Creating environment hook '/home/mars/Documents/Lunabotics25-26/lunabot_ws/install/lunabot_test_teensy/share/lunabot_test_teensy/hook/cmake_prefix_path.ps1'
[1.297s] INFO:colcon.colcon_core.shell:Creating environment descriptor '/home/mars/Documents/Lunabotics25-26/lunabot_ws/install/lunabot_test_teensy/share/lunabot_test_teensy/hook/cmake_prefix_path.dsv'
[1.297s] INFO:colcon.colcon_core.shell:Creating environment hook '/home/mars/Documents/Lunabotics25-26/lunabot_ws/install/lunabot_test_teensy/share/lunabot_test_teensy/hook/cmake_prefix_path.sh'
[1.298s] Level 1:colcon.colcon_core.environment:checking '/home/mars/Documents/Lunabotics25-26/lunabot_ws/install/lunabot_test_teensy/bin'
[1.298s] Level 1:colcon.colcon_core.environment:checking '/home/mars/Documents/Lunabotics25-26/lunabot_ws/install/lunabot_test_teensy/lib/pkgconfig/lunabot_test_teensy.pc'
[1.298s] Level 1:colcon.colcon_core.environment:checking '/home/mars/Documents/Lunabotics25-26/lunabot_ws/install/lunabot_test_teensy/lib/python3.12/site-packages'
[1.299s] Level 1:colcon.colcon_core.environment:checking '/home/mars/Documents/Lunabotics25-26/lunabot_ws/install/lunabot_test_teensy/bin'
[1.299s] INFO:colcon.colcon_core.shell:Creating package script '/home/mars/Documents/Lunabotics25-26/lunabot_ws/install/lunabot_test_teensy/share/lunabot_test_teensy/package.ps1'
[1.300s] INFO:colcon.colcon_core.shell:Creating package descriptor '/home/mars/Documents/Lunabotics25-26/lunabot_ws/install/lunabot_test_teensy/share/lunabot_test_teensy/package.dsv'
[1.300s] INFO:colcon.colcon_core.shell:Creating package script '/home/mars/Documents/Lunabotics25-26/lunabot_ws/install/lunabot_test_teensy/share/lunabot_test_teensy/package.sh'
[1.301s] INFO:colcon.colcon_core.shell:Creating package script '/home/mars/Documents/Lunabotics25-26/lunabot_ws/install/lunabot_test_teensy/share/lunabot_test_teensy/package.bash'
[1.301s] INFO:colcon.colcon_core.shell:Creating package script '/home/mars/Documents/Lunabotics25-26/lunabot_ws/install/lunabot_test_teensy/share/lunabot_test_teensy/package.zsh'
[1.302s] Level 1:colcon.colcon_core.environment:create_file_with_runtime_dependencies(/home/mars/Documents/Lunabotics25-26/lunabot_ws/install/lunabot_test_teensy/share/colcon-core/packages/lunabot_test_teensy)
[1.444s] DEBUG:colcon.colcon_core.event_handler.log_command:Invoked command in '/home/mars/Documents/Lunabotics25-26/lunabot_ws/build/micro_ros_msgs' returned '0': CMAKE_PREFIX_PATH=${CMAKE_PREFIX_PATH}:/opt/ros/jazzy DEBUGINFOD_URLS=https://debuginfod.ubuntu.com /usr/bin/cmake /home/mars/Documents/Lunabotics25-26/lunabot_ws/src/uros/micro_ros_msgs -DCMAKE_INSTALL_PREFIX=/home/mars/Documents/Lunabotics25-26/lunabot_ws/install/micro_ros_msgs
[1.445s] DEBUG:colcon.colcon_core.event_handler.log_command:Invoking command in '/home/mars/Documents/Lunabotics25-26/lunabot_ws/build/micro_ros_msgs': CMAKE_PREFIX_PATH=${CMAKE_PREFIX_PATH}:/opt/ros/jazzy DEBUGINFOD_URLS=https://debuginfod.ubuntu.com /usr/bin/cmake --build /home/mars/Documents/Lunabotics25-26/lunabot_ws/build/micro_ros_msgs -- -j4 -l4
[1.908s] DEBUG:colcon.colcon_core.event_handler.log_command:Invoked command in '/home/mars/Documents/Lunabotics25-26/lunabot_ws/build/micro_ros_msgs' returned '0': CMAKE_PREFIX_PATH=${CMAKE_PREFIX_PATH}:/opt/ros/jazzy DEBUGINFOD_URLS=https://debuginfod.ubuntu.com /usr/bin/cmake --build /home/mars/Documents/Lunabotics25-26/lunabot_ws/build/micro_ros_msgs -- -j4 -l4
[1.908s] DEBUG:colcon.colcon_core.event_handler.log_command:Invoking command in '/home/mars/Documents/Lunabotics25-26/lunabot_ws/build/micro_ros_msgs': CMAKE_PREFIX_PATH=${CMAKE_PREFIX_PATH}:/opt/ros/jazzy DEBUGINFOD_URLS=https://debuginfod.ubuntu.com /usr/bin/cmake --install /home/mars/Documents/Lunabotics25-26/lunabot_ws/build/micro_ros_msgs
[1.967s] Level 1:colcon.colcon_core.environment:create_environment_scripts_only(micro_ros_msgs)
[1.968s] Level 1:colcon.colcon_core.environment:checking '/home/mars/Documents/Lunabotics25-26/lunabot_ws/install/micro_ros_msgs' for CMake module files
[1.968s] Level 1:colcon.colcon_core.environment:checking '/home/mars/Documents/Lunabotics25-26/lunabot_ws/install/micro_ros_msgs' for CMake config files
[1.969s] Level 1:colcon.colcon_core.shell:create_environment_hook('micro_ros_msgs', 'cmake_prefix_path')
[1.969s] INFO:colcon.colcon_core.shell:Creating environment hook '/home/mars/Documents/Lunabotics25-26/lunabot_ws/install/micro_ros_msgs/share/micro_ros_msgs/hook/cmake_prefix_path.ps1'
[1.969s] INFO:colcon.colcon_core.shell:Creating environment descriptor '/home/mars/Documents/Lunabotics25-26/lunabot_ws/install/micro_ros_msgs/share/micro_ros_msgs/hook/cmake_prefix_path.dsv'
[1.970s] INFO:colcon.colcon_core.shell:Creating environment hook '/home/mars/Documents/Lunabotics25-26/lunabot_ws/install/micro_ros_msgs/share/micro_ros_msgs/hook/cmake_prefix_path.sh'
[1.970s] DEBUG:colcon.colcon_core.event_handler.log_command:Invoked command in '/home/mars/Documents/Lunabotics25-26/lunabot_ws/build/micro_ros_msgs' returned '0': CMAKE_PREFIX_PATH=${CMAKE_PREFIX_PATH}:/opt/ros/jazzy DEBUGINFOD_URLS=https://debuginfod.ubuntu.com /usr/bin/cmake --install /home/mars/Documents/Lunabotics25-26/lunabot_ws/build/micro_ros_msgs
[1.971s] Level 1:colcon.colcon_core.environment:checking '/home/mars/Documents/Lunabotics25-26/lunabot_ws/install/micro_ros_msgs/lib'
[1.971s] Level 1:colcon.colcon_core.shell:create_environment_hook('micro_ros_msgs', 'ld_library_path_lib')
[1.971s] INFO:colcon.colcon_core.shell:Creating environment hook '/home/mars/Documents/Lunabotics25-26/lunabot_ws/install/micro_ros_msgs/share/micro_ros_msgs/hook/ld_library_path_lib.ps1'
[1.971s] INFO:colcon.colcon_core.shell:Creating environment descriptor '/home/mars/Documents/Lunabotics25-26/lunabot_ws/install/micro_ros_msgs/share/micro_ros_msgs/hook/ld_library_path_lib.dsv'
[1.972s] INFO:colcon.colcon_core.shell:Creating environment hook '/home/mars/Documents/Lunabotics25-26/lunabot_ws/install/micro_ros_msgs/share/micro_ros_msgs/hook/ld_library_path_lib.sh'
[1.972s] Level 1:colcon.colcon_core.environment:checking '/home/mars/Documents/Lunabotics25-26/lunabot_ws/install/micro_ros_msgs/bin'
[1.972s] Level 1:colcon.colcon_core.environment:checking '/home/mars/Documents/Lunabotics25-26/lunabot_ws/install/micro_ros_msgs/lib/pkgconfig/micro_ros_msgs.pc'
[1.972s] Level 1:colcon.colcon_core.environment:checking '/home/mars/Documents/Lunabotics25-26/lunabot_ws/install/micro_ros_msgs/lib/python3.12/site-packages'
[1.972s] Level 1:colcon.colcon_core.shell:create_environment_hook('micro_ros_msgs', 'pythonpath')
[1.972s] INFO:colcon.colcon_core.shell:Creating environment hook '/home/mars/Documents/Lunabotics25-26/lunabot_ws/install/micro_ros_msgs/share/micro_ros_msgs/hook/pythonpath.ps1'
[1.973s] INFO:colcon.colcon_core.shell:Creating environment descriptor '/home/mars/Documents/Lunabotics25-26/lunabot_ws/install/micro_ros_msgs/share/micro_ros_msgs/hook/pythonpath.dsv'
[1.973s] INFO:colcon.colcon_core.shell:Creating environment hook '/home/mars/Documents/Lunabotics25-26/lunabot_ws/install/micro_ros_msgs/share/micro_ros_msgs/hook/pythonpath.sh'
[1.974s] Level 1:colcon.colcon_core.environment:checking '/home/mars/Documents/Lunabotics25-26/lunabot_ws/install/micro_ros_msgs/bin'
[1.974s] INFO:colcon.colcon_core.shell:Creating package script '/home/mars/Documents/Lunabotics25-26/lunabot_ws/install/micro_ros_msgs/share/micro_ros_msgs/package.ps1'
[1.974s] INFO:colcon.colcon_core.shell:Creating package descriptor '/home/mars/Documents/Lunabotics25-26/lunabot_ws/install/micro_ros_msgs/share/micro_ros_msgs/package.dsv'
[1.975s] INFO:colcon.colcon_core.shell:Creating package script '/home/mars/Documents/Lunabotics25-26/lunabot_ws/install/micro_ros_msgs/share/micro_ros_msgs/package.sh'
[1.975s] INFO:colcon.colcon_core.shell:Creating package script '/home/mars/Documents/Lunabotics25-26/lunabot_ws/install/micro_ros_msgs/share/micro_ros_msgs/package.bash'
[1.976s] INFO:colcon.colcon_core.shell:Creating package script '/home/mars/Documents/Lunabotics25-26/lunabot_ws/install/micro_ros_msgs/share/micro_ros_msgs/package.zsh'
[1.976s] Level 1:colcon.colcon_core.environment:create_file_with_runtime_dependencies(/home/mars/Documents/Lunabotics25-26/lunabot_ws/install/micro_ros_msgs/share/colcon-core/packages/micro_ros_msgs)
[1.976s] Level 1:colcon.colcon_core.environment:create_environment_scripts_only(micro_ros_msgs)
[1.976s] Level 1:colcon.colcon_core.environment:checking '/home/mars/Documents/Lunabotics25-26/lunabot_ws/install/micro_ros_msgs' for CMake module files
[1.977s] Level 1:colcon.colcon_core.environment:checking '/home/mars/Documents/Lunabotics25-26/lunabot_ws/install/micro_ros_msgs' for CMake config files
[1.977s] Level 1:colcon.colcon_core.shell:create_environment_hook('micro_ros_msgs', 'cmake_prefix_path')
[1.977s] INFO:colcon.colcon_core.shell:Creating environment hook '/home/mars/Documents/Lunabotics25-26/lunabot_ws/install/micro_ros_msgs/share/micro_ros_msgs/hook/cmake_prefix_path.ps1'
[1.978s] INFO:colcon.colcon_core.shell:Creating environment descriptor '/home/mars/Documents/Lunabotics25-26/lunabot_ws/install/micro_ros_msgs/share/micro_ros_msgs/hook/cmake_prefix_path.dsv'
[1.978s] INFO:colcon.colcon_core.shell:Creating environment hook '/home/mars/Documents/Lunabotics25-26/lunabot_ws/install/micro_ros_msgs/share/micro_ros_msgs/hook/cmake_prefix_path.sh'
[1.978s] Level 1:colcon.colcon_core.environment:checking '/home/mars/Documents/Lunabotics25-26/lunabot_ws/install/micro_ros_msgs/lib'
[1.978s] Level 1:colcon.colcon_core.shell:create_environment_hook('micro_ros_msgs', 'ld_library_path_lib')
[1.979s] INFO:colcon.colcon_core.shell:Creating environment hook '/home/mars/Documents/Lunabotics25-26/lunabot_ws/install/micro_ros_msgs/share/micro_ros_msgs/hook/ld_library_path_lib.ps1'
[1.979s] INFO:colcon.colcon_core.shell:Creating environment descriptor '/home/mars/Documents/Lunabotics25-26/lunabot_ws/install/micro_ros_msgs/share/micro_ros_msgs/hook/ld_library_path_lib.dsv'
[1.979s] INFO:colcon.colcon_core.shell:Creating environment hook '/home/mars/Documents/Lunabotics25-26/lunabot_ws/install/micro_ros_msgs/share/micro_ros_msgs/hook/ld_library_path_lib.sh'
[1.980s] Level 1:colcon.colcon_core.environment:checking '/home/mars/Documents/Lunabotics25-26/lunabot_ws/install/micro_ros_msgs/bin'
[1.980s] Level 1:colcon.colcon_core.environment:checking '/home/mars/Documents/Lunabotics25-26/lunabot_ws/install/micro_ros_msgs/lib/pkgconfig/micro_ros_msgs.pc'
[1.980s] Level 1:colcon.colcon_core.environment:checking '/home/mars/Documents/Lunabotics25-26/lunabot_ws/install/micro_ros_msgs/lib/python3.12/site-packages'
[1.980s] Level 1:colcon.colcon_core.shell:create_environment_hook('micro_ros_msgs', 'pythonpath')
[1.980s] INFO:colcon.colcon_core.shell:Creating environment hook '/home/mars/Documents/Lunabotics25-26/lunabot_ws/install/micro_ros_msgs/share/micro_ros_msgs/hook/pythonpath.ps1'
[1.980s] INFO:colcon.colcon_core.shell:Creating environment descriptor '/home/mars/Documents/Lunabotics25-26/lunabot_ws/install/micro_ros_msgs/share/micro_ros_msgs/hook/pythonpath.dsv'
[1.981s] INFO:colcon.colcon_core.shell:Creating environment hook '/home/mars/Documents/Lunabotics25-26/lunabot_ws/install/micro_ros_msgs/share/micro_ros_msgs/hook/pythonpath.sh'
[1.981s] Level 1:colcon.colcon_core.environment:checking '/home/mars/Documents/Lunabotics25-26/lunabot_ws/install/micro_ros_msgs/bin'
[1.981s] INFO:colcon.colcon_core.shell:Creating package script '/home/mars/Documents/Lunabotics25-26/lunabot_ws/install/micro_ros_msgs/share/micro_ros_msgs/package.ps1'
[1.982s] INFO:colcon.colcon_core.shell:Creating package descriptor '/home/mars/Documents/Lunabotics25-26/lunabot_ws/install/micro_ros_msgs/share/micro_ros_msgs/package.dsv'
[1.982s] INFO:colcon.colcon_core.shell:Creating package script '/home/mars/Documents/Lunabotics25-26/lunabot_ws/install/micro_ros_msgs/share/micro_ros_msgs/package.sh'
[1.983s] INFO:colcon.colcon_core.shell:Creating package script '/home/mars/Documents/Lunabotics25-26/lunabot_ws/install/micro_ros_msgs/share/micro_ros_msgs/package.bash'
[1.983s] INFO:colcon.colcon_core.shell:Creating package script '/home/mars/Documents/Lunabotics25-26/lunabot_ws/install/micro_ros_msgs/share/micro_ros_msgs/package.zsh'
[1.983s] Level 1:colcon.colcon_core.environment:create_file_with_runtime_dependencies(/home/mars/Documents/Lunabotics25-26/lunabot_ws/install/micro_ros_msgs/share/colcon-core/packages/micro_ros_msgs)
[1.983s] INFO:colcon.colcon_ros.task.ament_cmake.build:Building ROS package in '/home/mars/Documents/Lunabotics25-26/lunabot_ws/src/uros/micro-ROS-Agent/micro_ros_agent' with build type 'ament_cmake'
[1.984s] INFO:colcon.colcon_cmake.task.cmake.build:Building CMake package in '/home/mars/Documents/Lunabotics25-26/lunabot_ws/src/uros/micro-ROS-Agent/micro_ros_agent'
[1.984s] INFO:colcon.colcon_core.shell:Skip shell extension 'powershell' for command environment: Not usable outside of PowerShell
[1.986s] DEBUG:colcon.colcon_core.shell:Skip shell extension 'dsv' for command environment
[1.994s] DEBUG:colcon.colcon_core.event_handler.log_command:Invoking command in '/home/mars/Documents/Lunabotics25-26/lunabot_ws/build/micro_ros_agent': AMENT_PREFIX_PATH=/home/mars/Documents/Lunabotics25-26/lunabot_ws/install/micro_ros_msgs:${AMENT_PREFIX_PATH} CMAKE_PREFIX_PATH=/home/mars/Documents/Lunabotics25-26/lunabot_ws/install/micro_ros_msgs:/opt/ros/jazzy/opt/gz_math_vendor:/opt/ros/jazzy/opt/gz_utils_vendor:/opt/ros/jazzy/opt/gz_cmake_vendor:/opt/ros/jazzy DEBUGINFOD_URLS=https://debuginfod.ubuntu.com LD_LIBRARY_PATH=/home/mars/Documents/Lunabotics25-26/lunabot_ws/install/micro_ros_msgs/lib:${LD_LIBRARY_PATH} PYTHONPATH=/home/mars/Documents/Lunabotics25-26/lunabot_ws/install/micro_ros_msgs/lib/python3.12/site-packages:${PYTHONPATH} /usr/bin/cmake /home/mars/Documents/Lunabotics25-26/lunabot_ws/src/uros/micro-ROS-Agent/micro_ros_agent -DCMAKE_INSTALL_PREFIX=/home/mars/Documents/Lunabotics25-26/lunabot_ws/install/micro_ros_agent
[2.478s] DEBUG:colcon.colcon_core.event_handler.log_command:Invoked command in '/home/mars/Documents/Lunabotics25-26/lunabot_ws/build/micro_ros_agent' returned '0': AMENT_PREFIX_PATH=/home/mars/Documents/Lunabotics25-26/lunabot_ws/install/micro_ros_msgs:${AMENT_PREFIX_PATH} CMAKE_PREFIX_PATH=/home/mars/Documents/Lunabotics25-26/lunabot_ws/install/micro_ros_msgs:/opt/ros/jazzy/opt/gz_math_vendor:/opt/ros/jazzy/opt/gz_utils_vendor:/opt/ros/jazzy/opt/gz_cmake_vendor:/opt/ros/jazzy DEBUGINFOD_URLS=https://debuginfod.ubuntu.com LD_LIBRARY_PATH=/home/mars/Documents/Lunabotics25-26/lunabot_ws/install/micro_ros_msgs/lib:${LD_LIBRARY_PATH} PYTHONPATH=/home/mars/Documents/Lunabotics25-26/lunabot_ws/install/micro_ros_msgs/lib/python3.12/site-packages:${PYTHONPATH} /usr/bin/cmake /home/mars/Documents/Lunabotics25-26/lunabot_ws/src/uros/micro-ROS-Agent/micro_ros_agent -DCMAKE_INSTALL_PREFIX=/home/mars/Documents/Lunabotics25-26/lunabot_ws/install/micro_ros_agent
[2.480s] DEBUG:colcon.colcon_core.event_handler.log_command:Invoking command in '/home/mars/Documents/Lunabotics25-26/lunabot_ws/build/micro_ros_agent': AMENT_PREFIX_PATH=/home/mars/Documents/Lunabotics25-26/lunabot_ws/install/micro_ros_msgs:${AMENT_PREFIX_PATH} CMAKE_PREFIX_PATH=/home/mars/Documents/Lunabotics25-26/lunabot_ws/install/micro_ros_msgs:/opt/ros/jazzy/opt/gz_math_vendor:/opt/ros/jazzy/opt/gz_utils_vendor:/opt/ros/jazzy/opt/gz_cmake_vendor:/opt/ros/jazzy DEBUGINFOD_URLS=https://debuginfod.ubuntu.com LD_LIBRARY_PATH=/home/mars/Documents/Lunabotics25-26/lunabot_ws/install/micro_ros_msgs/lib:${LD_LIBRARY_PATH} PYTHONPATH=/home/mars/Documents/Lunabotics25-26/lunabot_ws/install/micro_ros_msgs/lib/python3.12/site-packages:${PYTHONPATH} /usr/bin/cmake --build /home/mars/Documents/Lunabotics25-26/lunabot_ws/build/micro_ros_agent -- -j4 -l4
[2.554s] DEBUG:colcon.colcon_core.event_handler.log_command:Invoked command in '/home/mars/Documents/Lunabotics25-26/lunabot_ws/build/micro_ros_agent' returned '0': AMENT_PREFIX_PATH=/home/mars/Documents/Lunabotics25-26/lunabot_ws/install/micro_ros_msgs:${AMENT_PREFIX_PATH} CMAKE_PREFIX_PATH=/home/mars/Documents/Lunabotics25-26/lunabot_ws/install/micro_ros_msgs:/opt/ros/jazzy/opt/gz_math_vendor:/opt/ros/jazzy/opt/gz_utils_vendor:/opt/ros/jazzy/opt/gz_cmake_vendor:/opt/ros/jazzy DEBUGINFOD_URLS=https://debuginfod.ubuntu.com LD_LIBRARY_PATH=/home/mars/Documents/Lunabotics25-26/lunabot_ws/install/micro_ros_msgs/lib:${LD_LIBRARY_PATH} PYTHONPATH=/home/mars/Documents/Lunabotics25-26/lunabot_ws/install/micro_ros_msgs/lib/python3.12/site-packages:${PYTHONPATH} /usr/bin/cmake --build /home/mars/Documents/Lunabotics25-26/lunabot_ws/build/micro_ros_agent -- -j4 -l4
[2.556s] DEBUG:colcon.colcon_core.event_handler.log_command:Invoking command in '/home/mars/Documents/Lunabotics25-26/lunabot_ws/build/micro_ros_agent': AMENT_PREFIX_PATH=/home/mars/Documents/Lunabotics25-26/lunabot_ws/install/micro_ros_msgs:${AMENT_PREFIX_PATH} CMAKE_PREFIX_PATH=/home/mars/Documents/Lunabotics25-26/lunabot_ws/install/micro_ros_msgs:/opt/ros/jazzy/opt/gz_math_vendor:/opt/ros/jazzy/opt/gz_utils_vendor:/opt/ros/jazzy/opt/gz_cmake_vendor:/opt/ros/jazzy DEBUGINFOD_URLS=https://debuginfod.ubuntu.com LD_LIBRARY_PATH=/home/mars/Documents/Lunabotics25-26/lunabot_ws/install/micro_ros_msgs/lib:${LD_LIBRARY_PATH} PYTHONPATH=/home/mars/Documents/Lunabotics25-26/lunabot_ws/install/micro_ros_msgs/lib/python3.12/site-packages:${PYTHONPATH} /usr/bin/cmake --install /home/mars/Documents/Lunabotics25-26/lunabot_ws/build/micro_ros_agent
[2.568s] Level 1:colcon.colcon_core.environment:create_environment_scripts_only(micro_ros_agent)
[2.568s] Level 1:colcon.colcon_core.environment:checking '/home/mars/Documents/Lunabotics25-26/lunabot_ws/install/micro_ros_agent' for CMake module files
[2.569s] DEBUG:colcon.colcon_core.event_handler.log_command:Invoked command in '/home/mars/Documents/Lunabotics25-26/lunabot_ws/build/micro_ros_agent' returned '0': AMENT_PREFIX_PATH=/home/mars/Documents/Lunabotics25-26/lunabot_ws/install/micro_ros_msgs:${AMENT_PREFIX_PATH} CMAKE_PREFIX_PATH=/home/mars/Documents/Lunabotics25-26/lunabot_ws/install/micro_ros_msgs:/opt/ros/jazzy/opt/gz_math_vendor:/opt/ros/jazzy/opt/gz_utils_vendor:/opt/ros/jazzy/opt/gz_cmake_vendor:/opt/ros/jazzy DEBUGINFOD_URLS=https://debuginfod.ubuntu.com LD_LIBRARY_PATH=/home/mars/Documents/Lunabotics25-26/lunabot_ws/install/micro_ros_msgs/lib:${LD_LIBRARY_PATH} PYTHONPATH=/home/mars/Documents/Lunabotics25-26/lunabot_ws/install/micro_ros_msgs/lib/python3.12/site-packages:${PYTHONPATH} /usr/bin/cmake --install /home/mars/Documents/Lunabotics25-26/lunabot_ws/build/micro_ros_agent
[2.569s] Level 1:colcon.colcon_core.environment:checking '/home/mars/Documents/Lunabotics25-26/lunabot_ws/install/micro_ros_agent' for CMake config files
[2.569s] Level 1:colcon.colcon_core.shell:create_environment_hook('micro_ros_agent', 'cmake_prefix_path')
[2.569s] INFO:colcon.colcon_core.shell:Creating environment hook '/home/mars/Documents/Lunabotics25-26/lunabot_ws/install/micro_ros_agent/share/micro_ros_agent/hook/cmake_prefix_path.ps1'
[2.570s] INFO:colcon.colcon_core.shell:Creating environment descriptor '/home/mars/Documents/Lunabotics25-26/lunabot_ws/install/micro_ros_agent/share/micro_ros_agent/hook/cmake_prefix_path.dsv'
[2.570s] INFO:colcon.colcon_core.shell:Creating environment hook '/home/mars/Documents/Lunabotics25-26/lunabot_ws/install/micro_ros_agent/share/micro_ros_agent/hook/cmake_prefix_path.sh'
[2.570s] Level 1:colcon.colcon_core.environment:checking '/home/mars/Documents/Lunabotics25-26/lunabot_ws/install/micro_ros_agent/lib'
[2.571s] Level 1:colcon.colcon_core.shell:create_environment_hook('micro_ros_agent', 'ld_library_path_lib')
[2.571s] INFO:colcon.colcon_core.shell:Creating environment hook '/home/mars/Documents/Lunabotics25-26/lunabot_ws/install/micro_ros_agent/share/micro_ros_agent/hook/ld_library_path_lib.ps1'
[2.571s] INFO:colcon.colcon_core.shell:Creating environment descriptor '/home/mars/Documents/Lunabotics25-26/lunabot_ws/install/micro_ros_agent/share/micro_ros_agent/hook/ld_library_path_lib.dsv'
[2.571s] INFO:colcon.colcon_core.shell:Creating environment hook '/home/mars/Documents/Lunabotics25-26/lunabot_ws/install/micro_ros_agent/share/micro_ros_agent/hook/ld_library_path_lib.sh'
[2.572s] Level 1:colcon.colcon_core.environment:checking '/home/mars/Documents/Lunabotics25-26/lunabot_ws/install/micro_ros_agent/bin'
[2.572s] Level 1:colcon.colcon_core.environment:checking '/home/mars/Documents/Lunabotics25-26/lunabot_ws/install/micro_ros_agent/lib/pkgconfig/micro_ros_agent.pc'
[2.572s] Level 1:colcon.colcon_core.environment:checking '/home/mars/Documents/Lunabotics25-26/lunabot_ws/install/micro_ros_agent/lib/python3.12/site-packages'
[2.572s] Level 1:colcon.colcon_core.environment:checking '/home/mars/Documents/Lunabotics25-26/lunabot_ws/install/micro_ros_agent/bin'
[2.572s] INFO:colcon.colcon_core.shell:Creating package script '/home/mars/Documents/Lunabotics25-26/lunabot_ws/install/micro_ros_agent/share/micro_ros_agent/package.ps1'
[2.573s] INFO:colcon.colcon_core.shell:Creating package descriptor '/home/mars/Documents/Lunabotics25-26/lunabot_ws/install/micro_ros_agent/share/micro_ros_agent/package.dsv'
[2.573s] INFO:colcon.colcon_core.shell:Creating package script '/home/mars/Documents/Lunabotics25-26/lunabot_ws/install/micro_ros_agent/share/micro_ros_agent/package.sh'
[2.573s] INFO:colcon.colcon_core.shell:Creating package script '/home/mars/Documents/Lunabotics25-26/lunabot_ws/install/micro_ros_agent/share/micro_ros_agent/package.bash'
[2.574s] INFO:colcon.colcon_core.shell:Creating package script '/home/mars/Documents/Lunabotics25-26/lunabot_ws/install/micro_ros_agent/share/micro_ros_agent/package.zsh'
[2.574s] Level 1:colcon.colcon_core.environment:create_file_with_runtime_dependencies(/home/mars/Documents/Lunabotics25-26/lunabot_ws/install/micro_ros_agent/share/colcon-core/packages/micro_ros_agent)
[2.575s] Level 1:colcon.colcon_core.environment:create_environment_scripts_only(micro_ros_agent)
[2.575s] Level 1:colcon.colcon_core.environment:checking '/home/mars/Documents/Lunabotics25-26/lunabot_ws/install/micro_ros_agent' for CMake module files
[2.575s] Level 1:colcon.colcon_core.environment:checking '/home/mars/Documents/Lunabotics25-26/lunabot_ws/install/micro_ros_agent' for CMake config files
[2.575s] Level 1:colcon.colcon_core.shell:create_environment_hook('micro_ros_agent', 'cmake_prefix_path')
[2.576s] INFO:colcon.colcon_core.shell:Creating environment hook '/home/mars/Documents/Lunabotics25-26/lunabot_ws/install/micro_ros_agent/share/micro_ros_agent/hook/cmake_prefix_path.ps1'
[2.576s] INFO:colcon.colcon_core.shell:Creating environment descriptor '/home/mars/Documents/Lunabotics25-26/lunabot_ws/install/micro_ros_agent/share/micro_ros_agent/hook/cmake_prefix_path.dsv'
[2.576s] INFO:colcon.colcon_core.shell:Creating environment hook '/home/mars/Documents/Lunabotics25-26/lunabot_ws/install/micro_ros_agent/share/micro_ros_agent/hook/cmake_prefix_path.sh'
[2.577s] Level 1:colcon.colcon_core.environment:checking '/home/mars/Documents/Lunabotics25-26/lunabot_ws/install/micro_ros_agent/lib'
[2.577s] Level 1:colcon.colcon_core.shell:create_environment_hook('micro_ros_agent', 'ld_library_path_lib')
[2.577s] INFO:colcon.colcon_core.shell:Creating environment hook '/home/mars/Documents/Lunabotics25-26/lunabot_ws/install/micro_ros_agent/share/micro_ros_agent/hook/ld_library_path_lib.ps1'
[2.577s] INFO:colcon.colcon_core.shell:Creating environment descriptor '/home/mars/Documents/Lunabotics25-26/lunabot_ws/install/micro_ros_agent/share/micro_ros_agent/hook/ld_library_path_lib.dsv'
[2.578s] INFO:colcon.colcon_core.shell:Creating environment hook '/home/mars/Documents/Lunabotics25-26/lunabot_ws/install/micro_ros_agent/share/micro_ros_agent/hook/ld_library_path_lib.sh'
[2.578s] Level 1:colcon.colcon_core.environment:checking '/home/mars/Documents/Lunabotics25-26/lunabot_ws/install/micro_ros_agent/bin'
[2.578s] Level 1:colcon.colcon_core.environment:checking '/home/mars/Documents/Lunabotics25-26/lunabot_ws/install/micro_ros_agent/lib/pkgconfig/micro_ros_agent.pc'
[2.578s] Level 1:colcon.colcon_core.environment:checking '/home/mars/Documents/Lunabotics25-26/lunabot_ws/install/micro_ros_agent/lib/python3.12/site-packages'
[2.578s] Level 1:colcon.colcon_core.environment:checking '/home/mars/Documents/Lunabotics25-26/lunabot_ws/install/micro_ros_agent/bin'
[2.579s] INFO:colcon.colcon_core.shell:Creating package script '/home/mars/Documents/Lunabotics25-26/lunabot_ws/install/micro_ros_agent/share/micro_ros_agent/package.ps1'
[2.579s] INFO:colcon.colcon_core.shell:Creating package descriptor '/home/mars/Documents/Lunabotics25-26/lunabot_ws/install/micro_ros_agent/share/micro_ros_agent/package.dsv'
[2.580s] INFO:colcon.colcon_core.shell:Creating package script '/home/mars/Documents/Lunabotics25-26/lunabot_ws/install/micro_ros_agent/share/micro_ros_agent/package.sh'
[2.580s] INFO:colcon.colcon_core.shell:Creating package script '/home/mars/Documents/Lunabotics25-26/lunabot_ws/install/micro_ros_agent/share/micro_ros_agent/package.bash'
[2.580s] INFO:colcon.colcon_core.shell:Creating package script '/home/mars/Documents/Lunabotics25-26/lunabot_ws/install/micro_ros_agent/share/micro_ros_agent/package.zsh'
[2.581s] Level 1:colcon.colcon_core.environment:create_file_with_runtime_dependencies(/home/mars/Documents/Lunabotics25-26/lunabot_ws/install/micro_ros_agent/share/colcon-core/packages/micro_ros_agent)
[3.685s] DEBUG:colcon.colcon_core.event_handler.log_command:Invoked command in '/home/mars/Documents/Lunabotics25-26/lunabot_ws/build/drive_base_msgs' returned '0': CMAKE_PREFIX_PATH=${CMAKE_PREFIX_PATH}:/opt/ros/jazzy DEBUGINFOD_URLS=https://debuginfod.ubuntu.com /usr/bin/cmake /home/mars/Documents/Lunabotics25-26/lunabot_ws/src/uros/drive_base/drive_base_msgs -DCMAKE_INSTALL_PREFIX=/home/mars/Documents/Lunabotics25-26/lunabot_ws/install/drive_base_msgs
[3.686s] DEBUG:colcon.colcon_core.event_handler.log_command:Invoking command in '/home/mars/Documents/Lunabotics25-26/lunabot_ws/build/drive_base_msgs': CMAKE_PREFIX_PATH=${CMAKE_PREFIX_PATH}:/opt/ros/jazzy DEBUGINFOD_URLS=https://debuginfod.ubuntu.com /usr/bin/cmake --build /home/mars/Documents/Lunabotics25-26/lunabot_ws/build/drive_base_msgs -- -j4 -l4
[9.596s] DEBUG:colcon.colcon_core.event_handler.log_command:Invoked command in '/home/mars/Documents/Lunabotics25-26/lunabot_ws/build/drive_base_msgs' returned '0': CMAKE_PREFIX_PATH=${CMAKE_PREFIX_PATH}:/opt/ros/jazzy DEBUGINFOD_URLS=https://debuginfod.ubuntu.com /usr/bin/cmake --build /home/mars/Documents/Lunabotics25-26/lunabot_ws/build/drive_base_msgs -- -j4 -l4
[9.597s] DEBUG:colcon.colcon_core.event_handler.log_command:Invoking command in '/home/mars/Documents/Lunabotics25-26/lunabot_ws/build/drive_base_msgs': CMAKE_PREFIX_PATH=${CMAKE_PREFIX_PATH}:/opt/ros/jazzy DEBUGINFOD_URLS=https://debuginfod.ubuntu.com /usr/bin/cmake --install /home/mars/Documents/Lunabotics25-26/lunabot_ws/build/drive_base_msgs
[9.669s] Level 1:colcon.colcon_core.environment:create_environment_scripts_only(drive_base_msgs)
[9.669s] Level 1:colcon.colcon_core.environment:checking '/home/mars/Documents/Lunabotics25-26/lunabot_ws/install/drive_base_msgs' for CMake module files
[9.670s] Level 1:colcon.colcon_core.environment:checking '/home/mars/Documents/Lunabotics25-26/lunabot_ws/install/drive_base_msgs' for CMake config files
[9.671s] DEBUG:colcon.colcon_core.event_handler.log_command:Invoked command in '/home/mars/Documents/Lunabotics25-26/lunabot_ws/build/drive_base_msgs' returned '0': CMAKE_PREFIX_PATH=${CMAKE_PREFIX_PATH}:/opt/ros/jazzy DEBUGINFOD_URLS=https://debuginfod.ubuntu.com /usr/bin/cmake --install /home/mars/Documents/Lunabotics25-26/lunabot_ws/build/drive_base_msgs
[9.671s] Level 1:colcon.colcon_core.shell:create_environment_hook('drive_base_msgs', 'cmake_prefix_path')
[9.672s] INFO:colcon.colcon_core.shell:Creating environment hook '/home/mars/Documents/Lunabotics25-26/lunabot_ws/install/drive_base_msgs/share/drive_base_msgs/hook/cmake_prefix_path.ps1'
[9.672s] INFO:colcon.colcon_core.shell:Creating environment descriptor '/home/mars/Documents/Lunabotics25-26/lunabot_ws/install/drive_base_msgs/share/drive_base_msgs/hook/cmake_prefix_path.dsv'
[9.672s] INFO:colcon.colcon_core.shell:Creating environment hook '/home/mars/Documents/Lunabotics25-26/lunabot_ws/install/drive_base_msgs/share/drive_base_msgs/hook/cmake_prefix_path.sh'
[9.673s] Level 1:colcon.colcon_core.environment:checking '/home/mars/Documents/Lunabotics25-26/lunabot_ws/install/drive_base_msgs/lib'
[9.673s] Level 1:colcon.colcon_core.shell:create_environment_hook('drive_base_msgs', 'ld_library_path_lib')
[9.673s] INFO:colcon.colcon_core.shell:Creating environment hook '/home/mars/Documents/Lunabotics25-26/lunabot_ws/install/drive_base_msgs/share/drive_base_msgs/hook/ld_library_path_lib.ps1'
[9.673s] INFO:colcon.colcon_core.shell:Creating environment descriptor '/home/mars/Documents/Lunabotics25-26/lunabot_ws/install/drive_base_msgs/share/drive_base_msgs/hook/ld_library_path_lib.dsv'
[9.673s] INFO:colcon.colcon_core.shell:Creating environment hook '/home/mars/Documents/Lunabotics25-26/lunabot_ws/install/drive_base_msgs/share/drive_base_msgs/hook/ld_library_path_lib.sh'
[9.673s] Level 1:colcon.colcon_core.environment:checking '/home/mars/Documents/Lunabotics25-26/lunabot_ws/install/drive_base_msgs/bin'
[9.674s] Level 1:colcon.colcon_core.environment:checking '/home/mars/Documents/Lunabotics25-26/lunabot_ws/install/drive_base_msgs/lib/pkgconfig/drive_base_msgs.pc'
[9.674s] Level 1:colcon.colcon_core.environment:checking '/home/mars/Documents/Lunabotics25-26/lunabot_ws/install/drive_base_msgs/lib/python3.12/site-packages'
[9.674s] Level 1:colcon.colcon_core.shell:create_environment_hook('drive_base_msgs', 'pythonpath')
[9.674s] INFO:colcon.colcon_core.shell:Creating environment hook '/home/mars/Documents/Lunabotics25-26/lunabot_ws/install/drive_base_msgs/share/drive_base_msgs/hook/pythonpath.ps1'
[9.674s] INFO:colcon.colcon_core.shell:Creating environment descriptor '/home/mars/Documents/Lunabotics25-26/lunabot_ws/install/drive_base_msgs/share/drive_base_msgs/hook/pythonpath.dsv'
[9.674s] INFO:colcon.colcon_core.shell:Creating environment hook '/home/mars/Documents/Lunabotics25-26/lunabot_ws/install/drive_base_msgs/share/drive_base_msgs/hook/pythonpath.sh'
[9.675s] Level 1:colcon.colcon_core.environment:checking '/home/mars/Documents/Lunabotics25-26/lunabot_ws/install/drive_base_msgs/bin'
[9.675s] INFO:colcon.colcon_core.shell:Creating package script '/home/mars/Documents/Lunabotics25-26/lunabot_ws/install/drive_base_msgs/share/drive_base_msgs/package.ps1'
[9.675s] INFO:colcon.colcon_core.shell:Creating package descriptor '/home/mars/Documents/Lunabotics25-26/lunabot_ws/install/drive_base_msgs/share/drive_base_msgs/package.dsv'
[9.676s] INFO:colcon.colcon_core.shell:Creating package script '/home/mars/Documents/Lunabotics25-26/lunabot_ws/install/drive_base_msgs/share/drive_base_msgs/package.sh'
[9.676s] INFO:colcon.colcon_core.shell:Creating package script '/home/mars/Documents/Lunabotics25-26/lunabot_ws/install/drive_base_msgs/share/drive_base_msgs/package.bash'
[9.676s] INFO:colcon.colcon_core.shell:Creating package script '/home/mars/Documents/Lunabotics25-26/lunabot_ws/install/drive_base_msgs/share/drive_base_msgs/package.zsh'
[9.677s] Level 1:colcon.colcon_core.environment:create_file_with_runtime_dependencies(/home/mars/Documents/Lunabotics25-26/lunabot_ws/install/drive_base_msgs/share/colcon-core/packages/drive_base_msgs)
[9.677s] Level 1:colcon.colcon_core.environment:create_environment_scripts_only(drive_base_msgs)
[9.677s] Level 1:colcon.colcon_core.environment:checking '/home/mars/Documents/Lunabotics25-26/lunabot_ws/install/drive_base_msgs' for CMake module files
[9.678s] Level 1:colcon.colcon_core.environment:checking '/home/mars/Documents/Lunabotics25-26/lunabot_ws/install/drive_base_msgs' for CMake config files
[9.678s] Level 1:colcon.colcon_core.shell:create_environment_hook('drive_base_msgs', 'cmake_prefix_path')
[9.678s] INFO:colcon.colcon_core.shell:Creating environment hook '/home/mars/Documents/Lunabotics25-26/lunabot_ws/install/drive_base_msgs/share/drive_base_msgs/hook/cmake_prefix_path.ps1'
[9.679s] INFO:colcon.colcon_core.shell:Creating environment descriptor '/home/mars/Documents/Lunabotics25-26/lunabot_ws/install/drive_base_msgs/share/drive_base_msgs/hook/cmake_prefix_path.dsv'
[9.679s] INFO:colcon.colcon_core.shell:Creating environment hook '/home/mars/Documents/Lunabotics25-26/lunabot_ws/install/drive_base_msgs/share/drive_base_msgs/hook/cmake_prefix_path.sh'
[9.679s] Level 1:colcon.colcon_core.environment:checking '/home/mars/Documents/Lunabotics25-26/lunabot_ws/install/drive_base_msgs/lib'
[9.679s] Level 1:colcon.colcon_core.shell:create_environment_hook('drive_base_msgs', 'ld_library_path_lib')
[9.680s] INFO:colcon.colcon_core.shell:Creating environment hook '/home/mars/Documents/Lunabotics25-26/lunabot_ws/install/drive_base_msgs/share/drive_base_msgs/hook/ld_library_path_lib.ps1'
[9.680s] INFO:colcon.colcon_core.shell:Creating environment descriptor '/home/mars/Documents/Lunabotics25-26/lunabot_ws/install/drive_base_msgs/share/drive_base_msgs/hook/ld_library_path_lib.dsv'
[9.680s] INFO:colcon.colcon_core.shell:Creating environment hook '/home/mars/Documents/Lunabotics25-26/lunabot_ws/install/drive_base_msgs/share/drive_base_msgs/hook/ld_library_path_lib.sh'
[9.680s] Level 1:colcon.colcon_core.environment:checking '/home/mars/Documents/Lunabotics25-26/lunabot_ws/install/drive_base_msgs/bin'
[9.680s] Level 1:colcon.colcon_core.environment:checking '/home/mars/Documents/Lunabotics25-26/lunabot_ws/install/drive_base_msgs/lib/pkgconfig/drive_base_msgs.pc'
[9.681s] Level 1:colcon.colcon_core.environment:checking '/home/mars/Documents/Lunabotics25-26/lunabot_ws/install/drive_base_msgs/lib/python3.12/site-packages'
[9.681s] Level 1:colcon.colcon_core.shell:create_environment_hook('drive_base_msgs', 'pythonpath')
[9.681s] INFO:colcon.colcon_core.shell:Creating environment hook '/home/mars/Documents/Lunabotics25-26/lunabot_ws/install/drive_base_msgs/share/drive_base_msgs/hook/pythonpath.ps1'
[9.681s] INFO:colcon.colcon_core.shell:Creating environment descriptor '/home/mars/Documents/Lunabotics25-26/lunabot_ws/install/drive_base_msgs/share/drive_base_msgs/hook/pythonpath.dsv'
[9.681s] INFO:colcon.colcon_core.shell:Creating environment hook '/home/mars/Documents/Lunabotics25-26/lunabot_ws/install/drive_base_msgs/share/drive_base_msgs/hook/pythonpath.sh'
[9.682s] Level 1:colcon.colcon_core.environment:checking '/home/mars/Documents/Lunabotics25-26/lunabot_ws/install/drive_base_msgs/bin'
[9.682s] INFO:colcon.colcon_core.shell:Creating package script '/home/mars/Documents/Lunabotics25-26/lunabot_ws/install/drive_base_msgs/share/drive_base_msgs/package.ps1'
[9.683s] INFO:colcon.colcon_core.shell:Creating package descriptor '/home/mars/Documents/Lunabotics25-26/lunabot_ws/install/drive_base_msgs/share/drive_base_msgs/package.dsv'
[9.683s] INFO:colcon.colcon_core.shell:Creating package script '/home/mars/Documents/Lunabotics25-26/lunabot_ws/install/drive_base_msgs/share/drive_base_msgs/package.sh'
[9.683s] INFO:colcon.colcon_core.shell:Creating package script '/home/mars/Documents/Lunabotics25-26/lunabot_ws/install/drive_base_msgs/share/drive_base_msgs/package.bash'
[9.684s] INFO:colcon.colcon_core.shell:Creating package script '/home/mars/Documents/Lunabotics25-26/lunabot_ws/install/drive_base_msgs/share/drive_base_msgs/package.zsh'
[9.684s] Level 1:colcon.colcon_core.environment:create_file_with_runtime_dependencies(/home/mars/Documents/Lunabotics25-26/lunabot_ws/install/drive_base_msgs/share/colcon-core/packages/drive_base_msgs)
[9.684s] DEBUG:colcon.colcon_parallel_executor.executor.parallel:closing loop
[9.684s] DEBUG:colcon.colcon_parallel_executor.executor.parallel:loop closed
[9.684s] DEBUG:colcon.colcon_parallel_executor.executor.parallel:run_until_complete finished with '0'
[9.684s] DEBUG:colcon.colcon_core.event_reactor:joining thread
[9.691s] INFO:colcon.colcon_core.plugin_system:Skipping extension 'colcon_notification.desktop_notification.terminal_notifier': Not used on non-Darwin systems
[9.692s] INFO:colcon.colcon_core.plugin_system:Skipping extension 'colcon_notification.desktop_notification.win32': Not used on non-Windows systems
[9.692s] INFO:colcon.colcon_notification.desktop_notification:Sending desktop notification using 'notify2'
[9.706s] DEBUG:colcon.colcon_core.event_reactor:joined thread
[9.706s] INFO:colcon.colcon_core.shell:Creating prefix script '/home/mars/Documents/Lunabotics25-26/lunabot_ws/install/local_setup.ps1'
[9.707s] INFO:colcon.colcon_core.shell:Creating prefix util module '/home/mars/Documents/Lunabotics25-26/lunabot_ws/install/_local_setup_util_ps1.py'
[9.708s] INFO:colcon.colcon_core.shell:Creating prefix chain script '/home/mars/Documents/Lunabotics25-26/lunabot_ws/install/setup.ps1'
[9.709s] INFO:colcon.colcon_core.shell:Creating prefix script '/home/mars/Documents/Lunabotics25-26/lunabot_ws/install/local_setup.sh'
[9.709s] INFO:colcon.colcon_core.shell:Creating prefix util module '/home/mars/Documents/Lunabotics25-26/lunabot_ws/install/_local_setup_util_sh.py'
[9.709s] INFO:colcon.colcon_core.shell:Creating prefix chain script '/home/mars/Documents/Lunabotics25-26/lunabot_ws/install/setup.sh'
[9.710s] INFO:colcon.colcon_core.shell:Creating prefix script '/home/mars/Documents/Lunabotics25-26/lunabot_ws/install/local_setup.bash'
[9.711s] INFO:colcon.colcon_core.shell:Creating prefix chain script '/home/mars/Documents/Lunabotics25-26/lunabot_ws/install/setup.bash'
[9.711s] INFO:colcon.colcon_core.shell:Creating prefix script '/home/mars/Documents/Lunabotics25-26/lunabot_ws/install/local_setup.zsh'
[9.712s] INFO:colcon.colcon_core.shell:Creating prefix chain script '/home/mars/Documents/Lunabotics25-26/lunabot_ws/install/setup.zsh'
