[0.000000] (-) TimerEvent: {}
[0.000741] (-) JobUnselected: {'identifier': 'drive_base_msgs'}
[0.000862] (-) JobUnselected: {'identifier': 'lunabot_hardware'}
[0.000897] (-) JobUnselected: {'identifier': 'lunabot_teleop'}
[0.000939] (-) JobUnselected: {'identifier': 'micro_ros_setup'}
[0.001338] (micro_ros_msgs) JobQueued: {'identifier': 'micro_ros_msgs', 'dependencies': OrderedDict()}
[0.001507] (micro_ros_agent) JobQueued: {'identifier': 'micro_ros_agent', 'dependencies': OrderedDict({'micro_ros_msgs': '/home/mars/Documents/Lunabotics25-26/lunabot_ws/install/micro_ros_msgs'})}
[0.001593] (micro_ros_msgs) JobStarted: {'identifier': 'micro_ros_msgs'}
[0.011512] (micro_ros_msgs) JobProgress: {'identifier': 'micro_ros_msgs', 'progress': 'cmake'}
[0.011958] (micro_ros_msgs) Command: {'cmd': ['/usr/bin/cmake', '/home/mars/Documents/Lunabotics25-26/lunabot_ws/src/uros/micro_ros_msgs', '-DUAGENT_BUILD_EXECUTABLE=OFF', '-DUAGENT_P2P_PROFILE=OFF', '--no-warn-unused-cli', '-DCMAKE_INSTALL_PREFIX=/home/mars/Documents/Lunabotics25-26/lunabot_ws/install/micro_ros_msgs'], 'cwd': '/home/mars/Documents/Lunabotics25-26/lunabot_ws/build/micro_ros_msgs', 'env': OrderedDict({'LESSOPEN': '| /usr/bin/lesspipe %s', 'USER': 'mars', 'XDG_SESSION_TYPE': 'wayland', 'CLUTTER_DISABLE_MIPMAPPED_TEXT': '1', 'SHLVL': '2', 'LD_LIBRARY_PATH': '/opt/ros/jazzy/opt/rviz_ogre_vendor/lib:/opt/ros/jazzy/lib/x86_64-linux-gnu:/opt/ros/jazzy/opt/gz_math_vendor/lib:/opt/ros/jazzy/opt/gz_utils_vendor/lib:/opt/ros/jazzy/opt/gz_cmake_vendor/lib:/opt/ros/jazzy/lib', 'HOME': '/home/mars', 'OLDPWD': '/home/mars/Documents/Lunabotics25-26/lunabot_ws/src', 'DESKTOP_SESSION': 'ubuntu', 'ROS_PYTHON_VERSION': '3', 'GNOME_SHELL_SESSION_MODE': 'ubuntu', 'GTK_MODULES': 'gail:atk-bridge', 'SYSTEMD_EXEC_PID': '4503', 'GSM_SKIP_SSH_AGENT_WORKAROUND': 'true', 'DBUS_SESSION_BUS_ADDRESS': 'unix:path=/run/user/1000/bus', 'COLORTERM': 'truecolor', 'DEBUGINFOD_URLS': 'https://debuginfod.ubuntu.com', 'IM_CONFIG_PHASE': '1', 'WAYLAND_DISPLAY': 'wayland-0', 'COLCON_PREFIX_PATH': '/home/mars/Documents/Lunabotics25-26/lunabot_ws/install', 'ROS_DISTRO': 'jazzy', 'LOGNAME': 'mars', '_': '/usr/bin/colcon', 'ROS_VERSION': '2', 'MEMORY_PRESSURE_WATCH': '/sys/fs/cgroup/user.slice/user-1000.slice/user@1000.service/session.slice/org.gnome.Shell@wayland.service/memory.pressure', 'XDG_SESSION_CLASS': 'user', 'USERNAME': 'mars', 'TERM': 'xterm-256color', 'GNOME_DESKTOP_SESSION_ID': 'this-is-deprecated', 'PATH': '/opt/ros/jazzy/bin:/home/mars/.npm-global/bin:/home/mars/.local/bin:/home/mars/bin:/usr/local/sbin:/usr/local/bin:/usr/sbin:/usr/bin:/sbin:/bin:/usr/games:/usr/local/games:/snap/bin:/snap/bin', 'SESSION_MANAGER': 'local/mars-pc:@/tmp/.ICE-unix/4470,unix/mars-pc:/tmp/.ICE-unix/4470', 'XDG_MENU_PREFIX': 'gnome-', 'GNOME_TERMINAL_SCREEN': '/org/gnome/Terminal/screen/553f9276_3248_478b_805a_2313b91dd2c9', 'GNOME_SETUP_DISPLAY': ':1', 'XDG_RUNTIME_DIR': '/run/user/1000', 'DISPLAY': ':0', 'LANG': 'en_US.UTF-8', 'XDG_CURRENT_DESKTOP': 'ubuntu:GNOME', 'XMODIFIERS': '@im=ibus', 'XDG_SESSION_DESKTOP': 'ubuntu', 'XAUTHORITY': '/run/user/1000/.mutter-Xwaylandauth.LLNKM3', 'LS_COLORS': 'rs=0:di=01;34:ln=01;36:mh=00:pi=40;33:so=01;35:do=01;35:bd=40;33;01:cd=40;33;01:or=40;31;01:mi=00:su=37;41:sg=30;43:ca=00:tw=30;42:ow=34;42:st=37;44:ex=01;32:*.tar=01;31:*.tgz=01;31:*.arc=01;31:*.arj=01;31:*.taz=01;31:*.lha=01;31:*.lz4=01;31:*.lzh=01;31:*.lzma=01;31:*.tlz=01;31:*.txz=01;31:*.tzo=01;31:*.t7z=01;31:*.zip=01;31:*.z=01;31:*.dz=01;31:*.gz=01;31:*.lrz=01;31:*.lz=01;31:*.lzo=01;31:*.xz=01;31:*.zst=01;31:*.tzst=01;31:*.bz2=01;31:*.bz=01;31:*.tbz=01;31:*.tbz2=01;31:*.tz=01;31:*.deb=01;31:*.rpm=01;31:*.jar=01;31:*.war=01;31:*.ear=01;31:*.sar=01;31:*.rar=01;31:*.alz=01;31:*.ace=01;31:*.zoo=01;31:*.cpio=01;31:*.7z=01;31:*.rz=01;31:*.cab=01;31:*.wim=01;31:*.swm=01;31:*.dwm=01;31:*.esd=01;31:*.avif=01;35:*.jpg=01;35:*.jpeg=01;35:*.mjpg=01;35:*.mjpeg=01;35:*.gif=01;35:*.bmp=01;35:*.pbm=01;35:*.pgm=01;35:*.ppm=01;35:*.tga=01;35:*.xbm=01;35:*.xpm=01;35:*.tif=01;35:*.tiff=01;35:*.png=01;35:*.svg=01;35:*.svgz=01;35:*.mng=01;35:*.pcx=01;35:*.mov=01;35:*.mpg=01;35:*.mpeg=01;35:*.m2v=01;35:*.mkv=01;35:*.webm=01;35:*.webp=01;35:*.ogm=01;35:*.mp4=01;35:*.m4v=01;35:*.mp4v=01;35:*.vob=01;35:*.qt=01;35:*.nuv=01;35:*.wmv=01;35:*.asf=01;35:*.rm=01;35:*.rmvb=01;35:*.flc=01;35:*.avi=01;35:*.fli=01;35:*.flv=01;35:*.gl=01;35:*.dl=01;35:*.xcf=01;35:*.xwd=01;35:*.yuv=01;35:*.cgm=01;35:*.emf=01;35:*.ogv=01;35:*.ogx=01;35:*.aac=00;36:*.au=00;36:*.flac=00;36:*.m4a=00;36:*.mid=00;36:*.midi=00;36:*.mka=00;36:*.mp3=00;36:*.mpc=00;36:*.ogg=00;36:*.ra=00;36:*.wav=00;36:*.oga=00;36:*.opus=00;36:*.spx=00;36:*.xspf=00;36:*~=00;90:*#=00;90:*.bak=00;90:*.crdownload=00;90:*.dpkg-dist=00;90:*.dpkg-new=00;90:*.dpkg-old=00;90:*.dpkg-tmp=00;90:*.old=00;90:*.orig=00;90:*.part=00;90:*.rej=00;90:*.rpmnew=00;90:*.rpmorig=00;90:*.rpmsave=00;90:*.swp=00;90:*.tmp=00;90:*.ucf-dist=00;90:*.ucf-new=00;90:*.ucf-old=00;90:', 'GNOME_TERMINAL_SERVICE': ':1.105', 'SSH_AUTH_SOCK': '/run/user/1000/keyring/ssh', 'AMENT_PREFIX_PATH': '/home/mars/Documents/Lunabotics25-26/lunabot_ws/install/micro_ros_setup:/home/mars/Documents/Lunabotics25-26/lunabot_ws/install/lunabot_teleop:/home/mars/Documents/Lunabotics25-26/lunabot_ws/install/lunabot_hardware:/opt/ros/jazzy', 'SHELL': '/bin/bash', 'QT_ACCESSIBILITY': '1', 'GDMSESSION': 'ubuntu', 'LESSCLOSE': '/usr/bin/lesspipe %s %s', 'ROS_AUTOMATIC_DISCOVERY_RANGE': 'SUBNET', 'QT_IM_MODULE': 'ibus', 'PWD': '/home/mars/Documents/Lunabotics25-26/lunabot_ws/build/micro_ros_msgs', 'MATON_API_KEY': 'Mn_5jBZCwj13HVp8RJrFTqxSPWujdrywf-PoxLLjNOsvNh4rtVWtlwFOGLmbTujg1wFLcmOTjYKiKnGLXvdZAe-QN0ep7x5u_hcqCfstUg', 'XDG_CONFIG_DIRS': '/etc/xdg/xdg-ubuntu:/etc/xdg', 'XDG_DATA_DIRS': '/usr/share/ubuntu:/usr/share/gnome:/usr/local/share/:/usr/share/:/var/lib/snapd/desktop', 'PYTHONPATH': '/opt/ros/jazzy/lib/python3.12/site-packages', 'COLCON': '1', 'MEMORY_PRESSURE_WRITE': 'c29tZSAyMDAwMDAgMjAwMDAwMAA=', 'VTE_VERSION': '7600', 'CMAKE_PREFIX_PATH': '/home/mars/Documents/Lunabotics25-26/lunabot_ws/install/micro_ros_setup:/home/mars/Documents/Lunabotics25-26/lunabot_ws/install/lunabot_teleop:/home/mars/Documents/Lunabotics25-26/lunabot_ws/install/lunabot_hardware:/opt/ros/jazzy/opt/gz_math_vendor:/opt/ros/jazzy/opt/gz_utils_vendor:/opt/ros/jazzy/opt/gz_cmake_vendor:/opt/ros/jazzy'}), 'shell': False}
[0.020076] (micro_ros_msgs) StdoutLine: {'line': b'Not searching for unused variables given on the command line.\n'}
[0.062386] (micro_ros_msgs) StdoutLine: {'line': b'-- The C compiler identification is GNU 13.3.0\n'}
[0.099765] (-) TimerEvent: {}
[0.118018] (micro_ros_msgs) StdoutLine: {'line': b'-- The CXX compiler identification is GNU 13.3.0\n'}
[0.132221] (micro_ros_msgs) StdoutLine: {'line': b'-- Detecting C compiler ABI info\n'}
[0.199912] (-) TimerEvent: {}
[0.213696] (micro_ros_msgs) StdoutLine: {'line': b'-- Detecting C compiler ABI info - done\n'}
[0.223011] (micro_ros_msgs) StdoutLine: {'line': b'-- Check for working C compiler: /usr/bin/cc - skipped\n'}
[0.223291] (micro_ros_msgs) StdoutLine: {'line': b'-- Detecting C compile features\n'}
[0.223595] (micro_ros_msgs) StdoutLine: {'line': b'-- Detecting C compile features - done\n'}
[0.231826] (micro_ros_msgs) StdoutLine: {'line': b'-- Detecting CXX compiler ABI info\n'}
[0.300034] (-) TimerEvent: {}
[0.319278] (micro_ros_msgs) StdoutLine: {'line': b'-- Detecting CXX compiler ABI info - done\n'}
[0.329403] (micro_ros_msgs) StdoutLine: {'line': b'-- Check for working CXX compiler: /usr/bin/c++ - skipped\n'}
[0.329587] (micro_ros_msgs) StdoutLine: {'line': b'-- Detecting CXX compile features\n'}
[0.330081] (micro_ros_msgs) StdoutLine: {'line': b'-- Detecting CXX compile features - done\n'}
[0.332299] (micro_ros_msgs) StdoutLine: {'line': b'-- Found ament_cmake: 2.5.5 (/opt/ros/jazzy/share/ament_cmake/cmake)\n'}
[0.400140] (-) TimerEvent: {}
[0.491015] (micro_ros_msgs) StdoutLine: {'line': b'-- Found Python3: /usr/bin/python3 (found version "3.12.3") found components: Interpreter \n'}
[0.500288] (-) TimerEvent: {}
[0.600898] (-) TimerEvent: {}
[0.616155] (micro_ros_msgs) StdoutLine: {'line': b'-- Found rosidl_default_generators: 1.6.0 (/opt/ros/jazzy/share/rosidl_default_generators/cmake)\n'}
[0.622003] (micro_ros_msgs) StdoutLine: {'line': b'-- Using all available rosidl_typesupport_c: rosidl_typesupport_fastrtps_c;rosidl_typesupport_introspection_c\n'}
[0.666650] (micro_ros_msgs) StdoutLine: {'line': b'-- Using all available rosidl_typesupport_cpp: rosidl_typesupport_fastrtps_cpp;rosidl_typesupport_introspection_cpp\n'}
[0.701005] (-) TimerEvent: {}
[0.709444] (micro_ros_msgs) StdoutLine: {'line': b'-- Found rosidl_adapter: 4.6.7 (/opt/ros/jazzy/share/rosidl_adapter/cmake)\n'}
[0.714155] (micro_ros_msgs) StdoutLine: {'line': b'-- Found ament_lint_auto: 0.17.4 (/opt/ros/jazzy/share/ament_lint_auto/cmake)\n'}
[0.801134] (-) TimerEvent: {}
[0.901451] (-) TimerEvent: {}
[1.001739] (-) TimerEvent: {}
[1.101972] (-) TimerEvent: {}
[1.202291] (-) TimerEvent: {}
[1.293998] (micro_ros_msgs) StdoutLine: {'line': b'-- Found ament_cmake_ros: 0.12.0 (/opt/ros/jazzy/share/ament_cmake_ros/cmake)\n'}
[1.302433] (-) TimerEvent: {}
[1.402773] (-) TimerEvent: {}
[1.503249] (-) TimerEvent: {}
[1.603609] (-) TimerEvent: {}
[1.705523] (-) TimerEvent: {}
[1.783255] (micro_ros_msgs) StdoutLine: {'line': b'-- Using all available rosidl_typesupport_c: rosidl_typesupport_fastrtps_c;rosidl_typesupport_introspection_c\n'}
[1.805629] (-) TimerEvent: {}
[1.905873] (-) TimerEvent: {}
[2.006187] (-) TimerEvent: {}
[2.106538] (-) TimerEvent: {}
[2.207002] (-) TimerEvent: {}
[2.309585] (-) TimerEvent: {}
[2.361532] (micro_ros_msgs) StdoutLine: {'line': b'-- Using all available rosidl_typesupport_cpp: rosidl_typesupport_fastrtps_cpp;rosidl_typesupport_introspection_cpp\n'}
[2.364696] (micro_ros_msgs) StdoutLine: {'line': b'-- Found python_cmake_module: 0.11.1 (/opt/ros/jazzy/share/python_cmake_module/cmake)\n'}
[2.409713] (-) TimerEvent: {}
[2.504009] (micro_ros_msgs) StdoutLine: {'line': b'-- Found PythonExtra: /usr/bin/python3  \n'}
[2.509800] (-) TimerEvent: {}
[2.610078] (-) TimerEvent: {}
[2.710371] (-) TimerEvent: {}
[2.810679] (-) TimerEvent: {}
[2.911023] (-) TimerEvent: {}
[3.011394] (-) TimerEvent: {}
[3.021792] (micro_ros_msgs) StdoutLine: {'line': b'-- Found Python3: /usr/bin/python3 (found version "3.12.3") found components: Interpreter Development NumPy Development.Module Development.Embed \n'}
[3.072654] (micro_ros_msgs) StdoutLine: {'line': b"-- Added test 'copyright' to check source files copyright and LICENSE\n"}
[3.087008] (micro_ros_msgs) StdoutLine: {'line': b"-- Added test 'lint_cmake' to check CMake code style\n"}
[3.095074] (micro_ros_msgs) StdoutLine: {'line': b"-- Added test 'xmllint' to check XML markup files\n"}
[3.105516] (micro_ros_msgs) StdoutLine: {'line': b'-- Configuring done (3.1s)\n'}
[3.111500] (-) TimerEvent: {}
[3.138264] (micro_ros_msgs) StdoutLine: {'line': b'-- Generating done (0.0s)\n'}
[3.149127] (micro_ros_msgs) StdoutLine: {'line': b'-- Build files have been written to: /home/mars/Documents/Lunabotics25-26/lunabot_ws/build/micro_ros_msgs\n'}
[3.156112] (micro_ros_msgs) CommandEnded: {'returncode': 0}
[3.158019] (micro_ros_msgs) JobProgress: {'identifier': 'micro_ros_msgs', 'progress': 'build'}
[3.158061] (micro_ros_msgs) Command: {'cmd': ['/usr/bin/cmake', '--build', '/home/mars/Documents/Lunabotics25-26/lunabot_ws/build/micro_ros_msgs', '--', '-j4', '-l4'], 'cwd': '/home/mars/Documents/Lunabotics25-26/lunabot_ws/build/micro_ros_msgs', 'env': OrderedDict({'LESSOPEN': '| /usr/bin/lesspipe %s', 'USER': 'mars', 'XDG_SESSION_TYPE': 'wayland', 'CLUTTER_DISABLE_MIPMAPPED_TEXT': '1', 'SHLVL': '2', 'LD_LIBRARY_PATH': '/opt/ros/jazzy/opt/rviz_ogre_vendor/lib:/opt/ros/jazzy/lib/x86_64-linux-gnu:/opt/ros/jazzy/opt/gz_math_vendor/lib:/opt/ros/jazzy/opt/gz_utils_vendor/lib:/opt/ros/jazzy/opt/gz_cmake_vendor/lib:/opt/ros/jazzy/lib', 'HOME': '/home/mars', 'OLDPWD': '/home/mars/Documents/Lunabotics25-26/lunabot_ws/src', 'DESKTOP_SESSION': 'ubuntu', 'ROS_PYTHON_VERSION': '3', 'GNOME_SHELL_SESSION_MODE': 'ubuntu', 'GTK_MODULES': 'gail:atk-bridge', 'SYSTEMD_EXEC_PID': '4503', 'GSM_SKIP_SSH_AGENT_WORKAROUND': 'true', 'DBUS_SESSION_BUS_ADDRESS': 'unix:path=/run/user/1000/bus', 'COLORTERM': 'truecolor', 'DEBUGINFOD_URLS': 'https://debuginfod.ubuntu.com', 'IM_CONFIG_PHASE': '1', 'WAYLAND_DISPLAY': 'wayland-0', 'COLCON_PREFIX_PATH': '/home/mars/Documents/Lunabotics25-26/lunabot_ws/install', 'ROS_DISTRO': 'jazzy', 'LOGNAME': 'mars', '_': '/usr/bin/colcon', 'ROS_VERSION': '2', 'MEMORY_PRESSURE_WATCH': '/sys/fs/cgroup/user.slice/user-1000.slice/user@1000.service/session.slice/org.gnome.Shell@wayland.service/memory.pressure', 'XDG_SESSION_CLASS': 'user', 'USERNAME': 'mars', 'TERM': 'xterm-256color', 'GNOME_DESKTOP_SESSION_ID': 'this-is-deprecated', 'PATH': '/opt/ros/jazzy/bin:/home/mars/.npm-global/bin:/home/mars/.local/bin:/home/mars/bin:/usr/local/sbin:/usr/local/bin:/usr/sbin:/usr/bin:/sbin:/bin:/usr/games:/usr/local/games:/snap/bin:/snap/bin', 'SESSION_MANAGER': 'local/mars-pc:@/tmp/.ICE-unix/4470,unix/mars-pc:/tmp/.ICE-unix/4470', 'XDG_MENU_PREFIX': 'gnome-', 'GNOME_TERMINAL_SCREEN': '/org/gnome/Terminal/screen/553f9276_3248_478b_805a_2313b91dd2c9', 'GNOME_SETUP_DISPLAY': ':1', 'XDG_RUNTIME_DIR': '/run/user/1000', 'DISPLAY': ':0', 'LANG': 'en_US.UTF-8', 'XDG_CURRENT_DESKTOP': 'ubuntu:GNOME', 'XMODIFIERS': '@im=ibus', 'XDG_SESSION_DESKTOP': 'ubuntu', 'XAUTHORITY': '/run/user/1000/.mutter-Xwaylandauth.LLNKM3', 'LS_COLORS': 'rs=0:di=01;34:ln=01;36:mh=00:pi=40;33:so=01;35:do=01;35:bd=40;33;01:cd=40;33;01:or=40;31;01:mi=00:su=37;41:sg=30;43:ca=00:tw=30;42:ow=34;42:st=37;44:ex=01;32:*.tar=01;31:*.tgz=01;31:*.arc=01;31:*.arj=01;31:*.taz=01;31:*.lha=01;31:*.lz4=01;31:*.lzh=01;31:*.lzma=01;31:*.tlz=01;31:*.txz=01;31:*.tzo=01;31:*.t7z=01;31:*.zip=01;31:*.z=01;31:*.dz=01;31:*.gz=01;31:*.lrz=01;31:*.lz=01;31:*.lzo=01;31:*.xz=01;31:*.zst=01;31:*.tzst=01;31:*.bz2=01;31:*.bz=01;31:*.tbz=01;31:*.tbz2=01;31:*.tz=01;31:*.deb=01;31:*.rpm=01;31:*.jar=01;31:*.war=01;31:*.ear=01;31:*.sar=01;31:*.rar=01;31:*.alz=01;31:*.ace=01;31:*.zoo=01;31:*.cpio=01;31:*.7z=01;31:*.rz=01;31:*.cab=01;31:*.wim=01;31:*.swm=01;31:*.dwm=01;31:*.esd=01;31:*.avif=01;35:*.jpg=01;35:*.jpeg=01;35:*.mjpg=01;35:*.mjpeg=01;35:*.gif=01;35:*.bmp=01;35:*.pbm=01;35:*.pgm=01;35:*.ppm=01;35:*.tga=01;35:*.xbm=01;35:*.xpm=01;35:*.tif=01;35:*.tiff=01;35:*.png=01;35:*.svg=01;35:*.svgz=01;35:*.mng=01;35:*.pcx=01;35:*.mov=01;35:*.mpg=01;35:*.mpeg=01;35:*.m2v=01;35:*.mkv=01;35:*.webm=01;35:*.webp=01;35:*.ogm=01;35:*.mp4=01;35:*.m4v=01;35:*.mp4v=01;35:*.vob=01;35:*.qt=01;35:*.nuv=01;35:*.wmv=01;35:*.asf=01;35:*.rm=01;35:*.rmvb=01;35:*.flc=01;35:*.avi=01;35:*.fli=01;35:*.flv=01;35:*.gl=01;35:*.dl=01;35:*.xcf=01;35:*.xwd=01;35:*.yuv=01;35:*.cgm=01;35:*.emf=01;35:*.ogv=01;35:*.ogx=01;35:*.aac=00;36:*.au=00;36:*.flac=00;36:*.m4a=00;36:*.mid=00;36:*.midi=00;36:*.mka=00;36:*.mp3=00;36:*.mpc=00;36:*.ogg=00;36:*.ra=00;36:*.wav=00;36:*.oga=00;36:*.opus=00;36:*.spx=00;36:*.xspf=00;36:*~=00;90:*#=00;90:*.bak=00;90:*.crdownload=00;90:*.dpkg-dist=00;90:*.dpkg-new=00;90:*.dpkg-old=00;90:*.dpkg-tmp=00;90:*.old=00;90:*.orig=00;90:*.part=00;90:*.rej=00;90:*.rpmnew=00;90:*.rpmorig=00;90:*.rpmsave=00;90:*.swp=00;90:*.tmp=00;90:*.ucf-dist=00;90:*.ucf-new=00;90:*.ucf-old=00;90:', 'GNOME_TERMINAL_SERVICE': ':1.105', 'SSH_AUTH_SOCK': '/run/user/1000/keyring/ssh', 'AMENT_PREFIX_PATH': '/home/mars/Documents/Lunabotics25-26/lunabot_ws/install/micro_ros_setup:/home/mars/Documents/Lunabotics25-26/lunabot_ws/install/lunabot_teleop:/home/mars/Documents/Lunabotics25-26/lunabot_ws/install/lunabot_hardware:/opt/ros/jazzy', 'SHELL': '/bin/bash', 'QT_ACCESSIBILITY': '1', 'GDMSESSION': 'ubuntu', 'LESSCLOSE': '/usr/bin/lesspipe %s %s', 'ROS_AUTOMATIC_DISCOVERY_RANGE': 'SUBNET', 'QT_IM_MODULE': 'ibus', 'PWD': '/home/mars/Documents/Lunabotics25-26/lunabot_ws/build/micro_ros_msgs', 'MATON_API_KEY': 'Mn_5jBZCwj13HVp8RJrFTqxSPWujdrywf-PoxLLjNOsvNh4rtVWtlwFOGLmbTujg1wFLcmOTjYKiKnGLXvdZAe-QN0ep7x5u_hcqCfstUg', 'XDG_CONFIG_DIRS': '/etc/xdg/xdg-ubuntu:/etc/xdg', 'XDG_DATA_DIRS': '/usr/share/ubuntu:/usr/share/gnome:/usr/local/share/:/usr/share/:/var/lib/snapd/desktop', 'PYTHONPATH': '/opt/ros/jazzy/lib/python3.12/site-packages', 'COLCON': '1', 'MEMORY_PRESSURE_WRITE': 'c29tZSAyMDAwMDAgMjAwMDAwMAA=', 'VTE_VERSION': '7600', 'CMAKE_PREFIX_PATH': '/home/mars/Documents/Lunabotics25-26/lunabot_ws/install/micro_ros_setup:/home/mars/Documents/Lunabotics25-26/lunabot_ws/install/lunabot_teleop:/home/mars/Documents/Lunabotics25-26/lunabot_ws/install/lunabot_hardware:/opt/ros/jazzy/opt/gz_math_vendor:/opt/ros/jazzy/opt/gz_utils_vendor:/opt/ros/jazzy/opt/gz_cmake_vendor:/opt/ros/jazzy'}), 'shell': False}
[3.209115] (micro_ros_msgs) StdoutLine: {'line': b'[  1%] \x1b[34m\x1b[1mGenerating type hashes for ROS interfaces\x1b[0m\n'}
[3.211623] (-) TimerEvent: {}
[3.218751] (micro_ros_msgs) StdoutLine: {'line': b'[  1%] Built target ament_cmake_python_copy_micro_ros_msgs\n'}
[3.311704] (-) TimerEvent: {}
[3.412013] (-) TimerEvent: {}
[3.420439] (micro_ros_msgs) StdoutLine: {'line': b'running egg_info\n'}
[3.421292] (micro_ros_msgs) StdoutLine: {'line': b'creating micro_ros_msgs.egg-info\n'}
[3.439596] (micro_ros_msgs) StdoutLine: {'line': b'writing micro_ros_msgs.egg-info/PKG-INFO\n'}
[3.440393] (micro_ros_msgs) StdoutLine: {'line': b'writing dependency_links to micro_ros_msgs.egg-info/dependency_links.txt\n'}
[3.441353] (micro_ros_msgs) StdoutLine: {'line': b'writing top-level names to micro_ros_msgs.egg-info/top_level.txt\n'}
[3.443455] (micro_ros_msgs) StdoutLine: {'line': b"writing manifest file 'micro_ros_msgs.egg-info/SOURCES.txt'\n"}
[3.451939] (micro_ros_msgs) StdoutLine: {'line': b'[  1%] Built target micro_ros_msgs__rosidl_generator_type_description\n'}
[3.461178] (micro_ros_msgs) StdoutLine: {'line': b'[  3%] \x1b[34m\x1b[1mGenerating C code for ROS interfaces\x1b[0m\n'}
[3.470563] (micro_ros_msgs) StdoutLine: {'line': b'[  5%] \x1b[34m\x1b[1mGenerating C++ code for ROS interfaces\x1b[0m\n'}
[3.497838] (micro_ros_msgs) StdoutLine: {'line': b"reading manifest file 'micro_ros_msgs.egg-info/SOURCES.txt'\n"}
[3.498500] (micro_ros_msgs) StdoutLine: {'line': b"writing manifest file 'micro_ros_msgs.egg-info/SOURCES.txt'\n"}
[3.512103] (-) TimerEvent: {}
[3.551887] (micro_ros_msgs) StdoutLine: {'line': b'[  5%] Built target ament_cmake_python_build_micro_ros_msgs_egg\n'}
[3.612381] (-) TimerEvent: {}
[3.712742] (-) TimerEvent: {}
[3.813095] (-) TimerEvent: {}
[3.832864] (micro_ros_msgs) StdoutLine: {'line': b'[  5%] Built target micro_ros_msgs__cpp\n'}
[3.898739] (micro_ros_msgs) StdoutLine: {'line': b'[  9%] \x1b[32mBuilding C object CMakeFiles/micro_ros_msgs__rosidl_generator_c.dir/rosidl_generator_c/micro_ros_msgs/msg/detail/node__description.c.o\x1b[0m\n'}
[3.898954] (micro_ros_msgs) StdoutLine: {'line': b'[  9%] \x1b[32mBuilding C object CMakeFiles/micro_ros_msgs__rosidl_generator_c.dir/rosidl_generator_c/micro_ros_msgs/msg/detail/graph__functions.c.o\x1b[0m\n'}
[3.903463] (micro_ros_msgs) StdoutLine: {'line': b'[ 12%] \x1b[32mBuilding C object CMakeFiles/micro_ros_msgs__rosidl_generator_c.dir/rosidl_generator_c/micro_ros_msgs/msg/detail/graph__type_support.c.o\x1b[0m\n'}
[3.904653] (micro_ros_msgs) StdoutLine: {'line': b'[ 12%] \x1b[32mBuilding C object CMakeFiles/micro_ros_msgs__rosidl_generator_c.dir/rosidl_generator_c/micro_ros_msgs/msg/detail/graph__description.c.o\x1b[0m\n'}
[3.913196] (-) TimerEvent: {}
[3.935348] (micro_ros_msgs) StdoutLine: {'line': b'[ 14%] \x1b[32mBuilding C object CMakeFiles/micro_ros_msgs__rosidl_generator_c.dir/rosidl_generator_c/micro_ros_msgs/msg/detail/node__functions.c.o\x1b[0m\n'}
[3.946553] (micro_ros_msgs) StdoutLine: {'line': b'[ 18%] \x1b[32mBuilding C object CMakeFiles/micro_ros_msgs__rosidl_generator_c.dir/rosidl_generator_c/micro_ros_msgs/msg/detail/entity__description.c.o\x1b[0m\n'}
[3.946778] (micro_ros_msgs) StdoutLine: {'line': b'[ 18%] \x1b[32mBuilding C object CMakeFiles/micro_ros_msgs__rosidl_generator_c.dir/rosidl_generator_c/micro_ros_msgs/msg/detail/node__type_support.c.o\x1b[0m\n'}
[3.966522] (micro_ros_msgs) StdoutLine: {'line': b'[ 20%] \x1b[32mBuilding C object CMakeFiles/micro_ros_msgs__rosidl_generator_c.dir/rosidl_generator_c/micro_ros_msgs/msg/detail/entity__functions.c.o\x1b[0m\n'}
[3.976223] (micro_ros_msgs) StdoutLine: {'line': b'[ 22%] \x1b[32mBuilding C object CMakeFiles/micro_ros_msgs__rosidl_generator_c.dir/rosidl_generator_c/micro_ros_msgs/msg/detail/entity__type_support.c.o\x1b[0m\n'}
[4.008755] (micro_ros_msgs) StdoutLine: {'line': b'[ 24%] \x1b[32m\x1b[1mLinking C shared library libmicro_ros_msgs__rosidl_generator_c.so\x1b[0m\n'}
[4.013299] (-) TimerEvent: {}
[4.043549] (micro_ros_msgs) StdoutLine: {'line': b'[ 24%] Built target micro_ros_msgs__rosidl_generator_c\n'}
[4.052952] (micro_ros_msgs) StdoutLine: {'line': b'[ 29%] \x1b[34m\x1b[1mGenerating C++ introspection for ROS interfaces\x1b[0m\n'}
[4.054455] (micro_ros_msgs) StdoutLine: {'line': b'[ 29%] \x1b[34m\x1b[1mGenerating C++ type support for eProsima Fast-RTPS\x1b[0m\n'}
[4.054668] (micro_ros_msgs) StdoutLine: {'line': b'[ 29%] \x1b[34m\x1b[1mGenerating C type support dispatch for ROS interfaces\x1b[0m\n'}
[4.056485] (micro_ros_msgs) StdoutLine: {'line': b'[ 31%] \x1b[34m\x1b[1mGenerating C++ type support dispatch for ROS interfaces\x1b[0m\n'}
[4.113416] (-) TimerEvent: {}
[4.214399] (-) TimerEvent: {}
[4.314659] (-) TimerEvent: {}
[4.356437] (micro_ros_msgs) StdoutLine: {'line': b'[ 33%] \x1b[32mBuilding CXX object CMakeFiles/micro_ros_msgs__rosidl_typesupport_cpp.dir/rosidl_typesupport_cpp/micro_ros_msgs/msg/graph__type_support.cpp.o\x1b[0m\n'}
[4.397453] (micro_ros_msgs) StdoutLine: {'line': b'[ 35%] \x1b[32mBuilding CXX object CMakeFiles/micro_ros_msgs__rosidl_typesupport_c.dir/rosidl_typesupport_c/micro_ros_msgs/msg/graph__type_support.cpp.o\x1b[0m\n'}
[4.414776] (-) TimerEvent: {}
[4.424653] (micro_ros_msgs) StdoutLine: {'line': b'[ 37%] \x1b[32mBuilding CXX object CMakeFiles/micro_ros_msgs__rosidl_typesupport_introspection_cpp.dir/rosidl_typesupport_introspection_cpp/micro_ros_msgs/msg/detail/graph__type_support.cpp.o\x1b[0m\n'}
[4.445309] (micro_ros_msgs) StdoutLine: {'line': b'[ 38%] \x1b[32mBuilding CXX object CMakeFiles/micro_ros_msgs__rosidl_typesupport_c.dir/rosidl_typesupport_c/micro_ros_msgs/msg/node__type_support.cpp.o\x1b[0m\n'}
[4.468165] (micro_ros_msgs) StdoutLine: {'line': b'[ 40%] \x1b[32mBuilding CXX object CMakeFiles/micro_ros_msgs__rosidl_typesupport_fastrtps_cpp.dir/rosidl_typesupport_fastrtps_cpp/micro_ros_msgs/msg/detail/dds_fastrtps/graph__type_support.cpp.o\x1b[0m\n'}
[4.492442] (micro_ros_msgs) StdoutLine: {'line': b'[ 42%] \x1b[32mBuilding CXX object CMakeFiles/micro_ros_msgs__rosidl_typesupport_c.dir/rosidl_typesupport_c/micro_ros_msgs/msg/entity__type_support.cpp.o\x1b[0m\n'}
[4.514882] (-) TimerEvent: {}
[4.532070] (micro_ros_msgs) StdoutLine: {'line': b'[ 44%] \x1b[32m\x1b[1mLinking CXX shared library libmicro_ros_msgs__rosidl_typesupport_c.so\x1b[0m\n'}
[4.574232] (micro_ros_msgs) StdoutLine: {'line': b'[ 44%] Built target micro_ros_msgs__rosidl_typesupport_c\n'}
[4.583958] (micro_ros_msgs) StdoutLine: {'line': b'[ 46%] \x1b[32mBuilding CXX object CMakeFiles/micro_ros_msgs__rosidl_typesupport_introspection_cpp.dir/rosidl_typesupport_introspection_cpp/micro_ros_msgs/msg/detail/node__type_support.cpp.o\x1b[0m\n'}
[4.615021] (-) TimerEvent: {}
[4.669984] (micro_ros_msgs) StdoutLine: {'line': b'[ 48%] \x1b[32mBuilding CXX object CMakeFiles/micro_ros_msgs__rosidl_typesupport_cpp.dir/rosidl_typesupport_cpp/micro_ros_msgs/msg/node__type_support.cpp.o\x1b[0m\n'}
[4.715337] (-) TimerEvent: {}
[4.816475] (-) TimerEvent: {}
[4.916811] (-) TimerEvent: {}
[5.015403] (micro_ros_msgs) StdoutLine: {'line': b'[ 50%] \x1b[32mBuilding CXX object CMakeFiles/micro_ros_msgs__rosidl_typesupport_cpp.dir/rosidl_typesupport_cpp/micro_ros_msgs/msg/entity__type_support.cpp.o\x1b[0m\n'}
[5.016877] (-) TimerEvent: {}
[5.062665] (micro_ros_msgs) StdoutLine: {'line': b'[ 51%] \x1b[34m\x1b[1mGenerating C type support for eProsima Fast-RTPS\x1b[0m\n'}
[5.065234] (micro_ros_msgs) StdoutLine: {'line': b'[ 53%] \x1b[32mBuilding CXX object CMakeFiles/micro_ros_msgs__rosidl_typesupport_introspection_cpp.dir/rosidl_typesupport_introspection_cpp/micro_ros_msgs/msg/detail/entity__type_support.cpp.o\x1b[0m\n'}
[5.116969] (-) TimerEvent: {}
[5.125173] (micro_ros_msgs) StdoutLine: {'line': b'[ 55%] \x1b[32mBuilding CXX object CMakeFiles/micro_ros_msgs__rosidl_typesupport_fastrtps_cpp.dir/rosidl_typesupport_fastrtps_cpp/micro_ros_msgs/msg/detail/dds_fastrtps/node__type_support.cpp.o\x1b[0m\n'}
[5.217083] (-) TimerEvent: {}
[5.317384] (-) TimerEvent: {}
[5.421418] (-) TimerEvent: {}
[5.521030] (micro_ros_msgs) StdoutLine: {'line': b'[ 57%] \x1b[32m\x1b[1mLinking CXX shared library libmicro_ros_msgs__rosidl_typesupport_cpp.so\x1b[0m\n'}
[5.521552] (-) TimerEvent: {}
[5.539520] (micro_ros_msgs) StdoutLine: {'line': b'[ 57%] Built target micro_ros_msgs__rosidl_typesupport_cpp\n'}
[5.545050] (micro_ros_msgs) StdoutLine: {'line': b'[ 59%] \x1b[32m\x1b[1mLinking CXX shared library libmicro_ros_msgs__rosidl_typesupport_introspection_cpp.so\x1b[0m\n'}
[5.560461] (micro_ros_msgs) StdoutLine: {'line': b'[ 61%] \x1b[34m\x1b[1mGenerating C introspection for ROS interfaces\x1b[0m\n'}
[5.622441] (-) TimerEvent: {}
[5.683954] (micro_ros_msgs) StdoutLine: {'line': b'[ 62%] \x1b[32mBuilding CXX object CMakeFiles/micro_ros_msgs__rosidl_typesupport_fastrtps_c.dir/rosidl_typesupport_fastrtps_c/micro_ros_msgs/msg/detail/graph__type_support_c.cpp.o\x1b[0m\n'}
[5.690806] (micro_ros_msgs) StdoutLine: {'line': b'[ 64%] \x1b[32mBuilding CXX object CMakeFiles/micro_ros_msgs__rosidl_typesupport_fastrtps_cpp.dir/rosidl_typesupport_fastrtps_cpp/micro_ros_msgs/msg/detail/dds_fastrtps/entity__type_support.cpp.o\x1b[0m\n'}
[5.723408] (-) TimerEvent: {}
[5.796931] (micro_ros_msgs) StdoutLine: {'line': b'[ 64%] Built target micro_ros_msgs__rosidl_typesupport_introspection_cpp\n'}
[5.816487] (micro_ros_msgs) StdoutLine: {'line': b'[ 66%] \x1b[32mBuilding CXX object CMakeFiles/micro_ros_msgs__rosidl_typesupport_fastrtps_c.dir/rosidl_typesupport_fastrtps_c/micro_ros_msgs/msg/detail/node__type_support_c.cpp.o\x1b[0m\n'}
[5.826521] (-) TimerEvent: {}
[5.926837] (-) TimerEvent: {}
[6.029737] (-) TimerEvent: {}
[6.130150] (-) TimerEvent: {}
[6.145449] (micro_ros_msgs) StdoutLine: {'line': b'[ 68%] \x1b[32mBuilding C object CMakeFiles/micro_ros_msgs__rosidl_typesupport_introspection_c.dir/rosidl_typesupport_introspection_c/micro_ros_msgs/msg/detail/graph__type_support.c.o\x1b[0m\n'}
[6.187920] (micro_ros_msgs) StdoutLine: {'line': b'[ 70%] \x1b[32mBuilding C object CMakeFiles/micro_ros_msgs__rosidl_typesupport_introspection_c.dir/rosidl_typesupport_introspection_c/micro_ros_msgs/msg/detail/node__type_support.c.o\x1b[0m\n'}
[6.219447] (micro_ros_msgs) StdoutLine: {'line': b'[ 72%] \x1b[32mBuilding CXX object CMakeFiles/micro_ros_msgs__rosidl_typesupport_fastrtps_c.dir/rosidl_typesupport_fastrtps_c/micro_ros_msgs/msg/detail/entity__type_support_c.cpp.o\x1b[0m\n'}
[6.230261] (-) TimerEvent: {}
[6.240639] (micro_ros_msgs) StdoutLine: {'line': b'[ 74%] \x1b[32mBuilding C object CMakeFiles/micro_ros_msgs__rosidl_typesupport_introspection_c.dir/rosidl_typesupport_introspection_c/micro_ros_msgs/msg/detail/entity__type_support.c.o\x1b[0m\n'}
[6.247791] (micro_ros_msgs) StdoutLine: {'line': b'[ 75%] \x1b[32m\x1b[1mLinking CXX shared library libmicro_ros_msgs__rosidl_typesupport_fastrtps_cpp.so\x1b[0m\n'}
[6.327701] (micro_ros_msgs) StdoutLine: {'line': b'[ 77%] \x1b[32m\x1b[1mLinking C shared library libmicro_ros_msgs__rosidl_typesupport_introspection_c.so\x1b[0m\n'}
[6.330368] (-) TimerEvent: {}
[6.362654] (micro_ros_msgs) StdoutLine: {'line': b'[ 77%] Built target micro_ros_msgs__rosidl_typesupport_fastrtps_cpp\n'}
[6.380234] (micro_ros_msgs) StdoutLine: {'line': b'[ 77%] Built target micro_ros_msgs__rosidl_typesupport_introspection_c\n'}
[6.430436] (-) TimerEvent: {}
[6.531631] (-) TimerEvent: {}
[6.631984] (-) TimerEvent: {}
[6.704945] (micro_ros_msgs) StdoutLine: {'line': b'[ 79%] \x1b[32m\x1b[1mLinking CXX shared library libmicro_ros_msgs__rosidl_typesupport_fastrtps_c.so\x1b[0m\n'}
[6.732270] (-) TimerEvent: {}
[6.800450] (micro_ros_msgs) StdoutLine: {'line': b'[ 79%] Built target micro_ros_msgs__rosidl_typesupport_fastrtps_c\n'}
[6.818220] (micro_ros_msgs) StdoutLine: {'line': b'[ 79%] Built target micro_ros_msgs\n'}
[6.832409] (-) TimerEvent: {}
[6.842119] (micro_ros_msgs) StdoutLine: {'line': b'[ 81%] \x1b[34m\x1b[1mGenerating Python code for ROS interfaces\x1b[0m\n'}
[6.932522] (-) TimerEvent: {}
[7.032838] (-) TimerEvent: {}
[7.133134] (-) TimerEvent: {}
[7.234445] (-) TimerEvent: {}
[7.265025] (micro_ros_msgs) StdoutLine: {'line': b'[ 81%] Built target micro_ros_msgs__py\n'}
[7.283450] (micro_ros_msgs) StdoutLine: {'line': b'[ 87%] \x1b[32mBuilding C object CMakeFiles/micro_ros_msgs__rosidl_generator_py.dir/rosidl_generator_py/micro_ros_msgs/msg/_graph_s.c.o\x1b[0m\n'}
[7.283640] (micro_ros_msgs) StdoutLine: {'line': b'[ 87%] \x1b[32mBuilding C object CMakeFiles/micro_ros_msgs__rosidl_generator_py.dir/rosidl_generator_py/micro_ros_msgs/msg/_node_s.c.o\x1b[0m\n'}
[7.283706] (micro_ros_msgs) StdoutLine: {'line': b'[ 87%] \x1b[32mBuilding C object CMakeFiles/micro_ros_msgs__rosidl_generator_py.dir/rosidl_generator_py/micro_ros_msgs/msg/_entity_s.c.o\x1b[0m\n'}
[7.334641] (-) TimerEvent: {}
[7.396173] (micro_ros_msgs) StdoutLine: {'line': b'[ 88%] \x1b[32m\x1b[1mLinking C shared library libmicro_ros_msgs__rosidl_generator_py.so\x1b[0m\n'}
[7.434197] (micro_ros_msgs) StdoutLine: {'line': b'[ 88%] Built target micro_ros_msgs__rosidl_generator_py\n'}
[7.434701] (-) TimerEvent: {}
[7.454840] (micro_ros_msgs) StdoutLine: {'line': b'[ 94%] \x1b[32mBuilding C object CMakeFiles/micro_ros_msgs_s__rosidl_typesupport_fastrtps_c.dir/rosidl_generator_py/micro_ros_msgs/_micro_ros_msgs_s.ep.rosidl_typesupport_fastrtps_c.c.o\x1b[0m\n'}
[7.455024] (micro_ros_msgs) StdoutLine: {'line': b'[ 94%] \x1b[32mBuilding C object CMakeFiles/micro_ros_msgs_s__rosidl_typesupport_introspection_c.dir/rosidl_generator_py/micro_ros_msgs/_micro_ros_msgs_s.ep.rosidl_typesupport_introspection_c.c.o\x1b[0m\n'}
[7.455705] (micro_ros_msgs) StdoutLine: {'line': b'[ 94%] \x1b[32mBuilding C object CMakeFiles/micro_ros_msgs_s__rosidl_typesupport_c.dir/rosidl_generator_py/micro_ros_msgs/_micro_ros_msgs_s.ep.rosidl_typesupport_c.c.o\x1b[0m\n'}
[7.534821] (-) TimerEvent: {}
[7.551596] (micro_ros_msgs) StdoutLine: {'line': b'[ 96%] \x1b[32m\x1b[1mLinking C shared module rosidl_generator_py/micro_ros_msgs/micro_ros_msgs_s__rosidl_typesupport_c.so\x1b[0m\n'}
[7.553685] (micro_ros_msgs) StdoutLine: {'line': b'[ 98%] \x1b[32m\x1b[1mLinking C shared module rosidl_generator_py/micro_ros_msgs/micro_ros_msgs_s__rosidl_typesupport_fastrtps_c.so\x1b[0m\n'}
[7.557941] (micro_ros_msgs) StdoutLine: {'line': b'[100%] \x1b[32m\x1b[1mLinking C shared module rosidl_generator_py/micro_ros_msgs/micro_ros_msgs_s__rosidl_typesupport_introspection_c.so\x1b[0m\n'}
[7.580911] (micro_ros_msgs) StdoutLine: {'line': b'[100%] Built target micro_ros_msgs_s__rosidl_typesupport_c\n'}
[7.582236] (micro_ros_msgs) StdoutLine: {'line': b'[100%] Built target micro_ros_msgs_s__rosidl_typesupport_fastrtps_c\n'}
[7.586703] (micro_ros_msgs) StdoutLine: {'line': b'[100%] Built target micro_ros_msgs_s__rosidl_typesupport_introspection_c\n'}
[7.597092] (micro_ros_msgs) CommandEnded: {'returncode': 0}
[7.597757] (micro_ros_msgs) JobProgress: {'identifier': 'micro_ros_msgs', 'progress': 'install'}
[7.605578] (micro_ros_msgs) Command: {'cmd': ['/usr/bin/cmake', '--install', '/home/mars/Documents/Lunabotics25-26/lunabot_ws/build/micro_ros_msgs'], 'cwd': '/home/mars/Documents/Lunabotics25-26/lunabot_ws/build/micro_ros_msgs', 'env': OrderedDict({'LESSOPEN': '| /usr/bin/lesspipe %s', 'USER': 'mars', 'XDG_SESSION_TYPE': 'wayland', 'CLUTTER_DISABLE_MIPMAPPED_TEXT': '1', 'SHLVL': '2', 'LD_LIBRARY_PATH': '/opt/ros/jazzy/opt/rviz_ogre_vendor/lib:/opt/ros/jazzy/lib/x86_64-linux-gnu:/opt/ros/jazzy/opt/gz_math_vendor/lib:/opt/ros/jazzy/opt/gz_utils_vendor/lib:/opt/ros/jazzy/opt/gz_cmake_vendor/lib:/opt/ros/jazzy/lib', 'HOME': '/home/mars', 'OLDPWD': '/home/mars/Documents/Lunabotics25-26/lunabot_ws/src', 'DESKTOP_SESSION': 'ubuntu', 'ROS_PYTHON_VERSION': '3', 'GNOME_SHELL_SESSION_MODE': 'ubuntu', 'GTK_MODULES': 'gail:atk-bridge', 'SYSTEMD_EXEC_PID': '4503', 'GSM_SKIP_SSH_AGENT_WORKAROUND': 'true', 'DBUS_SESSION_BUS_ADDRESS': 'unix:path=/run/user/1000/bus', 'COLORTERM': 'truecolor', 'DEBUGINFOD_URLS': 'https://debuginfod.ubuntu.com', 'IM_CONFIG_PHASE': '1', 'WAYLAND_DISPLAY': 'wayland-0', 'COLCON_PREFIX_PATH': '/home/mars/Documents/Lunabotics25-26/lunabot_ws/install', 'ROS_DISTRO': 'jazzy', 'LOGNAME': 'mars', '_': '/usr/bin/colcon', 'ROS_VERSION': '2', 'MEMORY_PRESSURE_WATCH': '/sys/fs/cgroup/user.slice/user-1000.slice/user@1000.service/session.slice/org.gnome.Shell@wayland.service/memory.pressure', 'XDG_SESSION_CLASS': 'user', 'USERNAME': 'mars', 'TERM': 'xterm-256color', 'GNOME_DESKTOP_SESSION_ID': 'this-is-deprecated', 'PATH': '/opt/ros/jazzy/bin:/home/mars/.npm-global/bin:/home/mars/.local/bin:/home/mars/bin:/usr/local/sbin:/usr/local/bin:/usr/sbin:/usr/bin:/sbin:/bin:/usr/games:/usr/local/games:/snap/bin:/snap/bin', 'SESSION_MANAGER': 'local/mars-pc:@/tmp/.ICE-unix/4470,unix/mars-pc:/tmp/.ICE-unix/4470', 'XDG_MENU_PREFIX': 'gnome-', 'GNOME_TERMINAL_SCREEN': '/org/gnome/Terminal/screen/553f9276_3248_478b_805a_2313b91dd2c9', 'GNOME_SETUP_DISPLAY': ':1', 'XDG_RUNTIME_DIR': '/run/user/1000', 'DISPLAY': ':0', 'LANG': 'en_US.UTF-8', 'XDG_CURRENT_DESKTOP': 'ubuntu:GNOME', 'XMODIFIERS': '@im=ibus', 'XDG_SESSION_DESKTOP': 'ubuntu', 'XAUTHORITY': '/run/user/1000/.mutter-Xwaylandauth.LLNKM3', 'LS_COLORS': 'rs=0:di=01;34:ln=01;36:mh=00:pi=40;33:so=01;35:do=01;35:bd=40;33;01:cd=40;33;01:or=40;31;01:mi=00:su=37;41:sg=30;43:ca=00:tw=30;42:ow=34;42:st=37;44:ex=01;32:*.tar=01;31:*.tgz=01;31:*.arc=01;31:*.arj=01;31:*.taz=01;31:*.lha=01;31:*.lz4=01;31:*.lzh=01;31:*.lzma=01;31:*.tlz=01;31:*.txz=01;31:*.tzo=01;31:*.t7z=01;31:*.zip=01;31:*.z=01;31:*.dz=01;31:*.gz=01;31:*.lrz=01;31:*.lz=01;31:*.lzo=01;31:*.xz=01;31:*.zst=01;31:*.tzst=01;31:*.bz2=01;31:*.bz=01;31:*.tbz=01;31:*.tbz2=01;31:*.tz=01;31:*.deb=01;31:*.rpm=01;31:*.jar=01;31:*.war=01;31:*.ear=01;31:*.sar=01;31:*.rar=01;31:*.alz=01;31:*.ace=01;31:*.zoo=01;31:*.cpio=01;31:*.7z=01;31:*.rz=01;31:*.cab=01;31:*.wim=01;31:*.swm=01;31:*.dwm=01;31:*.esd=01;31:*.avif=01;35:*.jpg=01;35:*.jpeg=01;35:*.mjpg=01;35:*.mjpeg=01;35:*.gif=01;35:*.bmp=01;35:*.pbm=01;35:*.pgm=01;35:*.ppm=01;35:*.tga=01;35:*.xbm=01;35:*.xpm=01;35:*.tif=01;35:*.tiff=01;35:*.png=01;35:*.svg=01;35:*.svgz=01;35:*.mng=01;35:*.pcx=01;35:*.mov=01;35:*.mpg=01;35:*.mpeg=01;35:*.m2v=01;35:*.mkv=01;35:*.webm=01;35:*.webp=01;35:*.ogm=01;35:*.mp4=01;35:*.m4v=01;35:*.mp4v=01;35:*.vob=01;35:*.qt=01;35:*.nuv=01;35:*.wmv=01;35:*.asf=01;35:*.rm=01;35:*.rmvb=01;35:*.flc=01;35:*.avi=01;35:*.fli=01;35:*.flv=01;35:*.gl=01;35:*.dl=01;35:*.xcf=01;35:*.xwd=01;35:*.yuv=01;35:*.cgm=01;35:*.emf=01;35:*.ogv=01;35:*.ogx=01;35:*.aac=00;36:*.au=00;36:*.flac=00;36:*.m4a=00;36:*.mid=00;36:*.midi=00;36:*.mka=00;36:*.mp3=00;36:*.mpc=00;36:*.ogg=00;36:*.ra=00;36:*.wav=00;36:*.oga=00;36:*.opus=00;36:*.spx=00;36:*.xspf=00;36:*~=00;90:*#=00;90:*.bak=00;90:*.crdownload=00;90:*.dpkg-dist=00;90:*.dpkg-new=00;90:*.dpkg-old=00;90:*.dpkg-tmp=00;90:*.old=00;90:*.orig=00;90:*.part=00;90:*.rej=00;90:*.rpmnew=00;90:*.rpmorig=00;90:*.rpmsave=00;90:*.swp=00;90:*.tmp=00;90:*.ucf-dist=00;90:*.ucf-new=00;90:*.ucf-old=00;90:', 'GNOME_TERMINAL_SERVICE': ':1.105', 'SSH_AUTH_SOCK': '/run/user/1000/keyring/ssh', 'AMENT_PREFIX_PATH': '/home/mars/Documents/Lunabotics25-26/lunabot_ws/install/micro_ros_setup:/home/mars/Documents/Lunabotics25-26/lunabot_ws/install/lunabot_teleop:/home/mars/Documents/Lunabotics25-26/lunabot_ws/install/lunabot_hardware:/opt/ros/jazzy', 'SHELL': '/bin/bash', 'QT_ACCESSIBILITY': '1', 'GDMSESSION': 'ubuntu', 'LESSCLOSE': '/usr/bin/lesspipe %s %s', 'ROS_AUTOMATIC_DISCOVERY_RANGE': 'SUBNET', 'QT_IM_MODULE': 'ibus', 'PWD': '/home/mars/Documents/Lunabotics25-26/lunabot_ws/build/micro_ros_msgs', 'MATON_API_KEY': 'Mn_5jBZCwj13HVp8RJrFTqxSPWujdrywf-PoxLLjNOsvNh4rtVWtlwFOGLmbTujg1wFLcmOTjYKiKnGLXvdZAe-QN0ep7x5u_hcqCfstUg', 'XDG_CONFIG_DIRS': '/etc/xdg/xdg-ubuntu:/etc/xdg', 'XDG_DATA_DIRS': '/usr/share/ubuntu:/usr/share/gnome:/usr/local/share/:/usr/share/:/var/lib/snapd/desktop', 'PYTHONPATH': '/opt/ros/jazzy/lib/python3.12/site-packages', 'COLCON': '1', 'MEMORY_PRESSURE_WRITE': 'c29tZSAyMDAwMDAgMjAwMDAwMAA=', 'VTE_VERSION': '7600', 'CMAKE_PREFIX_PATH': '/home/mars/Documents/Lunabotics25-26/lunabot_ws/install/micro_ros_setup:/home/mars/Documents/Lunabotics25-26/lunabot_ws/install/lunabot_teleop:/home/mars/Documents/Lunabotics25-26/lunabot_ws/install/lunabot_hardware:/opt/ros/jazzy/opt/gz_math_vendor:/opt/ros/jazzy/opt/gz_utils_vendor:/opt/ros/jazzy/opt/gz_cmake_vendor:/opt/ros/jazzy'}), 'shell': False}
[7.613038] (micro_ros_msgs) StdoutLine: {'line': b'-- Install configuration: ""\n'}
[7.613320] (micro_ros_msgs) StdoutLine: {'line': b'-- Installing: /home/mars/Documents/Lunabotics25-26/lunabot_ws/install/micro_ros_msgs/share/ament_index/resource_index/rosidl_interfaces/micro_ros_msgs\n'}
[7.613482] (micro_ros_msgs) StdoutLine: {'line': b'-- Installing: /home/mars/Documents/Lunabotics25-26/lunabot_ws/install/micro_ros_msgs/share/micro_ros_msgs/msg/Graph.json\n'}
[7.613547] (micro_ros_msgs) StdoutLine: {'line': b'-- Installing: /home/mars/Documents/Lunabotics25-26/lunabot_ws/install/micro_ros_msgs/share/micro_ros_msgs/msg/Node.json\n'}
[7.613633] (micro_ros_msgs) StdoutLine: {'line': b'-- Installing: /home/mars/Documents/Lunabotics25-26/lunabot_ws/install/micro_ros_msgs/share/micro_ros_msgs/msg/Entity.json\n'}
[7.613712] (micro_ros_msgs) StdoutLine: {'line': b'-- Installing: /home/mars/Documents/Lunabotics25-26/lunabot_ws/install/micro_ros_msgs/include/micro_ros_msgs/micro_ros_msgs\n'}
[7.613794] (micro_ros_msgs) StdoutLine: {'line': b'-- Installing: /home/mars/Documents/Lunabotics25-26/lunabot_ws/install/micro_ros_msgs/include/micro_ros_msgs/micro_ros_msgs/msg\n'}
[7.613866] (micro_ros_msgs) StdoutLine: {'line': b'-- Installing: /home/mars/Documents/Lunabotics25-26/lunabot_ws/install/micro_ros_msgs/include/micro_ros_msgs/micro_ros_msgs/msg/graph.h\n'}
[7.613925] (micro_ros_msgs) StdoutLine: {'line': b'-- Installing: /home/mars/Documents/Lunabotics25-26/lunabot_ws/install/micro_ros_msgs/include/micro_ros_msgs/micro_ros_msgs/msg/detail\n'}
[7.613986] (micro_ros_msgs) StdoutLine: {'line': b'-- Installing: /home/mars/Documents/Lunabotics25-26/lunabot_ws/install/micro_ros_msgs/include/micro_ros_msgs/micro_ros_msgs/msg/detail/graph__functions.h\n'}
[7.614071] (micro_ros_msgs) StdoutLine: {'line': b'-- Installing: /home/mars/Documents/Lunabotics25-26/lunabot_ws/install/micro_ros_msgs/include/micro_ros_msgs/micro_ros_msgs/msg/detail/graph__type_support.c\n'}
[7.614135] (micro_ros_msgs) StdoutLine: {'line': b'-- Installing: /home/mars/Documents/Lunabotics25-26/lunabot_ws/install/micro_ros_msgs/include/micro_ros_msgs/micro_ros_msgs/msg/detail/graph__struct.h\n'}
[7.614216] (micro_ros_msgs) StdoutLine: {'line': b'-- Installing: /home/mars/Documents/Lunabotics25-26/lunabot_ws/install/micro_ros_msgs/include/micro_ros_msgs/micro_ros_msgs/msg/detail/graph__description.c\n'}
[7.614277] (micro_ros_msgs) StdoutLine: {'line': b'-- Installing: /home/mars/Documents/Lunabotics25-26/lunabot_ws/install/micro_ros_msgs/include/micro_ros_msgs/micro_ros_msgs/msg/detail/graph__functions.c\n'}
[7.614338] (micro_ros_msgs) StdoutLine: {'line': b'-- Installing: /home/mars/Documents/Lunabotics25-26/lunabot_ws/install/micro_ros_msgs/include/micro_ros_msgs/micro_ros_msgs/msg/detail/node__type_support.h\n'}
[7.614428] (micro_ros_msgs) StdoutLine: {'line': b'-- Installing: /home/mars/Documents/Lunabotics25-26/lunabot_ws/install/micro_ros_msgs/include/micro_ros_msgs/micro_ros_msgs/msg/detail/entity__description.c\n'}
[7.614489] (micro_ros_msgs) StdoutLine: {'line': b'-- Installing: /home/mars/Documents/Lunabotics25-26/lunabot_ws/install/micro_ros_msgs/include/micro_ros_msgs/micro_ros_msgs/msg/detail/entity__functions.h\n'}
[7.614564] (micro_ros_msgs) StdoutLine: {'line': b'-- Installing: /home/mars/Documents/Lunabotics25-26/lunabot_ws/install/micro_ros_msgs/include/micro_ros_msgs/micro_ros_msgs/msg/detail/entity__functions.c\n'}
[7.614623] (micro_ros_msgs) StdoutLine: {'line': b'-- Installing: /home/mars/Documents/Lunabotics25-26/lunabot_ws/install/micro_ros_msgs/include/micro_ros_msgs/micro_ros_msgs/msg/detail/node__functions.h\n'}
[7.614714] (micro_ros_msgs) StdoutLine: {'line': b'-- Installing: /home/mars/Documents/Lunabotics25-26/lunabot_ws/install/micro_ros_msgs/include/micro_ros_msgs/micro_ros_msgs/msg/detail/node__description.c\n'}
[7.614793] (micro_ros_msgs) StdoutLine: {'line': b'-- Installing: /home/mars/Documents/Lunabotics25-26/lunabot_ws/install/micro_ros_msgs/include/micro_ros_msgs/micro_ros_msgs/msg/detail/node__struct.h\n'}
[7.614867] (micro_ros_msgs) StdoutLine: {'line': b'-- Installing: /home/mars/Documents/Lunabotics25-26/lunabot_ws/install/micro_ros_msgs/include/micro_ros_msgs/micro_ros_msgs/msg/detail/graph__type_support.h\n'}
[7.614936] (micro_ros_msgs) StdoutLine: {'line': b'-- Installing: /home/mars/Documents/Lunabotics25-26/lunabot_ws/install/micro_ros_msgs/include/micro_ros_msgs/micro_ros_msgs/msg/detail/entity__struct.h\n'}
[7.615006] (micro_ros_msgs) StdoutLine: {'line': b'-- Installing: /home/mars/Documents/Lunabotics25-26/lunabot_ws/install/micro_ros_msgs/include/micro_ros_msgs/micro_ros_msgs/msg/detail/entity__type_support.h\n'}
[7.615066] (micro_ros_msgs) StdoutLine: {'line': b'-- Installing: /home/mars/Documents/Lunabotics25-26/lunabot_ws/install/micro_ros_msgs/include/micro_ros_msgs/micro_ros_msgs/msg/detail/node__type_support.c\n'}
[7.615144] (micro_ros_msgs) StdoutLine: {'line': b'-- Installing: /home/mars/Documents/Lunabotics25-26/lunabot_ws/install/micro_ros_msgs/include/micro_ros_msgs/micro_ros_msgs/msg/detail/entity__type_support.c\n'}
[7.615212] (micro_ros_msgs) StdoutLine: {'line': b'-- Installing: /home/mars/Documents/Lunabotics25-26/lunabot_ws/install/micro_ros_msgs/include/micro_ros_msgs/micro_ros_msgs/msg/detail/node__functions.c\n'}
[7.615273] (micro_ros_msgs) StdoutLine: {'line': b'-- Installing: /home/mars/Documents/Lunabotics25-26/lunabot_ws/install/micro_ros_msgs/include/micro_ros_msgs/micro_ros_msgs/msg/rosidl_generator_c__visibility_control.h\n'}
[7.615353] (micro_ros_msgs) StdoutLine: {'line': b'-- Installing: /home/mars/Documents/Lunabotics25-26/lunabot_ws/install/micro_ros_msgs/include/micro_ros_msgs/micro_ros_msgs/msg/entity.h\n'}
[7.615441] (micro_ros_msgs) StdoutLine: {'line': b'-- Installing: /home/mars/Documents/Lunabotics25-26/lunabot_ws/install/micro_ros_msgs/include/micro_ros_msgs/micro_ros_msgs/msg/node.h\n'}
[7.615514] (micro_ros_msgs) StdoutLine: {'line': b'-- Installing: /home/mars/Documents/Lunabotics25-26/lunabot_ws/install/micro_ros_msgs/share/micro_ros_msgs/environment/library_path.sh\n'}
[7.615572] (micro_ros_msgs) StdoutLine: {'line': b'-- Installing: /home/mars/Documents/Lunabotics25-26/lunabot_ws/install/micro_ros_msgs/share/micro_ros_msgs/environment/library_path.dsv\n'}
[7.615639] (micro_ros_msgs) StdoutLine: {'line': b'-- Installing: /home/mars/Documents/Lunabotics25-26/lunabot_ws/install/micro_ros_msgs/lib/libmicro_ros_msgs__rosidl_generator_c.so\n'}
[7.615861] (micro_ros_msgs) StdoutLine: {'line': b'-- Set non-toolchain portion of runtime path of "/home/mars/Documents/Lunabotics25-26/lunabot_ws/install/micro_ros_msgs/lib/libmicro_ros_msgs__rosidl_generator_c.so" to ""\n'}
[7.615977] (micro_ros_msgs) StdoutLine: {'line': b'-- Up-to-date: /home/mars/Documents/Lunabotics25-26/lunabot_ws/install/micro_ros_msgs/include/micro_ros_msgs/micro_ros_msgs\n'}
[7.616053] (micro_ros_msgs) StdoutLine: {'line': b'-- Up-to-date: /home/mars/Documents/Lunabotics25-26/lunabot_ws/install/micro_ros_msgs/include/micro_ros_msgs/micro_ros_msgs/msg\n'}
[7.616115] (micro_ros_msgs) StdoutLine: {'line': b'-- Up-to-date: /home/mars/Documents/Lunabotics25-26/lunabot_ws/install/micro_ros_msgs/include/micro_ros_msgs/micro_ros_msgs/msg/detail\n'}
[7.616173] (micro_ros_msgs) StdoutLine: {'line': b'-- Installing: /home/mars/Documents/Lunabotics25-26/lunabot_ws/install/micro_ros_msgs/include/micro_ros_msgs/micro_ros_msgs/msg/detail/entity__rosidl_typesupport_fastrtps_c.h\n'}
[7.616259] (micro_ros_msgs) StdoutLine: {'line': b'-- Installing: /home/mars/Documents/Lunabotics25-26/lunabot_ws/install/micro_ros_msgs/include/micro_ros_msgs/micro_ros_msgs/msg/detail/graph__rosidl_typesupport_fastrtps_c.h\n'}
[7.616343] (micro_ros_msgs) StdoutLine: {'line': b'-- Installing: /home/mars/Documents/Lunabotics25-26/lunabot_ws/install/micro_ros_msgs/include/micro_ros_msgs/micro_ros_msgs/msg/detail/node__rosidl_typesupport_fastrtps_c.h\n'}
[7.616411] (micro_ros_msgs) StdoutLine: {'line': b'-- Installing: /home/mars/Documents/Lunabotics25-26/lunabot_ws/install/micro_ros_msgs/include/micro_ros_msgs/micro_ros_msgs/msg/rosidl_typesupport_fastrtps_c__visibility_control.h\n'}
[7.616468] (micro_ros_msgs) StdoutLine: {'line': b'-- Installing: /home/mars/Documents/Lunabotics25-26/lunabot_ws/install/micro_ros_msgs/lib/libmicro_ros_msgs__rosidl_typesupport_fastrtps_c.so\n'}
[7.616629] (micro_ros_msgs) StdoutLine: {'line': b'-- Set non-toolchain portion of runtime path of "/home/mars/Documents/Lunabotics25-26/lunabot_ws/install/micro_ros_msgs/lib/libmicro_ros_msgs__rosidl_typesupport_fastrtps_c.so" to ""\n'}
[7.616727] (micro_ros_msgs) StdoutLine: {'line': b'-- Up-to-date: /home/mars/Documents/Lunabotics25-26/lunabot_ws/install/micro_ros_msgs/include/micro_ros_msgs/micro_ros_msgs\n'}
[7.616818] (micro_ros_msgs) StdoutLine: {'line': b'-- Up-to-date: /home/mars/Documents/Lunabotics25-26/lunabot_ws/install/micro_ros_msgs/include/micro_ros_msgs/micro_ros_msgs/msg\n'}
[7.616883] (micro_ros_msgs) StdoutLine: {'line': b'-- Installing: /home/mars/Documents/Lunabotics25-26/lunabot_ws/install/micro_ros_msgs/include/micro_ros_msgs/micro_ros_msgs/msg/rosidl_typesupport_introspection_c__visibility_control.h\n'}
[7.616953] (micro_ros_msgs) StdoutLine: {'line': b'-- Up-to-date: /home/mars/Documents/Lunabotics25-26/lunabot_ws/install/micro_ros_msgs/include/micro_ros_msgs/micro_ros_msgs/msg/detail\n'}
[7.617044] (micro_ros_msgs) StdoutLine: {'line': b'-- Installing: /home/mars/Documents/Lunabotics25-26/lunabot_ws/install/micro_ros_msgs/include/micro_ros_msgs/micro_ros_msgs/msg/detail/graph__type_support.c\n'}
[7.617128] (micro_ros_msgs) StdoutLine: {'line': b'-- Installing: /home/mars/Documents/Lunabotics25-26/lunabot_ws/install/micro_ros_msgs/include/micro_ros_msgs/micro_ros_msgs/msg/detail/node__rosidl_typesupport_introspection_c.h\n'}
[7.617188] (micro_ros_msgs) StdoutLine: {'line': b'-- Installing: /home/mars/Documents/Lunabotics25-26/lunabot_ws/install/micro_ros_msgs/include/micro_ros_msgs/micro_ros_msgs/msg/detail/entity__rosidl_typesupport_introspection_c.h\n'}
[7.617257] (micro_ros_msgs) StdoutLine: {'line': b'-- Installing: /home/mars/Documents/Lunabotics25-26/lunabot_ws/install/micro_ros_msgs/include/micro_ros_msgs/micro_ros_msgs/msg/detail/graph__rosidl_typesupport_introspection_c.h\n'}
[7.617315] (micro_ros_msgs) StdoutLine: {'line': b'-- Installing: /home/mars/Documents/Lunabotics25-26/lunabot_ws/install/micro_ros_msgs/include/micro_ros_msgs/micro_ros_msgs/msg/detail/node__type_support.c\n'}
[7.617393] (micro_ros_msgs) StdoutLine: {'line': b'-- Installing: /home/mars/Documents/Lunabotics25-26/lunabot_ws/install/micro_ros_msgs/include/micro_ros_msgs/micro_ros_msgs/msg/detail/entity__type_support.c\n'}
[7.617451] (micro_ros_msgs) StdoutLine: {'line': b'-- Installing: /home/mars/Documents/Lunabotics25-26/lunabot_ws/install/micro_ros_msgs/lib/libmicro_ros_msgs__rosidl_typesupport_introspection_c.so\n'}
[7.617552] (micro_ros_msgs) StdoutLine: {'line': b'-- Set non-toolchain portion of runtime path of "/home/mars/Documents/Lunabotics25-26/lunabot_ws/install/micro_ros_msgs/lib/libmicro_ros_msgs__rosidl_typesupport_introspection_c.so" to ""\n'}
[7.617647] (micro_ros_msgs) StdoutLine: {'line': b'-- Installing: /home/mars/Documents/Lunabotics25-26/lunabot_ws/install/micro_ros_msgs/lib/libmicro_ros_msgs__rosidl_typesupport_c.so\n'}
[7.617795] (micro_ros_msgs) StdoutLine: {'line': b'-- Set non-toolchain portion of runtime path of "/home/mars/Documents/Lunabotics25-26/lunabot_ws/install/micro_ros_msgs/lib/libmicro_ros_msgs__rosidl_typesupport_c.so" to ""\n'}
[7.617888] (micro_ros_msgs) StdoutLine: {'line': b'-- Up-to-date: /home/mars/Documents/Lunabotics25-26/lunabot_ws/install/micro_ros_msgs/include/micro_ros_msgs/micro_ros_msgs\n'}
[7.617976] (micro_ros_msgs) StdoutLine: {'line': b'-- Up-to-date: /home/mars/Documents/Lunabotics25-26/lunabot_ws/install/micro_ros_msgs/include/micro_ros_msgs/micro_ros_msgs/msg\n'}
[7.618066] (micro_ros_msgs) StdoutLine: {'line': b'-- Up-to-date: /home/mars/Documents/Lunabotics25-26/lunabot_ws/install/micro_ros_msgs/include/micro_ros_msgs/micro_ros_msgs/msg/detail\n'}
[7.618126] (micro_ros_msgs) StdoutLine: {'line': b'-- Installing: /home/mars/Documents/Lunabotics25-26/lunabot_ws/install/micro_ros_msgs/include/micro_ros_msgs/micro_ros_msgs/msg/detail/entity__traits.hpp\n'}
[7.618189] (micro_ros_msgs) StdoutLine: {'line': b'-- Installing: /home/mars/Documents/Lunabotics25-26/lunabot_ws/install/micro_ros_msgs/include/micro_ros_msgs/micro_ros_msgs/msg/detail/graph__struct.hpp\n'}
[7.618274] (micro_ros_msgs) StdoutLine: {'line': b'-- Installing: /home/mars/Documents/Lunabotics25-26/lunabot_ws/install/micro_ros_msgs/include/micro_ros_msgs/micro_ros_msgs/msg/detail/node__builder.hpp\n'}
[7.618345] (micro_ros_msgs) StdoutLine: {'line': b'-- Installing: /home/mars/Documents/Lunabotics25-26/lunabot_ws/install/micro_ros_msgs/include/micro_ros_msgs/micro_ros_msgs/msg/detail/entity__builder.hpp\n'}
[7.618433] (micro_ros_msgs) StdoutLine: {'line': b'-- Installing: /home/mars/Documents/Lunabotics25-26/lunabot_ws/install/micro_ros_msgs/include/micro_ros_msgs/micro_ros_msgs/msg/detail/graph__traits.hpp\n'}
[7.618559] (micro_ros_msgs) StdoutLine: {'line': b'-- Installing: /home/mars/Documents/Lunabotics25-26/lunabot_ws/install/micro_ros_msgs/include/micro_ros_msgs/micro_ros_msgs/msg/detail/entity__type_support.hpp\n'}
[7.618709] (micro_ros_msgs) StdoutLine: {'line': b'-- Installing: /home/mars/Documents/Lunabotics25-26/lunabot_ws/install/micro_ros_msgs/include/micro_ros_msgs/micro_ros_msgs/msg/detail/node__struct.hpp\n'}
[7.618886] (micro_ros_msgs) StdoutLine: {'line': b'-- Installing: /home/mars/Documents/Lunabotics25-26/lunabot_ws/install/micro_ros_msgs/include/micro_ros_msgs/micro_ros_msgs/msg/detail/node__traits.hpp\n'}
[7.619044] (micro_ros_msgs) StdoutLine: {'line': b'-- Installing: /home/mars/Documents/Lunabotics25-26/lunabot_ws/install/micro_ros_msgs/include/micro_ros_msgs/micro_ros_msgs/msg/detail/entity__struct.hpp\n'}
[7.619211] (micro_ros_msgs) StdoutLine: {'line': b'-- Installing: /home/mars/Documents/Lunabotics25-26/lunabot_ws/install/micro_ros_msgs/include/micro_ros_msgs/micro_ros_msgs/msg/detail/graph__type_support.hpp\n'}
[7.619388] (micro_ros_msgs) StdoutLine: {'line': b'-- Installing: /home/mars/Documents/Lunabotics25-26/lunabot_ws/install/micro_ros_msgs/include/micro_ros_msgs/micro_ros_msgs/msg/detail/graph__builder.hpp\n'}
[7.619548] (micro_ros_msgs) StdoutLine: {'line': b'-- Installing: /home/mars/Documents/Lunabotics25-26/lunabot_ws/install/micro_ros_msgs/include/micro_ros_msgs/micro_ros_msgs/msg/detail/node__type_support.hpp\n'}
[7.619699] (micro_ros_msgs) StdoutLine: {'line': b'-- Installing: /home/mars/Documents/Lunabotics25-26/lunabot_ws/install/micro_ros_msgs/include/micro_ros_msgs/micro_ros_msgs/msg/entity.hpp\n'}
[7.619827] (micro_ros_msgs) StdoutLine: {'line': b'-- Installing: /home/mars/Documents/Lunabotics25-26/lunabot_ws/install/micro_ros_msgs/include/micro_ros_msgs/micro_ros_msgs/msg/node.hpp\n'}
[7.620012] (micro_ros_msgs) StdoutLine: {'line': b'-- Installing: /home/mars/Documents/Lunabotics25-26/lunabot_ws/install/micro_ros_msgs/include/micro_ros_msgs/micro_ros_msgs/msg/rosidl_generator_cpp__visibility_control.hpp\n'}
[7.620183] (micro_ros_msgs) StdoutLine: {'line': b'-- Installing: /home/mars/Documents/Lunabotics25-26/lunabot_ws/install/micro_ros_msgs/include/micro_ros_msgs/micro_ros_msgs/msg/graph.hpp\n'}
[7.620338] (micro_ros_msgs) StdoutLine: {'line': b'-- Up-to-date: /home/mars/Documents/Lunabotics25-26/lunabot_ws/install/micro_ros_msgs/include/micro_ros_msgs/micro_ros_msgs\n'}
[7.620536] (micro_ros_msgs) StdoutLine: {'line': b'-- Up-to-date: /home/mars/Documents/Lunabotics25-26/lunabot_ws/install/micro_ros_msgs/include/micro_ros_msgs/micro_ros_msgs/msg\n'}
[7.620679] (micro_ros_msgs) StdoutLine: {'line': b'-- Installing: /home/mars/Documents/Lunabotics25-26/lunabot_ws/install/micro_ros_msgs/include/micro_ros_msgs/micro_ros_msgs/msg/rosidl_typesupport_fastrtps_cpp__visibility_control.h\n'}
[7.620840] (micro_ros_msgs) StdoutLine: {'line': b'-- Up-to-date: /home/mars/Documents/Lunabotics25-26/lunabot_ws/install/micro_ros_msgs/include/micro_ros_msgs/micro_ros_msgs/msg/detail\n'}
[7.620983] (micro_ros_msgs) StdoutLine: {'line': b'-- Installing: /home/mars/Documents/Lunabotics25-26/lunabot_ws/install/micro_ros_msgs/include/micro_ros_msgs/micro_ros_msgs/msg/detail/entity__rosidl_typesupport_fastrtps_cpp.hpp\n'}
[7.621140] (micro_ros_msgs) StdoutLine: {'line': b'-- Installing: /home/mars/Documents/Lunabotics25-26/lunabot_ws/install/micro_ros_msgs/include/micro_ros_msgs/micro_ros_msgs/msg/detail/dds_fastrtps\n'}
[7.621297] (micro_ros_msgs) StdoutLine: {'line': b'-- Installing: /home/mars/Documents/Lunabotics25-26/lunabot_ws/install/micro_ros_msgs/include/micro_ros_msgs/micro_ros_msgs/msg/detail/graph__rosidl_typesupport_fastrtps_cpp.hpp\n'}
[7.621461] (micro_ros_msgs) StdoutLine: {'line': b'-- Installing: /home/mars/Documents/Lunabotics25-26/lunabot_ws/install/micro_ros_msgs/include/micro_ros_msgs/micro_ros_msgs/msg/detail/node__rosidl_typesupport_fastrtps_cpp.hpp\n'}
[7.621610] (micro_ros_msgs) StdoutLine: {'line': b'-- Installing: /home/mars/Documents/Lunabotics25-26/lunabot_ws/install/micro_ros_msgs/lib/libmicro_ros_msgs__rosidl_typesupport_fastrtps_cpp.so\n'}
[7.621766] (micro_ros_msgs) StdoutLine: {'line': b'-- Set non-toolchain portion of runtime path of "/home/mars/Documents/Lunabotics25-26/lunabot_ws/install/micro_ros_msgs/lib/libmicro_ros_msgs__rosidl_typesupport_fastrtps_cpp.so" to ""\n'}
[7.621928] (micro_ros_msgs) StdoutLine: {'line': b'-- Up-to-date: /home/mars/Documents/Lunabotics25-26/lunabot_ws/install/micro_ros_msgs/include/micro_ros_msgs/micro_ros_msgs\n'}
[7.622084] (micro_ros_msgs) StdoutLine: {'line': b'-- Up-to-date: /home/mars/Documents/Lunabotics25-26/lunabot_ws/install/micro_ros_msgs/include/micro_ros_msgs/micro_ros_msgs/msg\n'}
[7.622253] (micro_ros_msgs) StdoutLine: {'line': b'-- Up-to-date: /home/mars/Documents/Lunabotics25-26/lunabot_ws/install/micro_ros_msgs/include/micro_ros_msgs/micro_ros_msgs/msg/detail\n'}
[7.622416] (micro_ros_msgs) StdoutLine: {'line': b'-- Installing: /home/mars/Documents/Lunabotics25-26/lunabot_ws/install/micro_ros_msgs/include/micro_ros_msgs/micro_ros_msgs/msg/detail/node__type_support.cpp\n'}
[7.622574] (micro_ros_msgs) StdoutLine: {'line': b'-- Installing: /home/mars/Documents/Lunabotics25-26/lunabot_ws/install/micro_ros_msgs/include/micro_ros_msgs/micro_ros_msgs/msg/detail/entity__rosidl_typesupport_introspection_cpp.hpp\n'}
[7.622739] (micro_ros_msgs) StdoutLine: {'line': b'-- Installing: /home/mars/Documents/Lunabotics25-26/lunabot_ws/install/micro_ros_msgs/include/micro_ros_msgs/micro_ros_msgs/msg/detail/graph__type_support.cpp\n'}
[7.622885] (micro_ros_msgs) StdoutLine: {'line': b'-- Installing: /home/mars/Documents/Lunabotics25-26/lunabot_ws/install/micro_ros_msgs/include/micro_ros_msgs/micro_ros_msgs/msg/detail/entity__type_support.cpp\n'}
[7.623013] (micro_ros_msgs) StdoutLine: {'line': b'-- Installing: /home/mars/Documents/Lunabotics25-26/lunabot_ws/install/micro_ros_msgs/include/micro_ros_msgs/micro_ros_msgs/msg/detail/graph__rosidl_typesupport_introspection_cpp.hpp\n'}
[7.623148] (micro_ros_msgs) StdoutLine: {'line': b'-- Installing: /home/mars/Documents/Lunabotics25-26/lunabot_ws/install/micro_ros_msgs/include/micro_ros_msgs/micro_ros_msgs/msg/detail/node__rosidl_typesupport_introspection_cpp.hpp\n'}
[7.623278] (micro_ros_msgs) StdoutLine: {'line': b'-- Installing: /home/mars/Documents/Lunabotics25-26/lunabot_ws/install/micro_ros_msgs/lib/libmicro_ros_msgs__rosidl_typesupport_introspection_cpp.so\n'}
[7.623419] (micro_ros_msgs) StdoutLine: {'line': b'-- Set non-toolchain portion of runtime path of "/home/mars/Documents/Lunabotics25-26/lunabot_ws/install/micro_ros_msgs/lib/libmicro_ros_msgs__rosidl_typesupport_introspection_cpp.so" to ""\n'}
[7.623546] (micro_ros_msgs) StdoutLine: {'line': b'-- Installing: /home/mars/Documents/Lunabotics25-26/lunabot_ws/install/micro_ros_msgs/lib/libmicro_ros_msgs__rosidl_typesupport_cpp.so\n'}
[7.623684] (micro_ros_msgs) StdoutLine: {'line': b'-- Set non-toolchain portion of runtime path of "/home/mars/Documents/Lunabotics25-26/lunabot_ws/install/micro_ros_msgs/lib/libmicro_ros_msgs__rosidl_typesupport_cpp.so" to ""\n'}
[7.623812] (micro_ros_msgs) StdoutLine: {'line': b'-- Installing: /home/mars/Documents/Lunabotics25-26/lunabot_ws/install/micro_ros_msgs/share/micro_ros_msgs/environment/pythonpath.sh\n'}
[7.623937] (micro_ros_msgs) StdoutLine: {'line': b'-- Installing: /home/mars/Documents/Lunabotics25-26/lunabot_ws/install/micro_ros_msgs/share/micro_ros_msgs/environment/pythonpath.dsv\n'}
[7.624066] (micro_ros_msgs) StdoutLine: {'line': b'-- Installing: /home/mars/Documents/Lunabotics25-26/lunabot_ws/install/micro_ros_msgs/lib/python3.12/site-packages/micro_ros_msgs-5.0.2-py3.12.egg-info\n'}
[7.624193] (micro_ros_msgs) StdoutLine: {'line': b'-- Installing: /home/mars/Documents/Lunabotics25-26/lunabot_ws/install/micro_ros_msgs/lib/python3.12/site-packages/micro_ros_msgs-5.0.2-py3.12.egg-info/SOURCES.txt\n'}
[7.624318] (micro_ros_msgs) StdoutLine: {'line': b'-- Installing: /home/mars/Documents/Lunabotics25-26/lunabot_ws/install/micro_ros_msgs/lib/python3.12/site-packages/micro_ros_msgs-5.0.2-py3.12.egg-info/dependency_links.txt\n'}
[7.624462] (micro_ros_msgs) StdoutLine: {'line': b'-- Installing: /home/mars/Documents/Lunabotics25-26/lunabot_ws/install/micro_ros_msgs/lib/python3.12/site-packages/micro_ros_msgs-5.0.2-py3.12.egg-info/PKG-INFO\n'}
[7.624584] (micro_ros_msgs) StdoutLine: {'line': b'-- Installing: /home/mars/Documents/Lunabotics25-26/lunabot_ws/install/micro_ros_msgs/lib/python3.12/site-packages/micro_ros_msgs-5.0.2-py3.12.egg-info/top_level.txt\n'}
[7.624705] (micro_ros_msgs) StdoutLine: {'line': b'-- Installing: /home/mars/Documents/Lunabotics25-26/lunabot_ws/install/micro_ros_msgs/lib/python3.12/site-packages/micro_ros_msgs\n'}
[7.624871] (micro_ros_msgs) StdoutLine: {'line': b'-- Installing: /home/mars/Documents/Lunabotics25-26/lunabot_ws/install/micro_ros_msgs/lib/python3.12/site-packages/micro_ros_msgs/_micro_ros_msgs_s.ep.rosidl_typesupport_introspection_c.c\n'}
[7.624995] (micro_ros_msgs) StdoutLine: {'line': b'-- Installing: /home/mars/Documents/Lunabotics25-26/lunabot_ws/install/micro_ros_msgs/lib/python3.12/site-packages/micro_ros_msgs/_micro_ros_msgs_s.ep.rosidl_typesupport_c.c\n'}
[7.625115] (micro_ros_msgs) StdoutLine: {'line': b'-- Installing: /home/mars/Documents/Lunabotics25-26/lunabot_ws/install/micro_ros_msgs/lib/python3.12/site-packages/micro_ros_msgs/micro_ros_msgs_s__rosidl_typesupport_c.so\n'}
[7.625238] (micro_ros_msgs) StdoutLine: {'line': b'-- Installing: /home/mars/Documents/Lunabotics25-26/lunabot_ws/install/micro_ros_msgs/lib/python3.12/site-packages/micro_ros_msgs/micro_ros_msgs_s__rosidl_typesupport_fastrtps_c.so\n'}
[7.625374] (micro_ros_msgs) StdoutLine: {'line': b'-- Installing: /home/mars/Documents/Lunabotics25-26/lunabot_ws/install/micro_ros_msgs/lib/python3.12/site-packages/micro_ros_msgs/micro_ros_msgs_s__rosidl_typesupport_introspection_c.so\n'}
[7.625498] (micro_ros_msgs) StdoutLine: {'line': b'-- Installing: /home/mars/Documents/Lunabotics25-26/lunabot_ws/install/micro_ros_msgs/lib/python3.12/site-packages/micro_ros_msgs/msg\n'}
[7.625620] (micro_ros_msgs) StdoutLine: {'line': b'-- Installing: /home/mars/Documents/Lunabotics25-26/lunabot_ws/install/micro_ros_msgs/lib/python3.12/site-packages/micro_ros_msgs/msg/_node.py\n'}
[7.625765] (micro_ros_msgs) StdoutLine: {'line': b'-- Installing: /home/mars/Documents/Lunabotics25-26/lunabot_ws/install/micro_ros_msgs/lib/python3.12/site-packages/micro_ros_msgs/msg/_entity.py\n'}
[7.625892] (micro_ros_msgs) StdoutLine: {'line': b'-- Installing: /home/mars/Documents/Lunabotics25-26/lunabot_ws/install/micro_ros_msgs/lib/python3.12/site-packages/micro_ros_msgs/msg/_graph.py\n'}
[7.626013] (micro_ros_msgs) StdoutLine: {'line': b'-- Installing: /home/mars/Documents/Lunabotics25-26/lunabot_ws/install/micro_ros_msgs/lib/python3.12/site-packages/micro_ros_msgs/msg/__init__.py\n'}
[7.626156] (micro_ros_msgs) StdoutLine: {'line': b'-- Installing: /home/mars/Documents/Lunabotics25-26/lunabot_ws/install/micro_ros_msgs/lib/python3.12/site-packages/micro_ros_msgs/msg/_node_s.c\n'}
[7.626274] (micro_ros_msgs) StdoutLine: {'line': b'-- Installing: /home/mars/Documents/Lunabotics25-26/lunabot_ws/install/micro_ros_msgs/lib/python3.12/site-packages/micro_ros_msgs/msg/_entity_s.c\n'}
[7.626419] (micro_ros_msgs) StdoutLine: {'line': b'-- Installing: /home/mars/Documents/Lunabotics25-26/lunabot_ws/install/micro_ros_msgs/lib/python3.12/site-packages/micro_ros_msgs/msg/_graph_s.c\n'}
[7.626548] (micro_ros_msgs) StdoutLine: {'line': b'-- Installing: /home/mars/Documents/Lunabotics25-26/lunabot_ws/install/micro_ros_msgs/lib/python3.12/site-packages/micro_ros_msgs/__init__.py\n'}
[7.626671] (micro_ros_msgs) StdoutLine: {'line': b'-- Installing: /home/mars/Documents/Lunabotics25-26/lunabot_ws/install/micro_ros_msgs/lib/python3.12/site-packages/micro_ros_msgs/_micro_ros_msgs_s.ep.rosidl_typesupport_fastrtps_c.c\n'}
[7.634923] (-) TimerEvent: {}
[7.661471] (micro_ros_msgs) StdoutLine: {'line': b"Listing '/home/mars/Documents/Lunabotics25-26/lunabot_ws/install/micro_ros_msgs/lib/python3.12/site-packages/micro_ros_msgs'...\n"}
[7.661729] (micro_ros_msgs) StdoutLine: {'line': b"Compiling '/home/mars/Documents/Lunabotics25-26/lunabot_ws/install/micro_ros_msgs/lib/python3.12/site-packages/micro_ros_msgs/__init__.py'...\n"}
[7.662321] (micro_ros_msgs) StdoutLine: {'line': b"Listing '/home/mars/Documents/Lunabotics25-26/lunabot_ws/install/micro_ros_msgs/lib/python3.12/site-packages/micro_ros_msgs/msg'...\n"}
[7.662491] (micro_ros_msgs) StdoutLine: {'line': b"Compiling '/home/mars/Documents/Lunabotics25-26/lunabot_ws/install/micro_ros_msgs/lib/python3.12/site-packages/micro_ros_msgs/msg/__init__.py'...\n"}
[7.662622] (micro_ros_msgs) StdoutLine: {'line': b"Compiling '/home/mars/Documents/Lunabotics25-26/lunabot_ws/install/micro_ros_msgs/lib/python3.12/site-packages/micro_ros_msgs/msg/_entity.py'...\n"}
[7.662819] (micro_ros_msgs) StdoutLine: {'line': b"Compiling '/home/mars/Documents/Lunabotics25-26/lunabot_ws/install/micro_ros_msgs/lib/python3.12/site-packages/micro_ros_msgs/msg/_graph.py'...\n"}
[7.663396] (micro_ros_msgs) StdoutLine: {'line': b"Compiling '/home/mars/Documents/Lunabotics25-26/lunabot_ws/install/micro_ros_msgs/lib/python3.12/site-packages/micro_ros_msgs/msg/_node.py'...\n"}
[7.668540] (micro_ros_msgs) StdoutLine: {'line': b'-- Installing: /home/mars/Documents/Lunabotics25-26/lunabot_ws/install/micro_ros_msgs/lib/python3.12/site-packages/micro_ros_msgs/micro_ros_msgs_s__rosidl_typesupport_fastrtps_c.so\n'}
[7.669001] (micro_ros_msgs) StdoutLine: {'line': b'-- Set non-toolchain portion of runtime path of "/home/mars/Documents/Lunabotics25-26/lunabot_ws/install/micro_ros_msgs/lib/python3.12/site-packages/micro_ros_msgs/micro_ros_msgs_s__rosidl_typesupport_fastrtps_c.so" to ""\n'}
[7.669348] (micro_ros_msgs) StdoutLine: {'line': b'-- Installing: /home/mars/Documents/Lunabotics25-26/lunabot_ws/install/micro_ros_msgs/lib/python3.12/site-packages/micro_ros_msgs/micro_ros_msgs_s__rosidl_typesupport_introspection_c.so\n'}
[7.669709] (micro_ros_msgs) StdoutLine: {'line': b'-- Set non-toolchain portion of runtime path of "/home/mars/Documents/Lunabotics25-26/lunabot_ws/install/micro_ros_msgs/lib/python3.12/site-packages/micro_ros_msgs/micro_ros_msgs_s__rosidl_typesupport_introspection_c.so" to ""\n'}
[7.669851] (micro_ros_msgs) StdoutLine: {'line': b'-- Installing: /home/mars/Documents/Lunabotics25-26/lunabot_ws/install/micro_ros_msgs/lib/python3.12/site-packages/micro_ros_msgs/micro_ros_msgs_s__rosidl_typesupport_c.so\n'}
[7.670059] (micro_ros_msgs) StdoutLine: {'line': b'-- Set non-toolchain portion of runtime path of "/home/mars/Documents/Lunabotics25-26/lunabot_ws/install/micro_ros_msgs/lib/python3.12/site-packages/micro_ros_msgs/micro_ros_msgs_s__rosidl_typesupport_c.so" to ""\n'}
[7.670173] (micro_ros_msgs) StdoutLine: {'line': b'-- Installing: /home/mars/Documents/Lunabotics25-26/lunabot_ws/install/micro_ros_msgs/lib/libmicro_ros_msgs__rosidl_generator_py.so\n'}
[7.670348] (micro_ros_msgs) StdoutLine: {'line': b'-- Set non-toolchain portion of runtime path of "/home/mars/Documents/Lunabotics25-26/lunabot_ws/install/micro_ros_msgs/lib/libmicro_ros_msgs__rosidl_generator_py.so" to ""\n'}
[7.670441] (micro_ros_msgs) StdoutLine: {'line': b'-- Installing: /home/mars/Documents/Lunabotics25-26/lunabot_ws/install/micro_ros_msgs/share/micro_ros_msgs/msg/Graph.idl\n'}
[7.670514] (micro_ros_msgs) StdoutLine: {'line': b'-- Installing: /home/mars/Documents/Lunabotics25-26/lunabot_ws/install/micro_ros_msgs/share/micro_ros_msgs/msg/Node.idl\n'}
[7.670591] (micro_ros_msgs) StdoutLine: {'line': b'-- Installing: /home/mars/Documents/Lunabotics25-26/lunabot_ws/install/micro_ros_msgs/share/micro_ros_msgs/msg/Entity.idl\n'}
[7.670681] (micro_ros_msgs) StdoutLine: {'line': b'-- Installing: /home/mars/Documents/Lunabotics25-26/lunabot_ws/install/micro_ros_msgs/share/micro_ros_msgs/msg/Graph.msg\n'}
[7.670769] (micro_ros_msgs) StdoutLine: {'line': b'-- Installing: /home/mars/Documents/Lunabotics25-26/lunabot_ws/install/micro_ros_msgs/share/micro_ros_msgs/msg/Node.msg\n'}
[7.670857] (micro_ros_msgs) StdoutLine: {'line': b'-- Installing: /home/mars/Documents/Lunabotics25-26/lunabot_ws/install/micro_ros_msgs/share/micro_ros_msgs/msg/Entity.msg\n'}
[7.670983] (micro_ros_msgs) StdoutLine: {'line': b'-- Installing: /home/mars/Documents/Lunabotics25-26/lunabot_ws/install/micro_ros_msgs/share/ament_index/resource_index/package_run_dependencies/micro_ros_msgs\n'}
[7.671106] (micro_ros_msgs) StdoutLine: {'line': b'-- Installing: /home/mars/Documents/Lunabotics25-26/lunabot_ws/install/micro_ros_msgs/share/ament_index/resource_index/parent_prefix_path/micro_ros_msgs\n'}
[7.671204] (micro_ros_msgs) StdoutLine: {'line': b'-- Installing: /home/mars/Documents/Lunabotics25-26/lunabot_ws/install/micro_ros_msgs/share/micro_ros_msgs/environment/ament_prefix_path.sh\n'}
[7.671292] (micro_ros_msgs) StdoutLine: {'line': b'-- Installing: /home/mars/Documents/Lunabotics25-26/lunabot_ws/install/micro_ros_msgs/share/micro_ros_msgs/environment/ament_prefix_path.dsv\n'}
[7.671390] (micro_ros_msgs) StdoutLine: {'line': b'-- Installing: /home/mars/Documents/Lunabotics25-26/lunabot_ws/install/micro_ros_msgs/share/micro_ros_msgs/environment/path.sh\n'}
[7.671584] (micro_ros_msgs) StdoutLine: {'line': b'-- Installing: /home/mars/Documents/Lunabotics25-26/lunabot_ws/install/micro_ros_msgs/share/micro_ros_msgs/environment/path.dsv\n'}
[7.671779] (micro_ros_msgs) StdoutLine: {'line': b'-- Installing: /home/mars/Documents/Lunabotics25-26/lunabot_ws/install/micro_ros_msgs/share/micro_ros_msgs/local_setup.bash\n'}
[7.671884] (micro_ros_msgs) StdoutLine: {'line': b'-- Installing: /home/mars/Documents/Lunabotics25-26/lunabot_ws/install/micro_ros_msgs/share/micro_ros_msgs/local_setup.sh\n'}
[7.671986] (micro_ros_msgs) StdoutLine: {'line': b'-- Installing: /home/mars/Documents/Lunabotics25-26/lunabot_ws/install/micro_ros_msgs/share/micro_ros_msgs/local_setup.zsh\n'}
[7.672059] (micro_ros_msgs) StdoutLine: {'line': b'-- Installing: /home/mars/Documents/Lunabotics25-26/lunabot_ws/install/micro_ros_msgs/share/micro_ros_msgs/local_setup.dsv\n'}
[7.672142] (micro_ros_msgs) StdoutLine: {'line': b'-- Installing: /home/mars/Documents/Lunabotics25-26/lunabot_ws/install/micro_ros_msgs/share/micro_ros_msgs/package.dsv\n'}
[7.672233] (micro_ros_msgs) StdoutLine: {'line': b'-- Installing: /home/mars/Documents/Lunabotics25-26/lunabot_ws/install/micro_ros_msgs/share/ament_index/resource_index/packages/micro_ros_msgs\n'}
[7.672306] (micro_ros_msgs) StdoutLine: {'line': b'-- Installing: /home/mars/Documents/Lunabotics25-26/lunabot_ws/install/micro_ros_msgs/share/micro_ros_msgs/cmake/export_micro_ros_msgs__rosidl_generator_cExport.cmake\n'}
[7.672434] (micro_ros_msgs) StdoutLine: {'line': b'-- Installing: /home/mars/Documents/Lunabotics25-26/lunabot_ws/install/micro_ros_msgs/share/micro_ros_msgs/cmake/export_micro_ros_msgs__rosidl_generator_cExport-noconfig.cmake\n'}
[7.672540] (micro_ros_msgs) StdoutLine: {'line': b'-- Installing: /home/mars/Documents/Lunabotics25-26/lunabot_ws/install/micro_ros_msgs/share/micro_ros_msgs/cmake/export_micro_ros_msgs__rosidl_typesupport_fastrtps_cExport.cmake\n'}
[7.672641] (micro_ros_msgs) StdoutLine: {'line': b'-- Installing: /home/mars/Documents/Lunabotics25-26/lunabot_ws/install/micro_ros_msgs/share/micro_ros_msgs/cmake/export_micro_ros_msgs__rosidl_typesupport_fastrtps_cExport-noconfig.cmake\n'}
[7.672739] (micro_ros_msgs) StdoutLine: {'line': b'-- Installing: /home/mars/Documents/Lunabotics25-26/lunabot_ws/install/micro_ros_msgs/share/micro_ros_msgs/cmake/micro_ros_msgs__rosidl_typesupport_introspection_cExport.cmake\n'}
[7.672870] (micro_ros_msgs) StdoutLine: {'line': b'-- Installing: /home/mars/Documents/Lunabotics25-26/lunabot_ws/install/micro_ros_msgs/share/micro_ros_msgs/cmake/micro_ros_msgs__rosidl_typesupport_introspection_cExport-noconfig.cmake\n'}
[7.672981] (micro_ros_msgs) StdoutLine: {'line': b'-- Installing: /home/mars/Documents/Lunabotics25-26/lunabot_ws/install/micro_ros_msgs/share/micro_ros_msgs/cmake/micro_ros_msgs__rosidl_typesupport_cExport.cmake\n'}
[7.673089] (micro_ros_msgs) StdoutLine: {'line': b'-- Installing: /home/mars/Documents/Lunabotics25-26/lunabot_ws/install/micro_ros_msgs/share/micro_ros_msgs/cmake/micro_ros_msgs__rosidl_typesupport_cExport-noconfig.cmake\n'}
[7.673199] (micro_ros_msgs) StdoutLine: {'line': b'-- Installing: /home/mars/Documents/Lunabotics25-26/lunabot_ws/install/micro_ros_msgs/share/micro_ros_msgs/cmake/export_micro_ros_msgs__rosidl_generator_cppExport.cmake\n'}
[7.673306] (micro_ros_msgs) StdoutLine: {'line': b'-- Installing: /home/mars/Documents/Lunabotics25-26/lunabot_ws/install/micro_ros_msgs/share/micro_ros_msgs/cmake/export_micro_ros_msgs__rosidl_typesupport_fastrtps_cppExport.cmake\n'}
[7.673417] (micro_ros_msgs) StdoutLine: {'line': b'-- Installing: /home/mars/Documents/Lunabotics25-26/lunabot_ws/install/micro_ros_msgs/share/micro_ros_msgs/cmake/export_micro_ros_msgs__rosidl_typesupport_fastrtps_cppExport-noconfig.cmake\n'}
[7.673521] (micro_ros_msgs) StdoutLine: {'line': b'-- Installing: /home/mars/Documents/Lunabotics25-26/lunabot_ws/install/micro_ros_msgs/share/micro_ros_msgs/cmake/micro_ros_msgs__rosidl_typesupport_introspection_cppExport.cmake\n'}
[7.673628] (micro_ros_msgs) StdoutLine: {'line': b'-- Installing: /home/mars/Documents/Lunabotics25-26/lunabot_ws/install/micro_ros_msgs/share/micro_ros_msgs/cmake/micro_ros_msgs__rosidl_typesupport_introspection_cppExport-noconfig.cmake\n'}
[7.673726] (micro_ros_msgs) StdoutLine: {'line': b'-- Installing: /home/mars/Documents/Lunabotics25-26/lunabot_ws/install/micro_ros_msgs/share/micro_ros_msgs/cmake/micro_ros_msgs__rosidl_typesupport_cppExport.cmake\n'}
[7.673924] (micro_ros_msgs) StdoutLine: {'line': b'-- Installing: /home/mars/Documents/Lunabotics25-26/lunabot_ws/install/micro_ros_msgs/share/micro_ros_msgs/cmake/micro_ros_msgs__rosidl_typesupport_cppExport-noconfig.cmake\n'}
[7.674122] (micro_ros_msgs) StdoutLine: {'line': b'-- Installing: /home/mars/Documents/Lunabotics25-26/lunabot_ws/install/micro_ros_msgs/share/micro_ros_msgs/cmake/export_micro_ros_msgs__rosidl_generator_pyExport.cmake\n'}
[7.674200] (micro_ros_msgs) StdoutLine: {'line': b'-- Installing: /home/mars/Documents/Lunabotics25-26/lunabot_ws/install/micro_ros_msgs/share/micro_ros_msgs/cmake/export_micro_ros_msgs__rosidl_generator_pyExport-noconfig.cmake\n'}
[7.674263] (micro_ros_msgs) StdoutLine: {'line': b'-- Installing: /home/mars/Documents/Lunabotics25-26/lunabot_ws/install/micro_ros_msgs/share/micro_ros_msgs/cmake/rosidl_cmake-extras.cmake\n'}
[7.674336] (micro_ros_msgs) StdoutLine: {'line': b'-- Installing: /home/mars/Documents/Lunabotics25-26/lunabot_ws/install/micro_ros_msgs/share/micro_ros_msgs/cmake/ament_cmake_export_include_directories-extras.cmake\n'}
[7.674413] (micro_ros_msgs) StdoutLine: {'line': b'-- Installing: /home/mars/Documents/Lunabotics25-26/lunabot_ws/install/micro_ros_msgs/share/micro_ros_msgs/cmake/ament_cmake_export_libraries-extras.cmake\n'}
[7.674494] (micro_ros_msgs) StdoutLine: {'line': b'-- Installing: /home/mars/Documents/Lunabotics25-26/lunabot_ws/install/micro_ros_msgs/share/micro_ros_msgs/cmake/ament_cmake_export_targets-extras.cmake\n'}
[7.674671] (micro_ros_msgs) StdoutLine: {'line': b'-- Installing: /home/mars/Documents/Lunabotics25-26/lunabot_ws/install/micro_ros_msgs/share/micro_ros_msgs/cmake/rosidl_cmake_export_typesupport_targets-extras.cmake\n'}
[7.674788] (micro_ros_msgs) StdoutLine: {'line': b'-- Installing: /home/mars/Documents/Lunabotics25-26/lunabot_ws/install/micro_ros_msgs/share/micro_ros_msgs/cmake/ament_cmake_export_dependencies-extras.cmake\n'}
[7.674909] (micro_ros_msgs) StdoutLine: {'line': b'-- Installing: /home/mars/Documents/Lunabotics25-26/lunabot_ws/install/micro_ros_msgs/share/micro_ros_msgs/cmake/rosidl_cmake_export_typesupport_libraries-extras.cmake\n'}
[7.675014] (micro_ros_msgs) StdoutLine: {'line': b'-- Installing: /home/mars/Documents/Lunabotics25-26/lunabot_ws/install/micro_ros_msgs/share/micro_ros_msgs/cmake/micro_ros_msgsConfig.cmake\n'}
[7.675127] (micro_ros_msgs) StdoutLine: {'line': b'-- Installing: /home/mars/Documents/Lunabotics25-26/lunabot_ws/install/micro_ros_msgs/share/micro_ros_msgs/cmake/micro_ros_msgsConfig-version.cmake\n'}
[7.675210] (micro_ros_msgs) StdoutLine: {'line': b'-- Installing: /home/mars/Documents/Lunabotics25-26/lunabot_ws/install/micro_ros_msgs/share/micro_ros_msgs/package.xml\n'}
[7.677048] (micro_ros_msgs) CommandEnded: {'returncode': 0}
[7.696058] (micro_ros_msgs) JobEnded: {'identifier': 'micro_ros_msgs', 'rc': 0}
[7.698390] (micro_ros_agent) JobStarted: {'identifier': 'micro_ros_agent'}
[7.705726] (micro_ros_agent) JobProgress: {'identifier': 'micro_ros_agent', 'progress': 'cmake'}
[7.706167] (micro_ros_agent) Command: {'cmd': ['/usr/bin/cmake', '/home/mars/Documents/Lunabotics25-26/lunabot_ws/src/uros/micro-ROS-Agent/micro_ros_agent', '-DUAGENT_BUILD_EXECUTABLE=OFF', '-DUAGENT_P2P_PROFILE=OFF', '--no-warn-unused-cli', '-DCMAKE_INSTALL_PREFIX=/home/mars/Documents/Lunabotics25-26/lunabot_ws/install/micro_ros_agent'], 'cwd': '/home/mars/Documents/Lunabotics25-26/lunabot_ws/build/micro_ros_agent', 'env': OrderedDict({'LESSOPEN': '| /usr/bin/lesspipe %s', 'USER': 'mars', 'XDG_SESSION_TYPE': 'wayland', 'CLUTTER_DISABLE_MIPMAPPED_TEXT': '1', 'SHLVL': '2', 'LD_LIBRARY_PATH': '/home/mars/Documents/Lunabotics25-26/lunabot_ws/install/micro_ros_msgs/lib:/opt/ros/jazzy/opt/rviz_ogre_vendor/lib:/opt/ros/jazzy/lib/x86_64-linux-gnu:/opt/ros/jazzy/opt/gz_math_vendor/lib:/opt/ros/jazzy/opt/gz_utils_vendor/lib:/opt/ros/jazzy/opt/gz_cmake_vendor/lib:/opt/ros/jazzy/lib', 'HOME': '/home/mars', 'OLDPWD': '/home/mars/Documents/Lunabotics25-26/lunabot_ws/src', 'DESKTOP_SESSION': 'ubuntu', 'ROS_PYTHON_VERSION': '3', 'GNOME_SHELL_SESSION_MODE': 'ubuntu', 'GTK_MODULES': 'gail:atk-bridge', 'SYSTEMD_EXEC_PID': '4503', 'GSM_SKIP_SSH_AGENT_WORKAROUND': 'true', 'DBUS_SESSION_BUS_ADDRESS': 'unix:path=/run/user/1000/bus', 'COLORTERM': 'truecolor', 'DEBUGINFOD_URLS': 'https://debuginfod.ubuntu.com', 'IM_CONFIG_PHASE': '1', 'WAYLAND_DISPLAY': 'wayland-0', 'COLCON_PREFIX_PATH': '/home/mars/Documents/Lunabotics25-26/lunabot_ws/install', 'ROS_DISTRO': 'jazzy', 'LOGNAME': 'mars', '_': '/usr/bin/colcon', 'ROS_VERSION': '2', 'MEMORY_PRESSURE_WATCH': '/sys/fs/cgroup/user.slice/user-1000.slice/user@1000.service/session.slice/org.gnome.Shell@wayland.service/memory.pressure', 'XDG_SESSION_CLASS': 'user', 'USERNAME': 'mars', 'TERM': 'xterm-256color', 'GNOME_DESKTOP_SESSION_ID': 'this-is-deprecated', 'PATH': '/opt/ros/jazzy/bin:/home/mars/.npm-global/bin:/home/mars/.local/bin:/home/mars/bin:/usr/local/sbin:/usr/local/bin:/usr/sbin:/usr/bin:/sbin:/bin:/usr/games:/usr/local/games:/snap/bin:/snap/bin', 'SESSION_MANAGER': 'local/mars-pc:@/tmp/.ICE-unix/4470,unix/mars-pc:/tmp/.ICE-unix/4470', 'XDG_MENU_PREFIX': 'gnome-', 'GNOME_TERMINAL_SCREEN': '/org/gnome/Terminal/screen/553f9276_3248_478b_805a_2313b91dd2c9', 'GNOME_SETUP_DISPLAY': ':1', 'XDG_RUNTIME_DIR': '/run/user/1000', 'DISPLAY': ':0', 'LANG': 'en_US.UTF-8', 'XDG_CURRENT_DESKTOP': 'ubuntu:GNOME', 'XMODIFIERS': '@im=ibus', 'XDG_SESSION_DESKTOP': 'ubuntu', 'XAUTHORITY': '/run/user/1000/.mutter-Xwaylandauth.LLNKM3', 'LS_COLORS': 'rs=0:di=01;34:ln=01;36:mh=00:pi=40;33:so=01;35:do=01;35:bd=40;33;01:cd=40;33;01:or=40;31;01:mi=00:su=37;41:sg=30;43:ca=00:tw=30;42:ow=34;42:st=37;44:ex=01;32:*.tar=01;31:*.tgz=01;31:*.arc=01;31:*.arj=01;31:*.taz=01;31:*.lha=01;31:*.lz4=01;31:*.lzh=01;31:*.lzma=01;31:*.tlz=01;31:*.txz=01;31:*.tzo=01;31:*.t7z=01;31:*.zip=01;31:*.z=01;31:*.dz=01;31:*.gz=01;31:*.lrz=01;31:*.lz=01;31:*.lzo=01;31:*.xz=01;31:*.zst=01;31:*.tzst=01;31:*.bz2=01;31:*.bz=01;31:*.tbz=01;31:*.tbz2=01;31:*.tz=01;31:*.deb=01;31:*.rpm=01;31:*.jar=01;31:*.war=01;31:*.ear=01;31:*.sar=01;31:*.rar=01;31:*.alz=01;31:*.ace=01;31:*.zoo=01;31:*.cpio=01;31:*.7z=01;31:*.rz=01;31:*.cab=01;31:*.wim=01;31:*.swm=01;31:*.dwm=01;31:*.esd=01;31:*.avif=01;35:*.jpg=01;35:*.jpeg=01;35:*.mjpg=01;35:*.mjpeg=01;35:*.gif=01;35:*.bmp=01;35:*.pbm=01;35:*.pgm=01;35:*.ppm=01;35:*.tga=01;35:*.xbm=01;35:*.xpm=01;35:*.tif=01;35:*.tiff=01;35:*.png=01;35:*.svg=01;35:*.svgz=01;35:*.mng=01;35:*.pcx=01;35:*.mov=01;35:*.mpg=01;35:*.mpeg=01;35:*.m2v=01;35:*.mkv=01;35:*.webm=01;35:*.webp=01;35:*.ogm=01;35:*.mp4=01;35:*.m4v=01;35:*.mp4v=01;35:*.vob=01;35:*.qt=01;35:*.nuv=01;35:*.wmv=01;35:*.asf=01;35:*.rm=01;35:*.rmvb=01;35:*.flc=01;35:*.avi=01;35:*.fli=01;35:*.flv=01;35:*.gl=01;35:*.dl=01;35:*.xcf=01;35:*.xwd=01;35:*.yuv=01;35:*.cgm=01;35:*.emf=01;35:*.ogv=01;35:*.ogx=01;35:*.aac=00;36:*.au=00;36:*.flac=00;36:*.m4a=00;36:*.mid=00;36:*.midi=00;36:*.mka=00;36:*.mp3=00;36:*.mpc=00;36:*.ogg=00;36:*.ra=00;36:*.wav=00;36:*.oga=00;36:*.opus=00;36:*.spx=00;36:*.xspf=00;36:*~=00;90:*#=00;90:*.bak=00;90:*.crdownload=00;90:*.dpkg-dist=00;90:*.dpkg-new=00;90:*.dpkg-old=00;90:*.dpkg-tmp=00;90:*.old=00;90:*.orig=00;90:*.part=00;90:*.rej=00;90:*.rpmnew=00;90:*.rpmorig=00;90:*.rpmsave=00;90:*.swp=00;90:*.tmp=00;90:*.ucf-dist=00;90:*.ucf-new=00;90:*.ucf-old=00;90:', 'GNOME_TERMINAL_SERVICE': ':1.105', 'SSH_AUTH_SOCK': '/run/user/1000/keyring/ssh', 'AMENT_PREFIX_PATH': '/home/mars/Documents/Lunabotics25-26/lunabot_ws/install/micro_ros_msgs:/home/mars/Documents/Lunabotics25-26/lunabot_ws/install/micro_ros_setup:/home/mars/Documents/Lunabotics25-26/lunabot_ws/install/lunabot_teleop:/home/mars/Documents/Lunabotics25-26/lunabot_ws/install/lunabot_hardware:/opt/ros/jazzy', 'SHELL': '/bin/bash', 'QT_ACCESSIBILITY': '1', 'GDMSESSION': 'ubuntu', 'LESSCLOSE': '/usr/bin/lesspipe %s %s', 'ROS_AUTOMATIC_DISCOVERY_RANGE': 'SUBNET', 'QT_IM_MODULE': 'ibus', 'PWD': '/home/mars/Documents/Lunabotics25-26/lunabot_ws/build/micro_ros_agent', 'MATON_API_KEY': 'Mn_5jBZCwj13HVp8RJrFTqxSPWujdrywf-PoxLLjNOsvNh4rtVWtlwFOGLmbTujg1wFLcmOTjYKiKnGLXvdZAe-QN0ep7x5u_hcqCfstUg', 'XDG_CONFIG_DIRS': '/etc/xdg/xdg-ubuntu:/etc/xdg', 'XDG_DATA_DIRS': '/usr/share/ubuntu:/usr/share/gnome:/usr/local/share/:/usr/share/:/var/lib/snapd/desktop', 'PYTHONPATH': '/home/mars/Documents/Lunabotics25-26/lunabot_ws/install/micro_ros_msgs/lib/python3.12/site-packages:/opt/ros/jazzy/lib/python3.12/site-packages', 'COLCON': '1', 'MEMORY_PRESSURE_WRITE': 'c29tZSAyMDAwMDAgMjAwMDAwMAA=', 'VTE_VERSION': '7600', 'CMAKE_PREFIX_PATH': '/home/mars/Documents/Lunabotics25-26/lunabot_ws/install/micro_ros_msgs:/home/mars/Documents/Lunabotics25-26/lunabot_ws/install/micro_ros_setup:/home/mars/Documents/Lunabotics25-26/lunabot_ws/install/lunabot_teleop:/home/mars/Documents/Lunabotics25-26/lunabot_ws/install/lunabot_hardware:/opt/ros/jazzy/opt/gz_math_vendor:/opt/ros/jazzy/opt/gz_utils_vendor:/opt/ros/jazzy/opt/gz_cmake_vendor:/opt/ros/jazzy'}), 'shell': False}
[7.715703] (micro_ros_agent) StdoutLine: {'line': b'Not searching for unused variables given on the command line.\n'}
[7.735032] (-) TimerEvent: {}
[7.775524] (micro_ros_agent) StdoutLine: {'line': b'-- The C compiler identification is GNU 13.3.0\n'}
[7.789627] (micro_ros_agent) StdoutLine: {'line': b'-- Detecting C compiler ABI info\n'}
[7.835126] (-) TimerEvent: {}
[7.871808] (micro_ros_agent) StdoutLine: {'line': b'-- Detecting C compiler ABI info - done\n'}
[7.894235] (micro_ros_agent) StdoutLine: {'line': b'-- Check for working C compiler: /usr/bin/cc - skipped\n'}
[7.894688] (micro_ros_agent) StdoutLine: {'line': b'-- Detecting C compile features\n'}
[7.895477] (micro_ros_agent) StdoutLine: {'line': b'-- Detecting C compile features - done\n'}
[7.935256] (-) TimerEvent: {}
[7.962570] (micro_ros_agent) StdoutLine: {'line': b'-- The CXX compiler identification is GNU 13.3.0\n'}
[7.984673] (micro_ros_agent) StdoutLine: {'line': b'-- Detecting CXX compiler ABI info\n'}
[8.035382] (-) TimerEvent: {}
[8.091184] (micro_ros_agent) StdoutLine: {'line': b'-- Detecting CXX compiler ABI info - done\n'}
[8.112694] (micro_ros_agent) StdoutLine: {'line': b'-- Check for working CXX compiler: /usr/bin/c++ - skipped\n'}
[8.113200] (micro_ros_agent) StdoutLine: {'line': b'-- Detecting CXX compile features\n'}
[8.114190] (micro_ros_agent) StdoutLine: {'line': b'-- Detecting CXX compile features - done\n'}
[8.135757] (-) TimerEvent: {}
[8.158876] (micro_ros_agent) StdoutLine: {'line': b'-- Configuring done (0.4s)\n'}
[8.161650] (micro_ros_agent) StdoutLine: {'line': b'-- Generating done (0.0s)\n'}
[8.162899] (micro_ros_agent) StdoutLine: {'line': b'-- Build files have been written to: /home/mars/Documents/Lunabotics25-26/lunabot_ws/build/micro_ros_agent\n'}
[8.167835] (micro_ros_agent) CommandEnded: {'returncode': 0}
[8.168817] (micro_ros_agent) JobProgress: {'identifier': 'micro_ros_agent', 'progress': 'build'}
[8.169703] (micro_ros_agent) Command: {'cmd': ['/usr/bin/cmake', '--build', '/home/mars/Documents/Lunabotics25-26/lunabot_ws/build/micro_ros_agent', '--', '-j4', '-l4'], 'cwd': '/home/mars/Documents/Lunabotics25-26/lunabot_ws/build/micro_ros_agent', 'env': OrderedDict({'LESSOPEN': '| /usr/bin/lesspipe %s', 'USER': 'mars', 'XDG_SESSION_TYPE': 'wayland', 'CLUTTER_DISABLE_MIPMAPPED_TEXT': '1', 'SHLVL': '2', 'LD_LIBRARY_PATH': '/home/mars/Documents/Lunabotics25-26/lunabot_ws/install/micro_ros_msgs/lib:/opt/ros/jazzy/opt/rviz_ogre_vendor/lib:/opt/ros/jazzy/lib/x86_64-linux-gnu:/opt/ros/jazzy/opt/gz_math_vendor/lib:/opt/ros/jazzy/opt/gz_utils_vendor/lib:/opt/ros/jazzy/opt/gz_cmake_vendor/lib:/opt/ros/jazzy/lib', 'HOME': '/home/mars', 'OLDPWD': '/home/mars/Documents/Lunabotics25-26/lunabot_ws/src', 'DESKTOP_SESSION': 'ubuntu', 'ROS_PYTHON_VERSION': '3', 'GNOME_SHELL_SESSION_MODE': 'ubuntu', 'GTK_MODULES': 'gail:atk-bridge', 'SYSTEMD_EXEC_PID': '4503', 'GSM_SKIP_SSH_AGENT_WORKAROUND': 'true', 'DBUS_SESSION_BUS_ADDRESS': 'unix:path=/run/user/1000/bus', 'COLORTERM': 'truecolor', 'DEBUGINFOD_URLS': 'https://debuginfod.ubuntu.com', 'IM_CONFIG_PHASE': '1', 'WAYLAND_DISPLAY': 'wayland-0', 'COLCON_PREFIX_PATH': '/home/mars/Documents/Lunabotics25-26/lunabot_ws/install', 'ROS_DISTRO': 'jazzy', 'LOGNAME': 'mars', '_': '/usr/bin/colcon', 'ROS_VERSION': '2', 'MEMORY_PRESSURE_WATCH': '/sys/fs/cgroup/user.slice/user-1000.slice/user@1000.service/session.slice/org.gnome.Shell@wayland.service/memory.pressure', 'XDG_SESSION_CLASS': 'user', 'USERNAME': 'mars', 'TERM': 'xterm-256color', 'GNOME_DESKTOP_SESSION_ID': 'this-is-deprecated', 'PATH': '/opt/ros/jazzy/bin:/home/mars/.npm-global/bin:/home/mars/.local/bin:/home/mars/bin:/usr/local/sbin:/usr/local/bin:/usr/sbin:/usr/bin:/sbin:/bin:/usr/games:/usr/local/games:/snap/bin:/snap/bin', 'SESSION_MANAGER': 'local/mars-pc:@/tmp/.ICE-unix/4470,unix/mars-pc:/tmp/.ICE-unix/4470', 'XDG_MENU_PREFIX': 'gnome-', 'GNOME_TERMINAL_SCREEN': '/org/gnome/Terminal/screen/553f9276_3248_478b_805a_2313b91dd2c9', 'GNOME_SETUP_DISPLAY': ':1', 'XDG_RUNTIME_DIR': '/run/user/1000', 'DISPLAY': ':0', 'LANG': 'en_US.UTF-8', 'XDG_CURRENT_DESKTOP': 'ubuntu:GNOME', 'XMODIFIERS': '@im=ibus', 'XDG_SESSION_DESKTOP': 'ubuntu', 'XAUTHORITY': '/run/user/1000/.mutter-Xwaylandauth.LLNKM3', 'LS_COLORS': 'rs=0:di=01;34:ln=01;36:mh=00:pi=40;33:so=01;35:do=01;35:bd=40;33;01:cd=40;33;01:or=40;31;01:mi=00:su=37;41:sg=30;43:ca=00:tw=30;42:ow=34;42:st=37;44:ex=01;32:*.tar=01;31:*.tgz=01;31:*.arc=01;31:*.arj=01;31:*.taz=01;31:*.lha=01;31:*.lz4=01;31:*.lzh=01;31:*.lzma=01;31:*.tlz=01;31:*.txz=01;31:*.tzo=01;31:*.t7z=01;31:*.zip=01;31:*.z=01;31:*.dz=01;31:*.gz=01;31:*.lrz=01;31:*.lz=01;31:*.lzo=01;31:*.xz=01;31:*.zst=01;31:*.tzst=01;31:*.bz2=01;31:*.bz=01;31:*.tbz=01;31:*.tbz2=01;31:*.tz=01;31:*.deb=01;31:*.rpm=01;31:*.jar=01;31:*.war=01;31:*.ear=01;31:*.sar=01;31:*.rar=01;31:*.alz=01;31:*.ace=01;31:*.zoo=01;31:*.cpio=01;31:*.7z=01;31:*.rz=01;31:*.cab=01;31:*.wim=01;31:*.swm=01;31:*.dwm=01;31:*.esd=01;31:*.avif=01;35:*.jpg=01;35:*.jpeg=01;35:*.mjpg=01;35:*.mjpeg=01;35:*.gif=01;35:*.bmp=01;35:*.pbm=01;35:*.pgm=01;35:*.ppm=01;35:*.tga=01;35:*.xbm=01;35:*.xpm=01;35:*.tif=01;35:*.tiff=01;35:*.png=01;35:*.svg=01;35:*.svgz=01;35:*.mng=01;35:*.pcx=01;35:*.mov=01;35:*.mpg=01;35:*.mpeg=01;35:*.m2v=01;35:*.mkv=01;35:*.webm=01;35:*.webp=01;35:*.ogm=01;35:*.mp4=01;35:*.m4v=01;35:*.mp4v=01;35:*.vob=01;35:*.qt=01;35:*.nuv=01;35:*.wmv=01;35:*.asf=01;35:*.rm=01;35:*.rmvb=01;35:*.flc=01;35:*.avi=01;35:*.fli=01;35:*.flv=01;35:*.gl=01;35:*.dl=01;35:*.xcf=01;35:*.xwd=01;35:*.yuv=01;35:*.cgm=01;35:*.emf=01;35:*.ogv=01;35:*.ogx=01;35:*.aac=00;36:*.au=00;36:*.flac=00;36:*.m4a=00;36:*.mid=00;36:*.midi=00;36:*.mka=00;36:*.mp3=00;36:*.mpc=00;36:*.ogg=00;36:*.ra=00;36:*.wav=00;36:*.oga=00;36:*.opus=00;36:*.spx=00;36:*.xspf=00;36:*~=00;90:*#=00;90:*.bak=00;90:*.crdownload=00;90:*.dpkg-dist=00;90:*.dpkg-new=00;90:*.dpkg-old=00;90:*.dpkg-tmp=00;90:*.old=00;90:*.orig=00;90:*.part=00;90:*.rej=00;90:*.rpmnew=00;90:*.rpmorig=00;90:*.rpmsave=00;90:*.swp=00;90:*.tmp=00;90:*.ucf-dist=00;90:*.ucf-new=00;90:*.ucf-old=00;90:', 'GNOME_TERMINAL_SERVICE': ':1.105', 'SSH_AUTH_SOCK': '/run/user/1000/keyring/ssh', 'AMENT_PREFIX_PATH': '/home/mars/Documents/Lunabotics25-26/lunabot_ws/install/micro_ros_msgs:/home/mars/Documents/Lunabotics25-26/lunabot_ws/install/micro_ros_setup:/home/mars/Documents/Lunabotics25-26/lunabot_ws/install/lunabot_teleop:/home/mars/Documents/Lunabotics25-26/lunabot_ws/install/lunabot_hardware:/opt/ros/jazzy', 'SHELL': '/bin/bash', 'QT_ACCESSIBILITY': '1', 'GDMSESSION': 'ubuntu', 'LESSCLOSE': '/usr/bin/lesspipe %s %s', 'ROS_AUTOMATIC_DISCOVERY_RANGE': 'SUBNET', 'QT_IM_MODULE': 'ibus', 'PWD': '/home/mars/Documents/Lunabotics25-26/lunabot_ws/build/micro_ros_agent', 'MATON_API_KEY': 'Mn_5jBZCwj13HVp8RJrFTqxSPWujdrywf-PoxLLjNOsvNh4rtVWtlwFOGLmbTujg1wFLcmOTjYKiKnGLXvdZAe-QN0ep7x5u_hcqCfstUg', 'XDG_CONFIG_DIRS': '/etc/xdg/xdg-ubuntu:/etc/xdg', 'XDG_DATA_DIRS': '/usr/share/ubuntu:/usr/share/gnome:/usr/local/share/:/usr/share/:/var/lib/snapd/desktop', 'PYTHONPATH': '/home/mars/Documents/Lunabotics25-26/lunabot_ws/install/micro_ros_msgs/lib/python3.12/site-packages:/opt/ros/jazzy/lib/python3.12/site-packages', 'COLCON': '1', 'MEMORY_PRESSURE_WRITE': 'c29tZSAyMDAwMDAgMjAwMDAwMAA=', 'VTE_VERSION': '7600', 'CMAKE_PREFIX_PATH': '/home/mars/Documents/Lunabotics25-26/lunabot_ws/install/micro_ros_msgs:/home/mars/Documents/Lunabotics25-26/lunabot_ws/install/micro_ros_setup:/home/mars/Documents/Lunabotics25-26/lunabot_ws/install/lunabot_teleop:/home/mars/Documents/Lunabotics25-26/lunabot_ws/install/lunabot_hardware:/opt/ros/jazzy/opt/gz_math_vendor:/opt/ros/jazzy/opt/gz_utils_vendor:/opt/ros/jazzy/opt/gz_cmake_vendor:/opt/ros/jazzy'}), 'shell': False}
[8.218570] (micro_ros_agent) StdoutLine: {'line': b"[  6%] \x1b[34m\x1b[1mCreating directories for 'xrceagent'\x1b[0m\n"}
[8.235860] (-) TimerEvent: {}
[8.242631] (micro_ros_agent) StdoutLine: {'line': b"[ 12%] \x1b[34m\x1b[1mPerforming download step (git clone) for 'xrceagent'\x1b[0m\n"}
[8.261905] (micro_ros_agent) StderrLine: {'line': b"Cloning into 'xrceagent'...\n"}
[8.335998] (-) TimerEvent: {}
[8.436352] (-) TimerEvent: {}
[8.536763] (-) TimerEvent: {}
[8.637162] (-) TimerEvent: {}
[8.737564] (-) TimerEvent: {}
[8.837936] (-) TimerEvent: {}
[8.938329] (-) TimerEvent: {}
[9.038858] (-) TimerEvent: {}
[9.139247] (-) TimerEvent: {}
[9.239649] (-) TimerEvent: {}
[9.340003] (-) TimerEvent: {}
[9.440395] (-) TimerEvent: {}
[9.540790] (-) TimerEvent: {}
[9.641170] (-) TimerEvent: {}
[9.741538] (-) TimerEvent: {}
[9.841924] (-) TimerEvent: {}
[9.942250] (-) TimerEvent: {}
[10.042602] (-) TimerEvent: {}
[10.142965] (-) TimerEvent: {}
[10.243334] (-) TimerEvent: {}
[10.343754] (-) TimerEvent: {}
[10.444152] (-) TimerEvent: {}
[10.544536] (-) TimerEvent: {}
[10.644891] (-) TimerEvent: {}
[10.745194] (-) TimerEvent: {}
[10.845537] (-) TimerEvent: {}
[10.945910] (-) TimerEvent: {}
[11.046803] (-) TimerEvent: {}
[11.065380] (micro_ros_agent) StderrLine: {'line': b'HEAD is now at 7362281 Release v2.4.3\n'}
[11.111409] (micro_ros_agent) StdoutLine: {'line': b"[ 18%] \x1b[34m\x1b[1mPerforming update step for 'xrceagent'\x1b[0m\n"}
[11.134917] (micro_ros_agent) StdoutLine: {'line': b"[ 25%] \x1b[34m\x1b[1mNo patch step for 'xrceagent'\x1b[0m\n"}
[11.146893] (-) TimerEvent: {}
[11.162444] (micro_ros_agent) StdoutLine: {'line': b"[ 31%] \x1b[34m\x1b[1mPerforming configure step for 'xrceagent'\x1b[0m\n"}
[11.170347] (micro_ros_agent) StdoutLine: {'line': b'loading initial cache file /home/mars/Documents/Lunabotics25-26/lunabot_ws/build/micro_ros_agent/agent/tmp/xrceagent-cache-.cmake\n'}
[11.222931] (micro_ros_agent) StdoutLine: {'line': b'-- The C compiler identification is GNU 13.3.0\n'}
[11.236225] (micro_ros_agent) StdoutLine: {'line': b'-- Detecting C compiler ABI info\n'}
[11.247032] (-) TimerEvent: {}
[11.319683] (micro_ros_agent) StdoutLine: {'line': b'-- Detecting C compiler ABI info - done\n'}
[11.329276] (micro_ros_agent) StdoutLine: {'line': b'-- Check for working C compiler: /usr/bin/cc - skipped\n'}
[11.329697] (micro_ros_agent) StdoutLine: {'line': b'-- Detecting C compile features\n'}
[11.331435] (micro_ros_agent) StdoutLine: {'line': b'-- Detecting C compile features - done\n'}
[11.347160] (-) TimerEvent: {}
[11.385460] (micro_ros_agent) StdoutLine: {'line': b'-- The CXX compiler identification is GNU 13.3.0\n'}
[11.396651] (micro_ros_agent) StdoutLine: {'line': b'-- Detecting CXX compiler ABI info\n'}
[11.447299] (-) TimerEvent: {}
[11.489231] (micro_ros_agent) StdoutLine: {'line': b'-- Detecting CXX compiler ABI info - done\n'}
[11.499127] (micro_ros_agent) StdoutLine: {'line': b'-- Check for working CXX compiler: /usr/bin/c++ - skipped\n'}
[11.500461] (micro_ros_agent) StdoutLine: {'line': b'-- Detecting CXX compile features\n'}
[11.500607] (micro_ros_agent) StdoutLine: {'line': b'-- Detecting CXX compile features - done\n'}
[11.534643] (micro_ros_agent) StdoutLine: {'line': b'-- Configuring done (0.4s)\n'}
[11.537881] (micro_ros_agent) StdoutLine: {'line': b'-- Generating done (0.0s)\n'}
[11.538538] (micro_ros_agent) StdoutLine: {'line': b'-- Build files have been written to: /home/mars/Documents/Lunabotics25-26/lunabot_ws/build/micro_ros_agent/agent/src/xrceagent-build\n'}
[11.547432] (-) TimerEvent: {}
[11.559546] (micro_ros_agent) StdoutLine: {'line': b"[ 37%] \x1b[34m\x1b[1mPerforming build step for 'xrceagent'\x1b[0m\n"}
[11.596429] (micro_ros_agent) StdoutLine: {'line': b"[  6%] \x1b[34m\x1b[1mCreating directories for 'spdlog'\x1b[0m\n"}
[11.620425] (micro_ros_agent) StdoutLine: {'line': b"[ 12%] \x1b[34m\x1b[1mPerforming download step (git clone) for 'spdlog'\x1b[0m\n"}
[11.639500] (micro_ros_agent) StderrLine: {'line': b"Cloning into 'spdlog'...\n"}
[11.647500] (-) TimerEvent: {}
[11.747815] (-) TimerEvent: {}
[11.848153] (-) TimerEvent: {}
[11.948514] (-) TimerEvent: {}
[12.049022] (-) TimerEvent: {}
[12.149389] (-) TimerEvent: {}
[12.249739] (-) TimerEvent: {}
[12.350083] (-) TimerEvent: {}
[12.452547] (-) TimerEvent: {}
[12.552866] (-) TimerEvent: {}
[12.653127] (-) TimerEvent: {}
[12.753390] (-) TimerEvent: {}
[12.854414] (-) TimerEvent: {}
[12.954697] (-) TimerEvent: {}
[13.055020] (-) TimerEvent: {}
[13.155281] (-) TimerEvent: {}
[13.257647] (-) TimerEvent: {}
[13.358031] (-) TimerEvent: {}
[13.458569] (-) TimerEvent: {}
[13.559534] (-) TimerEvent: {}
[13.660790] (-) TimerEvent: {}
[13.761188] (-) TimerEvent: {}
[13.861674] (-) TimerEvent: {}
[13.962403] (-) TimerEvent: {}
[14.062951] (-) TimerEvent: {}
[14.163354] (-) TimerEvent: {}
[14.263640] (-) TimerEvent: {}
[14.363999] (-) TimerEvent: {}
[14.464368] (-) TimerEvent: {}
[14.564721] (-) TimerEvent: {}
[14.665223] (-) TimerEvent: {}
[14.765881] (-) TimerEvent: {}
[14.863740] (micro_ros_agent) StderrLine: {'line': b'HEAD is now at eb322062 Bump version to 1.9.2\n'}
[14.865984] (-) TimerEvent: {}
[14.907372] (micro_ros_agent) StdoutLine: {'line': b"[ 18%] \x1b[34m\x1b[1mPerforming update step for 'spdlog'\x1b[0m\n"}
[14.929863] (micro_ros_agent) StdoutLine: {'line': b"[ 25%] \x1b[34m\x1b[1mNo patch step for 'spdlog'\x1b[0m\n"}
[14.951233] (micro_ros_agent) StdoutLine: {'line': b"[ 31%] \x1b[34m\x1b[1mPerforming configure step for 'spdlog'\x1b[0m\n"}
[14.958621] (micro_ros_agent) StdoutLine: {'line': b'loading initial cache file /home/mars/Documents/Lunabotics25-26/lunabot_ws/build/micro_ros_agent/agent/src/xrceagent-build/spdlog/tmp/spdlog-cache-.cmake\n'}
[14.966114] (-) TimerEvent: {}
[15.011613] (micro_ros_agent) StdoutLine: {'line': b'-- The CXX compiler identification is GNU 13.3.0\n'}
[15.029610] (micro_ros_agent) StdoutLine: {'line': b'-- Detecting CXX compiler ABI info\n'}
[15.066247] (-) TimerEvent: {}
[15.123136] (micro_ros_agent) StdoutLine: {'line': b'-- Detecting CXX compiler ABI info - done\n'}
[15.132830] (micro_ros_agent) StdoutLine: {'line': b'-- Check for working CXX compiler: /usr/bin/c++ - skipped\n'}
[15.133476] (micro_ros_agent) StdoutLine: {'line': b'-- Detecting CXX compile features\n'}
[15.133695] (micro_ros_agent) StdoutLine: {'line': b'-- Detecting CXX compile features - done\n'}
[15.133982] (micro_ros_agent) StdoutLine: {'line': b'-- Build spdlog: 1.9.2\n'}
[15.137566] (micro_ros_agent) StdoutLine: {'line': b'-- Performing Test CMAKE_HAVE_LIBC_PTHREAD\n'}
[15.166343] (-) TimerEvent: {}
[15.230422] (micro_ros_agent) StdoutLine: {'line': b'-- Performing Test CMAKE_HAVE_LIBC_PTHREAD - Success\n'}
[15.231999] (micro_ros_agent) StdoutLine: {'line': b'-- Found Threads: TRUE  \n'}
[15.232665] (micro_ros_agent) StdoutLine: {'line': b'-- Build type: Release\n'}
[15.233513] (micro_ros_agent) StdoutLine: {'line': b'-- Generating example(s)\n'}
[15.234651] (micro_ros_agent) StdoutLine: {'line': b'-- Generating install\n'}
[15.254103] (micro_ros_agent) StdoutLine: {'line': b'-- Configuring done (0.3s)\n'}
[15.266710] (-) TimerEvent: {}
[15.268909] (micro_ros_agent) StdoutLine: {'line': b'-- Generating done (0.0s)\n'}
[15.269331] (micro_ros_agent) StdoutLine: {'line': b'-- Build files have been written to: /home/mars/Documents/Lunabotics25-26/lunabot_ws/build/micro_ros_agent/agent/src/xrceagent-build/spdlog/src/spdlog-build\n'}
[15.290414] (micro_ros_agent) StdoutLine: {'line': b"[ 37%] \x1b[34m\x1b[1mPerforming build step for 'spdlog'\x1b[0m\n"}
[15.328392] (micro_ros_agent) StdoutLine: {'line': b'[ 30%] \x1b[32mBuilding CXX object CMakeFiles/spdlog.dir/src/color_sinks.cpp.o\x1b[0m\n'}
[15.328619] (micro_ros_agent) StdoutLine: {'line': b'[ 30%] \x1b[32mBuilding CXX object CMakeFiles/spdlog.dir/src/stdout_sinks.cpp.o\x1b[0m\n'}
[15.328682] (micro_ros_agent) StdoutLine: {'line': b'[ 30%] \x1b[32mBuilding CXX object CMakeFiles/spdlog.dir/src/spdlog.cpp.o\x1b[0m\n'}
[15.329935] (micro_ros_agent) StdoutLine: {'line': b'[ 40%] \x1b[32mBuilding CXX object CMakeFiles/spdlog.dir/src/file_sinks.cpp.o\x1b[0m\n'}
[15.367423] (-) TimerEvent: {}
[15.467709] (-) TimerEvent: {}
[15.568429] (-) TimerEvent: {}
[15.668722] (-) TimerEvent: {}
[15.773613] (-) TimerEvent: {}
[15.876764] (-) TimerEvent: {}
[15.979762] (-) TimerEvent: {}
[16.081437] (-) TimerEvent: {}
[16.181874] (-) TimerEvent: {}
[16.284523] (-) TimerEvent: {}
[16.379434] (micro_ros_agent) StdoutLine: {'line': b'[ 50%] \x1b[32mBuilding CXX object CMakeFiles/spdlog.dir/src/async.cpp.o\x1b[0m\n'}
[16.384643] (-) TimerEvent: {}
[16.485148] (-) TimerEvent: {}
[16.590519] (-) TimerEvent: {}
[16.690821] (-) TimerEvent: {}
[16.791263] (-) TimerEvent: {}
[16.892669] (-) TimerEvent: {}
[16.993098] (-) TimerEvent: {}
[17.039490] (micro_ros_agent) StdoutLine: {'line': b'[ 60%] \x1b[32mBuilding CXX object CMakeFiles/spdlog.dir/src/cfg.cpp.o\x1b[0m\n'}
[17.093203] (-) TimerEvent: {}
[17.167170] (micro_ros_agent) StdoutLine: {'line': b'[ 70%] \x1b[32mBuilding CXX object CMakeFiles/spdlog.dir/src/fmt.cpp.o\x1b[0m\n'}
[17.193332] (-) TimerEvent: {}
[17.293681] (-) TimerEvent: {}
[17.394024] (-) TimerEvent: {}
[17.494345] (-) TimerEvent: {}
[17.599585] (-) TimerEvent: {}
[17.699874] (-) TimerEvent: {}
[17.800160] (-) TimerEvent: {}
[17.900429] (-) TimerEvent: {}
[18.000754] (-) TimerEvent: {}
[18.101134] (-) TimerEvent: {}
[18.201509] (-) TimerEvent: {}
[18.303610] (-) TimerEvent: {}
[18.405599] (-) TimerEvent: {}
[18.505959] (-) TimerEvent: {}
[18.606308] (-) TimerEvent: {}
[18.706622] (-) TimerEvent: {}
[18.806906] (-) TimerEvent: {}
[18.907236] (-) TimerEvent: {}
[19.007540] (-) TimerEvent: {}
[19.107886] (-) TimerEvent: {}
[19.208261] (-) TimerEvent: {}
[19.308606] (-) TimerEvent: {}
[19.408898] (-) TimerEvent: {}
[19.509230] (-) TimerEvent: {}
[19.609475] (-) TimerEvent: {}
[19.709770] (-) TimerEvent: {}
[19.810101] (-) TimerEvent: {}
[19.910435] (-) TimerEvent: {}
[20.010795] (-) TimerEvent: {}
[20.111103] (-) TimerEvent: {}
[20.211517] (-) TimerEvent: {}
[20.311852] (-) TimerEvent: {}
[20.412095] (-) TimerEvent: {}
[20.512416] (-) TimerEvent: {}
[20.612794] (-) TimerEvent: {}
[20.713180] (-) TimerEvent: {}
[20.813549] (-) TimerEvent: {}
[20.914068] (-) TimerEvent: {}
[21.014579] (-) TimerEvent: {}
[21.115059] (-) TimerEvent: {}
[21.215574] (-) TimerEvent: {}
[21.316092] (-) TimerEvent: {}
[21.416426] (-) TimerEvent: {}
[21.516780] (-) TimerEvent: {}
[21.617296] (-) TimerEvent: {}
[21.717660] (-) TimerEvent: {}
[21.817979] (-) TimerEvent: {}
[21.920763] (-) TimerEvent: {}
[22.021111] (-) TimerEvent: {}
[22.121033] (micro_ros_agent) StdoutLine: {'line': b'[ 80%] \x1b[32m\x1b[1mLinking CXX static library libspdlog.a\x1b[0m\n'}
[22.121301] (-) TimerEvent: {}
[22.221584] (-) TimerEvent: {}
[22.321906] (-) TimerEvent: {}
[22.422195] (-) TimerEvent: {}
[22.487353] (micro_ros_agent) StdoutLine: {'line': b'[ 80%] Built target spdlog\n'}
[22.506935] (micro_ros_agent) StdoutLine: {'line': b'[ 90%] \x1b[32mBuilding CXX object example/CMakeFiles/example.dir/example.cpp.o\x1b[0m\n'}
[22.522323] (-) TimerEvent: {}
[22.622686] (-) TimerEvent: {}
[22.723224] (-) TimerEvent: {}
[22.823766] (-) TimerEvent: {}
[22.924095] (-) TimerEvent: {}
[23.024811] (-) TimerEvent: {}
[23.125331] (-) TimerEvent: {}
[23.225699] (-) TimerEvent: {}
[23.326056] (-) TimerEvent: {}
[23.426398] (-) TimerEvent: {}
[23.529583] (-) TimerEvent: {}
[23.629926] (-) TimerEvent: {}
[23.730276] (-) TimerEvent: {}
[23.830810] (-) TimerEvent: {}
[23.931327] (-) TimerEvent: {}
[24.031727] (-) TimerEvent: {}
[24.134750] (-) TimerEvent: {}
[24.235105] (-) TimerEvent: {}
[24.335624] (-) TimerEvent: {}
[24.438589] (-) TimerEvent: {}
[24.538899] (-) TimerEvent: {}
[24.639536] (-) TimerEvent: {}
[24.740106] (-) TimerEvent: {}
[24.840436] (-) TimerEvent: {}
[24.940953] (-) TimerEvent: {}
[25.041471] (-) TimerEvent: {}
[25.141990] (-) TimerEvent: {}
[25.242501] (-) TimerEvent: {}
[25.343728] (-) TimerEvent: {}
[25.444044] (-) TimerEvent: {}
[25.544710] (-) TimerEvent: {}
[25.645234] (-) TimerEvent: {}
[25.745588] (-) TimerEvent: {}
[25.846628] (-) TimerEvent: {}
[25.946978] (-) TimerEvent: {}
[26.047308] (-) TimerEvent: {}
[26.147642] (-) TimerEvent: {}
[26.184830] (micro_ros_agent) StdoutLine: {'line': b'[100%] \x1b[32m\x1b[1mLinking CXX executable example\x1b[0m\n'}
[26.247784] (-) TimerEvent: {}
[26.296819] (micro_ros_agent) StdoutLine: {'line': b'[100%] Built target example\n'}
[26.334084] (micro_ros_agent) StdoutLine: {'line': b"[ 43%] \x1b[34m\x1b[1mPerforming install step for 'spdlog'\x1b[0m\n"}
[26.347924] (-) TimerEvent: {}
[26.385379] (micro_ros_agent) StdoutLine: {'line': b'[ 80%] Built target spdlog\n'}
[26.406234] (micro_ros_agent) StdoutLine: {'line': b'[100%] Built target example\n'}
[26.423198] (micro_ros_agent) StdoutLine: {'line': b'\x1b[36mInstall the project...\x1b[0m\n'}
[26.430469] (micro_ros_agent) StdoutLine: {'line': b'-- Install configuration: "Release"\n'}
[26.430783] (micro_ros_agent) StdoutLine: {'line': b'-- Installing: /home/mars/Documents/Lunabotics25-26/lunabot_ws/build/micro_ros_agent/agent/src/xrceagent-build/temp_install/spdlog-1.9.2/include\n'}
[26.430984] (micro_ros_agent) StdoutLine: {'line': b'-- Installing: /home/mars/Documents/Lunabotics25-26/lunabot_ws/build/micro_ros_agent/agent/src/xrceagent-build/temp_install/spdlog-1.9.2/include/spdlog\n'}
[26.431161] (micro_ros_agent) StdoutLine: {'line': b'-- Installing: /home/mars/Documents/Lunabotics25-26/lunabot_ws/build/micro_ros_agent/agent/src/xrceagent-build/temp_install/spdlog-1.9.2/include/spdlog/formatter.h\n'}
[26.431308] (micro_ros_agent) StdoutLine: {'line': b'-- Installing: /home/mars/Documents/Lunabotics25-26/lunabot_ws/build/micro_ros_agent/agent/src/xrceagent-build/temp_install/spdlog-1.9.2/include/spdlog/async_logger.h\n'}
[26.431488] (micro_ros_agent) StdoutLine: {'line': b'-- Installing: /home/mars/Documents/Lunabotics25-26/lunabot_ws/build/micro_ros_agent/agent/src/xrceagent-build/temp_install/spdlog-1.9.2/include/spdlog/spdlog.h\n'}
[26.431646] (micro_ros_agent) StdoutLine: {'line': b'-- Installing: /home/mars/Documents/Lunabotics25-26/lunabot_ws/build/micro_ros_agent/agent/src/xrceagent-build/temp_install/spdlog-1.9.2/include/spdlog/pattern_formatter-inl.h\n'}
[26.431808] (micro_ros_agent) StdoutLine: {'line': b'-- Installing: /home/mars/Documents/Lunabotics25-26/lunabot_ws/build/micro_ros_agent/agent/src/xrceagent-build/temp_install/spdlog-1.9.2/include/spdlog/details\n'}
[26.431945] (micro_ros_agent) StdoutLine: {'line': b'-- Installing: /home/mars/Documents/Lunabotics25-26/lunabot_ws/build/micro_ros_agent/agent/src/xrceagent-build/temp_install/spdlog-1.9.2/include/spdlog/details/log_msg.h\n'}
[26.432071] (micro_ros_agent) StdoutLine: {'line': b'-- Installing: /home/mars/Documents/Lunabotics25-26/lunabot_ws/build/micro_ros_agent/agent/src/xrceagent-build/temp_install/spdlog-1.9.2/include/spdlog/details/thread_pool.h\n'}
[26.432198] (micro_ros_agent) StdoutLine: {'line': b'-- Installing: /home/mars/Documents/Lunabotics25-26/lunabot_ws/build/micro_ros_agent/agent/src/xrceagent-build/temp_install/spdlog-1.9.2/include/spdlog/details/tcp_client.h\n'}
[26.432324] (micro_ros_agent) StdoutLine: {'line': b'-- Installing: /home/mars/Documents/Lunabotics25-26/lunabot_ws/build/micro_ros_agent/agent/src/xrceagent-build/temp_install/spdlog-1.9.2/include/spdlog/details/tcp_client-windows.h\n'}
[26.432463] (micro_ros_agent) StdoutLine: {'line': b'-- Installing: /home/mars/Documents/Lunabotics25-26/lunabot_ws/build/micro_ros_agent/agent/src/xrceagent-build/temp_install/spdlog-1.9.2/include/spdlog/details/null_mutex.h\n'}
[26.432590] (micro_ros_agent) StdoutLine: {'line': b'-- Installing: /home/mars/Documents/Lunabotics25-26/lunabot_ws/build/micro_ros_agent/agent/src/xrceagent-build/temp_install/spdlog-1.9.2/include/spdlog/details/os.h\n'}
[26.432716] (micro_ros_agent) StdoutLine: {'line': b'-- Installing: /home/mars/Documents/Lunabotics25-26/lunabot_ws/build/micro_ros_agent/agent/src/xrceagent-build/temp_install/spdlog-1.9.2/include/spdlog/details/synchronous_factory.h\n'}
[26.432841] (micro_ros_agent) StdoutLine: {'line': b'-- Installing: /home/mars/Documents/Lunabotics25-26/lunabot_ws/build/micro_ros_agent/agent/src/xrceagent-build/temp_install/spdlog-1.9.2/include/spdlog/details/backtracer-inl.h\n'}
[26.432966] (micro_ros_agent) StdoutLine: {'line': b'-- Installing: /home/mars/Documents/Lunabotics25-26/lunabot_ws/build/micro_ros_agent/agent/src/xrceagent-build/temp_install/spdlog-1.9.2/include/spdlog/details/periodic_worker-inl.h\n'}
[26.433093] (micro_ros_agent) StdoutLine: {'line': b'-- Installing: /home/mars/Documents/Lunabotics25-26/lunabot_ws/build/micro_ros_agent/agent/src/xrceagent-build/temp_install/spdlog-1.9.2/include/spdlog/details/log_msg-inl.h\n'}
[26.433221] (micro_ros_agent) StdoutLine: {'line': b'-- Installing: /home/mars/Documents/Lunabotics25-26/lunabot_ws/build/micro_ros_agent/agent/src/xrceagent-build/temp_install/spdlog-1.9.2/include/spdlog/details/thread_pool-inl.h\n'}
[26.433512] (micro_ros_agent) StdoutLine: {'line': b'-- Installing: /home/mars/Documents/Lunabotics25-26/lunabot_ws/build/micro_ros_agent/agent/src/xrceagent-build/temp_install/spdlog-1.9.2/include/spdlog/details/fmt_helper.h\n'}
[26.433715] (micro_ros_agent) StdoutLine: {'line': b'-- Installing: /home/mars/Documents/Lunabotics25-26/lunabot_ws/build/micro_ros_agent/agent/src/xrceagent-build/temp_install/spdlog-1.9.2/include/spdlog/details/windows_include.h\n'}
[26.433880] (micro_ros_agent) StdoutLine: {'line': b'-- Installing: /home/mars/Documents/Lunabotics25-26/lunabot_ws/build/micro_ros_agent/agent/src/xrceagent-build/temp_install/spdlog-1.9.2/include/spdlog/details/registry-inl.h\n'}
[26.434058] (micro_ros_agent) StdoutLine: {'line': b'-- Installing: /home/mars/Documents/Lunabotics25-26/lunabot_ws/build/micro_ros_agent/agent/src/xrceagent-build/temp_install/spdlog-1.9.2/include/spdlog/details/periodic_worker.h\n'}
[26.434215] (micro_ros_agent) StdoutLine: {'line': b'-- Installing: /home/mars/Documents/Lunabotics25-26/lunabot_ws/build/micro_ros_agent/agent/src/xrceagent-build/temp_install/spdlog-1.9.2/include/spdlog/details/backtracer.h\n'}
[26.434398] (micro_ros_agent) StdoutLine: {'line': b'-- Installing: /home/mars/Documents/Lunabotics25-26/lunabot_ws/build/micro_ros_agent/agent/src/xrceagent-build/temp_install/spdlog-1.9.2/include/spdlog/details/log_msg_buffer-inl.h\n'}
[26.434581] (micro_ros_agent) StdoutLine: {'line': b'-- Installing: /home/mars/Documents/Lunabotics25-26/lunabot_ws/build/micro_ros_agent/agent/src/xrceagent-build/temp_install/spdlog-1.9.2/include/spdlog/details/log_msg_buffer.h\n'}
[26.434739] (micro_ros_agent) StdoutLine: {'line': b'-- Installing: /home/mars/Documents/Lunabotics25-26/lunabot_ws/build/micro_ros_agent/agent/src/xrceagent-build/temp_install/spdlog-1.9.2/include/spdlog/details/file_helper-inl.h\n'}
[26.434897] (micro_ros_agent) StdoutLine: {'line': b'-- Installing: /home/mars/Documents/Lunabotics25-26/lunabot_ws/build/micro_ros_agent/agent/src/xrceagent-build/temp_install/spdlog-1.9.2/include/spdlog/details/file_helper.h\n'}
[26.435065] (micro_ros_agent) StdoutLine: {'line': b'-- Installing: /home/mars/Documents/Lunabotics25-26/lunabot_ws/build/micro_ros_agent/agent/src/xrceagent-build/temp_install/spdlog-1.9.2/include/spdlog/details/os-inl.h\n'}
[26.435228] (micro_ros_agent) StdoutLine: {'line': b'-- Installing: /home/mars/Documents/Lunabotics25-26/lunabot_ws/build/micro_ros_agent/agent/src/xrceagent-build/temp_install/spdlog-1.9.2/include/spdlog/details/registry.h\n'}
[26.435403] (micro_ros_agent) StdoutLine: {'line': b'-- Installing: /home/mars/Documents/Lunabotics25-26/lunabot_ws/build/micro_ros_agent/agent/src/xrceagent-build/temp_install/spdlog-1.9.2/include/spdlog/details/circular_q.h\n'}
[26.435568] (micro_ros_agent) StdoutLine: {'line': b'-- Installing: /home/mars/Documents/Lunabotics25-26/lunabot_ws/build/micro_ros_agent/agent/src/xrceagent-build/temp_install/spdlog-1.9.2/include/spdlog/details/console_globals.h\n'}
[26.435734] (micro_ros_agent) StdoutLine: {'line': b'-- Installing: /home/mars/Documents/Lunabotics25-26/lunabot_ws/build/micro_ros_agent/agent/src/xrceagent-build/temp_install/spdlog-1.9.2/include/spdlog/details/mpmc_blocking_q.h\n'}
[26.435893] (micro_ros_agent) StdoutLine: {'line': b'-- Installing: /home/mars/Documents/Lunabotics25-26/lunabot_ws/build/micro_ros_agent/agent/src/xrceagent-build/temp_install/spdlog-1.9.2/include/spdlog/logger.h\n'}
[26.436053] (micro_ros_agent) StdoutLine: {'line': b'-- Installing: /home/mars/Documents/Lunabotics25-26/lunabot_ws/build/micro_ros_agent/agent/src/xrceagent-build/temp_install/spdlog-1.9.2/include/spdlog/pattern_formatter.h\n'}
[26.436215] (micro_ros_agent) StdoutLine: {'line': b'-- Installing: /home/mars/Documents/Lunabotics25-26/lunabot_ws/build/micro_ros_agent/agent/src/xrceagent-build/temp_install/spdlog-1.9.2/include/spdlog/spdlog-inl.h\n'}
[26.436389] (micro_ros_agent) StdoutLine: {'line': b'-- Installing: /home/mars/Documents/Lunabotics25-26/lunabot_ws/build/micro_ros_agent/agent/src/xrceagent-build/temp_install/spdlog-1.9.2/include/spdlog/version.h\n'}
[26.436549] (micro_ros_agent) StdoutLine: {'line': b'-- Installing: /home/mars/Documents/Lunabotics25-26/lunabot_ws/build/micro_ros_agent/agent/src/xrceagent-build/temp_install/spdlog-1.9.2/include/spdlog/common-inl.h\n'}
[26.436711] (micro_ros_agent) StdoutLine: {'line': b'-- Installing: /home/mars/Documents/Lunabotics25-26/lunabot_ws/build/micro_ros_agent/agent/src/xrceagent-build/temp_install/spdlog-1.9.2/include/spdlog/sinks\n'}
[26.436879] (micro_ros_agent) StdoutLine: {'line': b'-- Installing: /home/mars/Documents/Lunabotics25-26/lunabot_ws/build/micro_ros_agent/agent/src/xrceagent-build/temp_install/spdlog-1.9.2/include/spdlog/sinks/daily_file_sink.h\n'}
[26.437026] (micro_ros_agent) StdoutLine: {'line': b'-- Installing: /home/mars/Documents/Lunabotics25-26/lunabot_ws/build/micro_ros_agent/agent/src/xrceagent-build/temp_install/spdlog-1.9.2/include/spdlog/sinks/base_sink-inl.h\n'}
[26.437176] (micro_ros_agent) StdoutLine: {'line': b'-- Installing: /home/mars/Documents/Lunabotics25-26/lunabot_ws/build/micro_ros_agent/agent/src/xrceagent-build/temp_install/spdlog-1.9.2/include/spdlog/sinks/null_sink.h\n'}
[26.437302] (micro_ros_agent) StdoutLine: {'line': b'-- Installing: /home/mars/Documents/Lunabotics25-26/lunabot_ws/build/micro_ros_agent/agent/src/xrceagent-build/temp_install/spdlog-1.9.2/include/spdlog/sinks/android_sink.h\n'}
[26.437437] (micro_ros_agent) StdoutLine: {'line': b'-- Installing: /home/mars/Documents/Lunabotics25-26/lunabot_ws/build/micro_ros_agent/agent/src/xrceagent-build/temp_install/spdlog-1.9.2/include/spdlog/sinks/ringbuffer_sink.h\n'}
[26.437561] (micro_ros_agent) StdoutLine: {'line': b'-- Installing: /home/mars/Documents/Lunabotics25-26/lunabot_ws/build/micro_ros_agent/agent/src/xrceagent-build/temp_install/spdlog-1.9.2/include/spdlog/sinks/ansicolor_sink-inl.h\n'}
[26.437682] (micro_ros_agent) StdoutLine: {'line': b'-- Installing: /home/mars/Documents/Lunabotics25-26/lunabot_ws/build/micro_ros_agent/agent/src/xrceagent-build/temp_install/spdlog-1.9.2/include/spdlog/sinks/win_eventlog_sink.h\n'}
[26.437814] (micro_ros_agent) StdoutLine: {'line': b'-- Installing: /home/mars/Documents/Lunabotics25-26/lunabot_ws/build/micro_ros_agent/agent/src/xrceagent-build/temp_install/spdlog-1.9.2/include/spdlog/sinks/qt_sinks.h\n'}
[26.437937] (micro_ros_agent) StdoutLine: {'line': b'-- Installing: /home/mars/Documents/Lunabotics25-26/lunabot_ws/build/micro_ros_agent/agent/src/xrceagent-build/temp_install/spdlog-1.9.2/include/spdlog/sinks/ostream_sink.h\n'}
[26.438080] (micro_ros_agent) StdoutLine: {'line': b'-- Installing: /home/mars/Documents/Lunabotics25-26/lunabot_ws/build/micro_ros_agent/agent/src/xrceagent-build/temp_install/spdlog-1.9.2/include/spdlog/sinks/ansicolor_sink.h\n'}
[26.438252] (micro_ros_agent) StdoutLine: {'line': b'-- Installing: /home/mars/Documents/Lunabotics25-26/lunabot_ws/build/micro_ros_agent/agent/src/xrceagent-build/temp_install/spdlog-1.9.2/include/spdlog/sinks/wincolor_sink.h\n'}
[26.438421] (micro_ros_agent) StdoutLine: {'line': b'-- Installing: /home/mars/Documents/Lunabotics25-26/lunabot_ws/build/micro_ros_agent/agent/src/xrceagent-build/temp_install/spdlog-1.9.2/include/spdlog/sinks/systemd_sink.h\n'}
[26.438564] (micro_ros_agent) StdoutLine: {'line': b'-- Installing: /home/mars/Documents/Lunabotics25-26/lunabot_ws/build/micro_ros_agent/agent/src/xrceagent-build/temp_install/spdlog-1.9.2/include/spdlog/sinks/stdout_sinks-inl.h\n'}
[26.438717] (micro_ros_agent) StdoutLine: {'line': b'-- Installing: /home/mars/Documents/Lunabotics25-26/lunabot_ws/build/micro_ros_agent/agent/src/xrceagent-build/temp_install/spdlog-1.9.2/include/spdlog/sinks/basic_file_sink-inl.h\n'}
[26.438860] (micro_ros_agent) StdoutLine: {'line': b'-- Installing: /home/mars/Documents/Lunabotics25-26/lunabot_ws/build/micro_ros_agent/agent/src/xrceagent-build/temp_install/spdlog-1.9.2/include/spdlog/sinks/dup_filter_sink.h\n'}
[26.439021] (micro_ros_agent) StdoutLine: {'line': b'-- Installing: /home/mars/Documents/Lunabotics25-26/lunabot_ws/build/micro_ros_agent/agent/src/xrceagent-build/temp_install/spdlog-1.9.2/include/spdlog/sinks/msvc_sink.h\n'}
[26.439163] (micro_ros_agent) StdoutLine: {'line': b'-- Installing: /home/mars/Documents/Lunabotics25-26/lunabot_ws/build/micro_ros_agent/agent/src/xrceagent-build/temp_install/spdlog-1.9.2/include/spdlog/sinks/dist_sink.h\n'}
[26.439318] (micro_ros_agent) StdoutLine: {'line': b'-- Installing: /home/mars/Documents/Lunabotics25-26/lunabot_ws/build/micro_ros_agent/agent/src/xrceagent-build/temp_install/spdlog-1.9.2/include/spdlog/sinks/stdout_color_sinks-inl.h\n'}
[26.439477] (micro_ros_agent) StdoutLine: {'line': b'-- Installing: /home/mars/Documents/Lunabotics25-26/lunabot_ws/build/micro_ros_agent/agent/src/xrceagent-build/temp_install/spdlog-1.9.2/include/spdlog/sinks/basic_file_sink.h\n'}
[26.439606] (micro_ros_agent) StdoutLine: {'line': b'-- Installing: /home/mars/Documents/Lunabotics25-26/lunabot_ws/build/micro_ros_agent/agent/src/xrceagent-build/temp_install/spdlog-1.9.2/include/spdlog/sinks/stdout_sinks.h\n'}
[26.439761] (micro_ros_agent) StdoutLine: {'line': b'-- Installing: /home/mars/Documents/Lunabotics25-26/lunabot_ws/build/micro_ros_agent/agent/src/xrceagent-build/temp_install/spdlog-1.9.2/include/spdlog/sinks/base_sink.h\n'}
[26.439901] (micro_ros_agent) StdoutLine: {'line': b'-- Installing: /home/mars/Documents/Lunabotics25-26/lunabot_ws/build/micro_ros_agent/agent/src/xrceagent-build/temp_install/spdlog-1.9.2/include/spdlog/sinks/rotating_file_sink.h\n'}
[26.440042] (micro_ros_agent) StdoutLine: {'line': b'-- Installing: /home/mars/Documents/Lunabotics25-26/lunabot_ws/build/micro_ros_agent/agent/src/xrceagent-build/temp_install/spdlog-1.9.2/include/spdlog/sinks/hourly_file_sink.h\n'}
[26.440165] (micro_ros_agent) StdoutLine: {'line': b'-- Installing: /home/mars/Documents/Lunabotics25-26/lunabot_ws/build/micro_ros_agent/agent/src/xrceagent-build/temp_install/spdlog-1.9.2/include/spdlog/sinks/sink.h\n'}
[26.440287] (micro_ros_agent) StdoutLine: {'line': b'-- Installing: /home/mars/Documents/Lunabotics25-26/lunabot_ws/build/micro_ros_agent/agent/src/xrceagent-build/temp_install/spdlog-1.9.2/include/spdlog/sinks/tcp_sink.h\n'}
[26.440428] (micro_ros_agent) StdoutLine: {'line': b'-- Installing: /home/mars/Documents/Lunabotics25-26/lunabot_ws/build/micro_ros_agent/agent/src/xrceagent-build/temp_install/spdlog-1.9.2/include/spdlog/sinks/sink-inl.h\n'}
[26.440551] (micro_ros_agent) StdoutLine: {'line': b'-- Installing: /home/mars/Documents/Lunabotics25-26/lunabot_ws/build/micro_ros_agent/agent/src/xrceagent-build/temp_install/spdlog-1.9.2/include/spdlog/sinks/syslog_sink.h\n'}
[26.440678] (micro_ros_agent) StdoutLine: {'line': b'-- Installing: /home/mars/Documents/Lunabotics25-26/lunabot_ws/build/micro_ros_agent/agent/src/xrceagent-build/temp_install/spdlog-1.9.2/include/spdlog/sinks/stdout_color_sinks.h\n'}
[26.440802] (micro_ros_agent) StdoutLine: {'line': b'-- Installing: /home/mars/Documents/Lunabotics25-26/lunabot_ws/build/micro_ros_agent/agent/src/xrceagent-build/temp_install/spdlog-1.9.2/include/spdlog/sinks/rotating_file_sink-inl.h\n'}
[26.440937] (micro_ros_agent) StdoutLine: {'line': b'-- Installing: /home/mars/Documents/Lunabotics25-26/lunabot_ws/build/micro_ros_agent/agent/src/xrceagent-build/temp_install/spdlog-1.9.2/include/spdlog/sinks/mongo_sink.h\n'}
[26.441063] (micro_ros_agent) StdoutLine: {'line': b'-- Installing: /home/mars/Documents/Lunabotics25-26/lunabot_ws/build/micro_ros_agent/agent/src/xrceagent-build/temp_install/spdlog-1.9.2/include/spdlog/sinks/wincolor_sink-inl.h\n'}
[26.441189] (micro_ros_agent) StdoutLine: {'line': b'-- Installing: /home/mars/Documents/Lunabotics25-26/lunabot_ws/build/micro_ros_agent/agent/src/xrceagent-build/temp_install/spdlog-1.9.2/include/spdlog/fwd.h\n'}
[26.441314] (micro_ros_agent) StdoutLine: {'line': b'-- Installing: /home/mars/Documents/Lunabotics25-26/lunabot_ws/build/micro_ros_agent/agent/src/xrceagent-build/temp_install/spdlog-1.9.2/include/spdlog/stopwatch.h\n'}
[26.441466] (micro_ros_agent) StdoutLine: {'line': b'-- Installing: /home/mars/Documents/Lunabotics25-26/lunabot_ws/build/micro_ros_agent/agent/src/xrceagent-build/temp_install/spdlog-1.9.2/include/spdlog/tweakme.h\n'}
[26.441601] (micro_ros_agent) StdoutLine: {'line': b'-- Installing: /home/mars/Documents/Lunabotics25-26/lunabot_ws/build/micro_ros_agent/agent/src/xrceagent-build/temp_install/spdlog-1.9.2/include/spdlog/cfg\n'}
[26.441732] (micro_ros_agent) StdoutLine: {'line': b'-- Installing: /home/mars/Documents/Lunabotics25-26/lunabot_ws/build/micro_ros_agent/agent/src/xrceagent-build/temp_install/spdlog-1.9.2/include/spdlog/cfg/helpers.h\n'}
[26.441858] (micro_ros_agent) StdoutLine: {'line': b'-- Installing: /home/mars/Documents/Lunabotics25-26/lunabot_ws/build/micro_ros_agent/agent/src/xrceagent-build/temp_install/spdlog-1.9.2/include/spdlog/cfg/argv.h\n'}
[26.441983] (micro_ros_agent) StdoutLine: {'line': b'-- Installing: /home/mars/Documents/Lunabotics25-26/lunabot_ws/build/micro_ros_agent/agent/src/xrceagent-build/temp_install/spdlog-1.9.2/include/spdlog/cfg/helpers-inl.h\n'}
[26.442109] (micro_ros_agent) StdoutLine: {'line': b'-- Installing: /home/mars/Documents/Lunabotics25-26/lunabot_ws/build/micro_ros_agent/agent/src/xrceagent-build/temp_install/spdlog-1.9.2/include/spdlog/cfg/env.h\n'}
[26.442235] (micro_ros_agent) StdoutLine: {'line': b'-- Installing: /home/mars/Documents/Lunabotics25-26/lunabot_ws/build/micro_ros_agent/agent/src/xrceagent-build/temp_install/spdlog-1.9.2/include/spdlog/async_logger-inl.h\n'}
[26.442372] (micro_ros_agent) StdoutLine: {'line': b'-- Installing: /home/mars/Documents/Lunabotics25-26/lunabot_ws/build/micro_ros_agent/agent/src/xrceagent-build/temp_install/spdlog-1.9.2/include/spdlog/logger-inl.h\n'}
[26.442499] (micro_ros_agent) StdoutLine: {'line': b'-- Installing: /home/mars/Documents/Lunabotics25-26/lunabot_ws/build/micro_ros_agent/agent/src/xrceagent-build/temp_install/spdlog-1.9.2/include/spdlog/common.h\n'}
[26.442623] (micro_ros_agent) StdoutLine: {'line': b'-- Installing: /home/mars/Documents/Lunabotics25-26/lunabot_ws/build/micro_ros_agent/agent/src/xrceagent-build/temp_install/spdlog-1.9.2/include/spdlog/async.h\n'}
[26.442748] (micro_ros_agent) StdoutLine: {'line': b'-- Installing: /home/mars/Documents/Lunabotics25-26/lunabot_ws/build/micro_ros_agent/agent/src/xrceagent-build/temp_install/spdlog-1.9.2/include/spdlog/fmt\n'}
[26.442872] (micro_ros_agent) StdoutLine: {'line': b'-- Installing: /home/mars/Documents/Lunabotics25-26/lunabot_ws/build/micro_ros_agent/agent/src/xrceagent-build/temp_install/spdlog-1.9.2/include/spdlog/fmt/xchar.h\n'}
[26.442996] (micro_ros_agent) StdoutLine: {'line': b'-- Installing: /home/mars/Documents/Lunabotics25-26/lunabot_ws/build/micro_ros_agent/agent/src/xrceagent-build/temp_install/spdlog-1.9.2/include/spdlog/fmt/ostr.h\n'}
[26.443120] (micro_ros_agent) StdoutLine: {'line': b'-- Installing: /home/mars/Documents/Lunabotics25-26/lunabot_ws/build/micro_ros_agent/agent/src/xrceagent-build/temp_install/spdlog-1.9.2/include/spdlog/fmt/bin_to_hex.h\n'}
[26.443244] (micro_ros_agent) StdoutLine: {'line': b'-- Installing: /home/mars/Documents/Lunabotics25-26/lunabot_ws/build/micro_ros_agent/agent/src/xrceagent-build/temp_install/spdlog-1.9.2/include/spdlog/fmt/fmt.h\n'}
[26.443376] (micro_ros_agent) StdoutLine: {'line': b'-- Installing: /home/mars/Documents/Lunabotics25-26/lunabot_ws/build/micro_ros_agent/agent/src/xrceagent-build/temp_install/spdlog-1.9.2/include/spdlog/fmt/chrono.h\n'}
[26.443501] (micro_ros_agent) StdoutLine: {'line': b'-- Installing: /home/mars/Documents/Lunabotics25-26/lunabot_ws/build/micro_ros_agent/agent/src/xrceagent-build/temp_install/spdlog-1.9.2/include/spdlog/fmt/compile.h\n'}
[26.443624] (micro_ros_agent) StdoutLine: {'line': b'-- Installing: /home/mars/Documents/Lunabotics25-26/lunabot_ws/build/micro_ros_agent/agent/src/xrceagent-build/temp_install/spdlog-1.9.2/lib/libspdlog.a\n'}
[26.443750] (micro_ros_agent) StdoutLine: {'line': b'-- Installing: /home/mars/Documents/Lunabotics25-26/lunabot_ws/build/micro_ros_agent/agent/src/xrceagent-build/temp_install/spdlog-1.9.2/include/spdlog/fmt/bundled/\n'}
[26.443873] (micro_ros_agent) StdoutLine: {'line': b'-- Installing: /home/mars/Documents/Lunabotics25-26/lunabot_ws/build/micro_ros_agent/agent/src/xrceagent-build/temp_install/spdlog-1.9.2/include/spdlog/fmt/bundled//ranges.h\n'}
[26.444011] (micro_ros_agent) StdoutLine: {'line': b'-- Installing: /home/mars/Documents/Lunabotics25-26/lunabot_ws/build/micro_ros_agent/agent/src/xrceagent-build/temp_install/spdlog-1.9.2/include/spdlog/fmt/bundled//xchar.h\n'}
[26.444144] (micro_ros_agent) StdoutLine: {'line': b'-- Installing: /home/mars/Documents/Lunabotics25-26/lunabot_ws/build/micro_ros_agent/agent/src/xrceagent-build/temp_install/spdlog-1.9.2/include/spdlog/fmt/bundled//os.h\n'}
[26.444270] (micro_ros_agent) StdoutLine: {'line': b'-- Installing: /home/mars/Documents/Lunabotics25-26/lunabot_ws/build/micro_ros_agent/agent/src/xrceagent-build/temp_install/spdlog-1.9.2/include/spdlog/fmt/bundled//core.h\n'}
[26.444404] (micro_ros_agent) StdoutLine: {'line': b'-- Installing: /home/mars/Documents/Lunabotics25-26/lunabot_ws/build/micro_ros_agent/agent/src/xrceagent-build/temp_install/spdlog-1.9.2/include/spdlog/fmt/bundled//printf.h\n'}
[26.444529] (micro_ros_agent) StdoutLine: {'line': b'-- Installing: /home/mars/Documents/Lunabotics25-26/lunabot_ws/build/micro_ros_agent/agent/src/xrceagent-build/temp_install/spdlog-1.9.2/include/spdlog/fmt/bundled//color.h\n'}
[26.444663] (micro_ros_agent) StdoutLine: {'line': b'-- Installing: /home/mars/Documents/Lunabotics25-26/lunabot_ws/build/micro_ros_agent/agent/src/xrceagent-build/temp_install/spdlog-1.9.2/include/spdlog/fmt/bundled//locale.h\n'}
[26.444796] (micro_ros_agent) StdoutLine: {'line': b'-- Installing: /home/mars/Documents/Lunabotics25-26/lunabot_ws/build/micro_ros_agent/agent/src/xrceagent-build/temp_install/spdlog-1.9.2/include/spdlog/fmt/bundled//format-inl.h\n'}
[26.444920] (micro_ros_agent) StdoutLine: {'line': b'-- Installing: /home/mars/Documents/Lunabotics25-26/lunabot_ws/build/micro_ros_agent/agent/src/xrceagent-build/temp_install/spdlog-1.9.2/include/spdlog/fmt/bundled//args.h\n'}
[26.445037] (micro_ros_agent) StdoutLine: {'line': b'-- Installing: /home/mars/Documents/Lunabotics25-26/lunabot_ws/build/micro_ros_agent/agent/src/xrceagent-build/temp_install/spdlog-1.9.2/include/spdlog/fmt/bundled//chrono.h\n'}
[26.445162] (micro_ros_agent) StdoutLine: {'line': b'-- Installing: /home/mars/Documents/Lunabotics25-26/lunabot_ws/build/micro_ros_agent/agent/src/xrceagent-build/temp_install/spdlog-1.9.2/include/spdlog/fmt/bundled//compile.h\n'}
[26.445286] (micro_ros_agent) StdoutLine: {'line': b'-- Installing: /home/mars/Documents/Lunabotics25-26/lunabot_ws/build/micro_ros_agent/agent/src/xrceagent-build/temp_install/spdlog-1.9.2/include/spdlog/fmt/bundled//ostream.h\n'}
[26.445422] (micro_ros_agent) StdoutLine: {'line': b'-- Installing: /home/mars/Documents/Lunabotics25-26/lunabot_ws/build/micro_ros_agent/agent/src/xrceagent-build/temp_install/spdlog-1.9.2/include/spdlog/fmt/bundled//format.h\n'}
[26.445544] (micro_ros_agent) StdoutLine: {'line': b'-- Installing: /home/mars/Documents/Lunabotics25-26/lunabot_ws/build/micro_ros_agent/agent/src/xrceagent-build/temp_install/spdlog-1.9.2/lib/pkgconfig/spdlog.pc\n'}
[26.445665] (micro_ros_agent) StdoutLine: {'line': b'-- Installing: /home/mars/Documents/Lunabotics25-26/lunabot_ws/build/micro_ros_agent/agent/src/xrceagent-build/temp_install/spdlog-1.9.2/lib/cmake/spdlog/spdlogConfigTargets.cmake\n'}
[26.445789] (micro_ros_agent) StdoutLine: {'line': b'-- Installing: /home/mars/Documents/Lunabotics25-26/lunabot_ws/build/micro_ros_agent/agent/src/xrceagent-build/temp_install/spdlog-1.9.2/lib/cmake/spdlog/spdlogConfigTargets-release.cmake\n'}
[26.445912] (micro_ros_agent) StdoutLine: {'line': b'-- Installing: /home/mars/Documents/Lunabotics25-26/lunabot_ws/build/micro_ros_agent/agent/src/xrceagent-build/temp_install/spdlog-1.9.2/lib/cmake/spdlog/spdlogConfig.cmake\n'}
[26.446035] (micro_ros_agent) StdoutLine: {'line': b'-- Installing: /home/mars/Documents/Lunabotics25-26/lunabot_ws/build/micro_ros_agent/agent/src/xrceagent-build/temp_install/spdlog-1.9.2/lib/cmake/spdlog/spdlogConfigVersion.cmake\n'}
[26.448045] (-) TimerEvent: {}
[26.461378] (micro_ros_agent) StdoutLine: {'line': b"[ 50%] \x1b[34m\x1b[1mCompleted 'spdlog'\x1b[0m\n"}
[26.495578] (micro_ros_agent) StdoutLine: {'line': b'[ 50%] Built target spdlog\n'}
[26.513054] (micro_ros_agent) StdoutLine: {'line': b"[ 56%] \x1b[34m\x1b[1mCreating directories for 'uagent'\x1b[0m\n"}
[26.538562] (micro_ros_agent) StdoutLine: {'line': b"[ 62%] \x1b[34m\x1b[1mNo download step for 'uagent'\x1b[0m\n"}
[26.548154] (-) TimerEvent: {}
[26.572385] (micro_ros_agent) StdoutLine: {'line': b"[ 68%] \x1b[34m\x1b[1mNo update step for 'uagent'\x1b[0m\n"}
[26.607469] (micro_ros_agent) StdoutLine: {'line': b"[ 75%] \x1b[34m\x1b[1mNo patch step for 'uagent'\x1b[0m\n"}
[26.642546] (micro_ros_agent) StdoutLine: {'line': b"[ 81%] \x1b[34m\x1b[1mPerforming configure step for 'uagent'\x1b[0m\n"}
[26.648269] (-) TimerEvent: {}
[26.652802] (micro_ros_agent) StdoutLine: {'line': b'loading initial cache file /home/mars/Documents/Lunabotics25-26/lunabot_ws/build/micro_ros_agent/agent/src/xrceagent-build/uagent-prefix/tmp/uagent-cache-.cmake\n'}
[26.658222] (micro_ros_agent) StdoutLine: {'line': b"-- Setting build type to 'Release' as none was specified.\n"}
[26.665914] (micro_ros_agent) StdoutLine: {'line': b'-- Found TinyXML2: /usr/lib/x86_64-linux-gnu/cmake/tinyxml2\n'}
[26.725852] (micro_ros_agent) StdoutLine: {'line': b'-- Found OpenSSL: /usr/lib/x86_64-linux-gnu/libcrypto.so (found version "3.0.13")  \n'}
[26.728468] (micro_ros_agent) StdoutLine: {'line': b'-- Performing Test CMAKE_HAVE_LIBC_PTHREAD\n'}
[26.748449] (-) TimerEvent: {}
[26.816317] (micro_ros_agent) StdoutLine: {'line': b'-- Performing Test CMAKE_HAVE_LIBC_PTHREAD - Success\n'}
[26.817158] (micro_ros_agent) StdoutLine: {'line': b'-- Found Threads: TRUE  \n'}
[26.821058] (micro_ros_agent) StdoutLine: {'line': b'-- Configuring done (0.2s)\n'}
[26.830475] (micro_ros_agent) StdoutLine: {'line': b'-- Generating done (0.0s)\n'}
[26.831032] (micro_ros_agent) StdoutLine: {'line': b'-- Build files have been written to: /home/mars/Documents/Lunabotics25-26/lunabot_ws/build/micro_ros_agent/agent/src/xrceagent-build\n'}
[26.848537] (-) TimerEvent: {}
[26.851389] (micro_ros_agent) StdoutLine: {'line': b"[ 87%] \x1b[34m\x1b[1mPerforming build step for 'uagent'\x1b[0m\n"}
[26.901497] (micro_ros_agent) StdoutLine: {'line': b'[  4%] \x1b[32mBuilding CXX object CMakeFiles/microxrcedds_agent.dir/src/cpp/Root.cpp.o\x1b[0m\n'}
[26.901707] (micro_ros_agent) StdoutLine: {'line': b'[  4%] \x1b[32mBuilding CXX object CMakeFiles/microxrcedds_agent.dir/src/cpp/Agent.cpp.o\x1b[0m\n'}
[26.903010] (micro_ros_agent) StdoutLine: {'line': b'[  7%] \x1b[32mBuilding CXX object CMakeFiles/microxrcedds_agent.dir/src/cpp/AgentInstance.cpp.o\x1b[0m\n'}
[26.903965] (micro_ros_agent) StdoutLine: {'line': b'[  9%] \x1b[32mBuilding CXX object CMakeFiles/microxrcedds_agent.dir/src/cpp/processor/Processor.cpp.o\x1b[0m\n'}
[26.948640] (-) TimerEvent: {}
[27.051543] (-) TimerEvent: {}
[27.151996] (-) TimerEvent: {}
[27.252440] (-) TimerEvent: {}
[27.352876] (-) TimerEvent: {}
[27.453337] (-) TimerEvent: {}
[27.553804] (-) TimerEvent: {}
[27.654578] (-) TimerEvent: {}
[27.755350] (-) TimerEvent: {}
[27.856142] (-) TimerEvent: {}
[27.956831] (-) TimerEvent: {}
[28.057642] (-) TimerEvent: {}
[28.158539] (-) TimerEvent: {}
[28.259329] (-) TimerEvent: {}
[28.360158] (-) TimerEvent: {}
[28.461014] (-) TimerEvent: {}
[28.561751] (-) TimerEvent: {}
[28.662637] (-) TimerEvent: {}
[28.763437] (-) TimerEvent: {}
[28.864339] (-) TimerEvent: {}
[28.965318] (-) TimerEvent: {}
[29.066025] (-) TimerEvent: {}
[29.166827] (-) TimerEvent: {}
[29.267569] (-) TimerEvent: {}
[29.368370] (-) TimerEvent: {}
[29.469070] (-) TimerEvent: {}
[29.569881] (-) TimerEvent: {}
[29.670688] (-) TimerEvent: {}
[29.771494] (-) TimerEvent: {}
[29.872216] (-) TimerEvent: {}
[29.973893] (-) TimerEvent: {}
[30.074831] (-) TimerEvent: {}
[30.175634] (-) TimerEvent: {}
[30.276348] (-) TimerEvent: {}
[30.377159] (-) TimerEvent: {}
[30.477870] (-) TimerEvent: {}
[30.578632] (-) TimerEvent: {}
[30.679410] (-) TimerEvent: {}
[30.766478] (micro_ros_agent) StdoutLine: {'line': b'[ 11%] \x1b[32mBuilding CXX object CMakeFiles/microxrcedds_agent.dir/src/cpp/client/ProxyClient.cpp.o\x1b[0m\n'}
[30.779693] (-) TimerEvent: {}
[30.880473] (-) TimerEvent: {}
[30.981143] (-) TimerEvent: {}
[31.081934] (-) TimerEvent: {}
[31.182819] (-) TimerEvent: {}
[31.283633] (-) TimerEvent: {}
[31.384409] (-) TimerEvent: {}
[31.485225] (-) TimerEvent: {}
[31.586018] (-) TimerEvent: {}
[31.686756] (-) TimerEvent: {}
[31.787507] (-) TimerEvent: {}
[31.888326] (-) TimerEvent: {}
[31.989076] (-) TimerEvent: {}
[32.089763] (-) TimerEvent: {}
[32.190465] (-) TimerEvent: {}
[32.291194] (-) TimerEvent: {}
[32.392018] (-) TimerEvent: {}
[32.492682] (-) TimerEvent: {}
[32.593410] (-) TimerEvent: {}
[32.694199] (-) TimerEvent: {}
[32.779721] (micro_ros_agent) StdoutLine: {'line': b'[ 14%] \x1b[32mBuilding CXX object CMakeFiles/microxrcedds_agent.dir/src/cpp/participant/Participant.cpp.o\x1b[0m\n'}
[32.794373] (-) TimerEvent: {}
[32.895076] (-) TimerEvent: {}
[32.995747] (-) TimerEvent: {}
[33.096693] (-) TimerEvent: {}
[33.197443] (-) TimerEvent: {}
[33.298148] (-) TimerEvent: {}
[33.398946] (-) TimerEvent: {}
[33.499696] (-) TimerEvent: {}
[33.600507] (-) TimerEvent: {}
[33.701336] (-) TimerEvent: {}
[33.802070] (-) TimerEvent: {}
[33.902890] (-) TimerEvent: {}
[33.971977] (micro_ros_agent) StdoutLine: {'line': b'[ 16%] \x1b[32mBuilding CXX object CMakeFiles/microxrcedds_agent.dir/src/cpp/topic/Topic.cpp.o\x1b[0m\n'}
[34.003135] (-) TimerEvent: {}
[34.103890] (-) TimerEvent: {}
[34.204697] (-) TimerEvent: {}
[34.305504] (-) TimerEvent: {}
[34.406334] (-) TimerEvent: {}
[34.507140] (-) TimerEvent: {}
[34.607959] (-) TimerEvent: {}
[34.708762] (-) TimerEvent: {}
[34.809555] (-) TimerEvent: {}
[34.910326] (-) TimerEvent: {}
[35.011137] (-) TimerEvent: {}
[35.069850] (micro_ros_agent) StdoutLine: {'line': b'[ 19%] \x1b[32mBuilding CXX object CMakeFiles/microxrcedds_agent.dir/src/cpp/publisher/Publisher.cpp.o\x1b[0m\n'}
[35.111133] (-) TimerEvent: {}
[35.211880] (-) TimerEvent: {}
[35.312696] (-) TimerEvent: {}
[35.413441] (-) TimerEvent: {}
[35.514219] (-) TimerEvent: {}
[35.615135] (-) TimerEvent: {}
[35.715891] (-) TimerEvent: {}
[35.816632] (-) TimerEvent: {}
[35.917324] (-) TimerEvent: {}
[36.018132] (-) TimerEvent: {}
[36.118888] (-) TimerEvent: {}
[36.137781] (micro_ros_agent) StdoutLine: {'line': b'[ 21%] \x1b[32mBuilding CXX object CMakeFiles/microxrcedds_agent.dir/src/cpp/subscriber/Subscriber.cpp.o\x1b[0m\n'}
[36.218952] (-) TimerEvent: {}
[36.319702] (-) TimerEvent: {}
[36.420405] (-) TimerEvent: {}
[36.521200] (-) TimerEvent: {}
[36.622014] (-) TimerEvent: {}
[36.722764] (-) TimerEvent: {}
[36.823694] (-) TimerEvent: {}
[36.842326] (micro_ros_agent) StdoutLine: {'line': b'[ 23%] \x1b[32mBuilding CXX object CMakeFiles/microxrcedds_agent.dir/src/cpp/datawriter/DataWriter.cpp.o\x1b[0m\n'}
[36.923737] (-) TimerEvent: {}
[37.026709] (-) TimerEvent: {}
[37.127163] (-) TimerEvent: {}
[37.226920] (micro_ros_agent) StdoutLine: {'line': b'[ 26%] \x1b[32mBuilding CXX object CMakeFiles/microxrcedds_agent.dir/src/cpp/datareader/DataReader.cpp.o\x1b[0m\n'}
[37.227650] (-) TimerEvent: {}
[37.327967] (-) TimerEvent: {}
[37.408161] (micro_ros_agent) StdoutLine: {'line': b'[ 28%] \x1b[32mBuilding CXX object CMakeFiles/microxrcedds_agent.dir/src/cpp/requester/Requester.cpp.o\x1b[0m\n'}
[37.428116] (-) TimerEvent: {}
[37.530591] (-) TimerEvent: {}
[37.633439] (-) TimerEvent: {}
[37.733987] (-) TimerEvent: {}
[37.834718] (-) TimerEvent: {}
[37.935187] (-) TimerEvent: {}
[38.036713] (-) TimerEvent: {}
[38.137051] (-) TimerEvent: {}
[38.239690] (-) TimerEvent: {}
[38.339984] (-) TimerEvent: {}
[38.440299] (-) TimerEvent: {}
[38.540610] (-) TimerEvent: {}
[38.641063] (-) TimerEvent: {}
[38.743705] (-) TimerEvent: {}
[38.844031] (-) TimerEvent: {}
[38.944349] (-) TimerEvent: {}
[39.044684] (-) TimerEvent: {}
[39.147443] (-) TimerEvent: {}
[39.246856] (micro_ros_agent) StdoutLine: {'line': b'[ 30%] \x1b[32mBuilding CXX object CMakeFiles/microxrcedds_agent.dir/src/cpp/replier/Replier.cpp.o\x1b[0m\n'}
[39.247532] (-) TimerEvent: {}
[39.347826] (-) TimerEvent: {}
[39.448144] (-) TimerEvent: {}
[39.548435] (-) TimerEvent: {}
[39.652594] (-) TimerEvent: {}
[39.752902] (-) TimerEvent: {}
[39.853193] (-) TimerEvent: {}
[39.953503] (-) TimerEvent: {}
[40.057574] (-) TimerEvent: {}
[40.157895] (-) TimerEvent: {}
[40.258238] (-) TimerEvent: {}
[40.358581] (-) TimerEvent: {}
[40.462547] (-) TimerEvent: {}
[40.562859] (-) TimerEvent: {}
[40.663175] (-) TimerEvent: {}
[40.724462] (micro_ros_agent) StdoutLine: {'line': b'[ 33%] \x1b[32mBuilding CXX object CMakeFiles/microxrcedds_agent.dir/src/cpp/object/XRCEObject.cpp.o\x1b[0m\n'}
[40.741814] (micro_ros_agent) StdoutLine: {'line': b'[ 35%] \x1b[32mBuilding CXX object CMakeFiles/microxrcedds_agent.dir/src/cpp/types/XRCETypes.cpp.o\x1b[0m\n'}
[40.763293] (-) TimerEvent: {}
[40.867538] (-) TimerEvent: {}
[40.967841] (-) TimerEvent: {}
[41.070539] (-) TimerEvent: {}
[41.151263] (micro_ros_agent) StdoutLine: {'line': b'[ 38%] \x1b[32mBuilding CXX object CMakeFiles/microxrcedds_agent.dir/src/cpp/types/MessageHeader.cpp.o\x1b[0m\n'}
[41.170651] (-) TimerEvent: {}
[41.273649] (-) TimerEvent: {}
[41.330580] (micro_ros_agent) StdoutLine: {'line': b'[ 40%] \x1b[32mBuilding CXX object CMakeFiles/microxrcedds_agent.dir/src/cpp/types/SubMessageHeader.cpp.o\x1b[0m\n'}
[41.373769] (-) TimerEvent: {}
[41.476705] (-) TimerEvent: {}
[41.577010] (-) TimerEvent: {}
[41.681534] (-) TimerEvent: {}
[41.728592] (micro_ros_agent) StdoutLine: {'line': b'[ 42%] \x1b[32mBuilding CXX object CMakeFiles/microxrcedds_agent.dir/src/cpp/message/InputMessage.cpp.o\x1b[0m\n'}
[41.781643] (-) TimerEvent: {}
[41.881947] (-) TimerEvent: {}
[41.976464] (micro_ros_agent) StdoutLine: {'line': b'[ 45%] \x1b[32mBuilding CXX object CMakeFiles/microxrcedds_agent.dir/src/cpp/message/OutputMessage.cpp.o\x1b[0m\n'}
[41.982059] (-) TimerEvent: {}
[42.084646] (-) TimerEvent: {}
[42.184949] (-) TimerEvent: {}
[42.285270] (-) TimerEvent: {}
[42.385597] (-) TimerEvent: {}
[42.485916] (-) TimerEvent: {}
[42.589074] (-) TimerEvent: {}
[42.689386] (-) TimerEvent: {}
[42.789707] (-) TimerEvent: {}
[42.871646] (micro_ros_agent) StdoutLine: {'line': b'[ 47%] \x1b[32mBuilding CXX object CMakeFiles/microxrcedds_agent.dir/src/cpp/utils/ArgumentParser.cpp.o\x1b[0m\n'}
[42.889820] (-) TimerEvent: {}
[42.992674] (-) TimerEvent: {}
[43.092967] (-) TimerEvent: {}
[43.193265] (-) TimerEvent: {}
[43.293586] (-) TimerEvent: {}
[43.393888] (-) TimerEvent: {}
[43.496675] (-) TimerEvent: {}
[43.596997] (-) TimerEvent: {}
[43.697302] (-) TimerEvent: {}
[43.797613] (-) TimerEvent: {}
[43.900665] (-) TimerEvent: {}
[44.000971] (-) TimerEvent: {}
[44.101276] (-) TimerEvent: {}
[44.201705] (-) TimerEvent: {}
[44.304718] (-) TimerEvent: {}
[44.405026] (-) TimerEvent: {}
[44.455891] (micro_ros_agent) StdoutLine: {'line': b'[ 50%] \x1b[32mBuilding CXX object CMakeFiles/microxrcedds_agent.dir/src/cpp/transport/Server.cpp.o\x1b[0m\n'}
[44.506628] (-) TimerEvent: {}
[44.606943] (-) TimerEvent: {}
[44.707391] (-) TimerEvent: {}
[44.810395] (-) TimerEvent: {}
[44.910725] (-) TimerEvent: {}
[45.011056] (-) TimerEvent: {}
[45.111350] (-) TimerEvent: {}
[45.142619] (micro_ros_agent) StdoutLine: {'line': b'[ 52%] \x1b[32mBuilding CXX object CMakeFiles/microxrcedds_agent.dir/src/cpp/transport/stream_framing/StreamFramingProtocol.cpp.o\x1b[0m\n'}
[45.211492] (-) TimerEvent: {}
[45.311810] (-) TimerEvent: {}
[45.374957] (micro_ros_agent) StdoutLine: {'line': b'[ 54%] \x1b[32mBuilding CXX object CMakeFiles/microxrcedds_agent.dir/src/cpp/transport/custom/CustomAgent.cpp.o\x1b[0m\n'}
[45.411922] (-) TimerEvent: {}
[45.437524] (micro_ros_agent) StdoutLine: {'line': b'[ 57%] \x1b[32mBuilding CXX object CMakeFiles/microxrcedds_agent.dir/src/cpp/transport/udp/UDPv4AgentLinux.cpp.o\x1b[0m\n'}
[45.513438] (-) TimerEvent: {}
[45.613748] (-) TimerEvent: {}
[45.714076] (-) TimerEvent: {}
[45.814431] (-) TimerEvent: {}
[45.916706] (-) TimerEvent: {}
[46.017017] (-) TimerEvent: {}
[46.118440] (-) TimerEvent: {}
[46.218746] (-) TimerEvent: {}
[46.239274] (micro_ros_agent) StdoutLine: {'line': b'[ 59%] \x1b[32mBuilding CXX object CMakeFiles/microxrcedds_agent.dir/src/cpp/transport/udp/UDPv6AgentLinux.cpp.o\x1b[0m\n'}
[46.320431] (-) TimerEvent: {}
[46.420863] (-) TimerEvent: {}
[46.521346] (-) TimerEvent: {}
[46.621808] (-) TimerEvent: {}
[46.722255] (-) TimerEvent: {}
[46.822699] (-) TimerEvent: {}
[46.925675] (-) TimerEvent: {}
[47.025983] (-) TimerEvent: {}
[47.126289] (-) TimerEvent: {}
[47.226714] (-) TimerEvent: {}
[47.328687] (-) TimerEvent: {}
[47.428985] (-) TimerEvent: {}
[47.529277] (-) TimerEvent: {}
[47.629706] (-) TimerEvent: {}
[47.730894] (-) TimerEvent: {}
[47.831370] (-) TimerEvent: {}
[47.934690] (-) TimerEvent: {}
[48.034987] (-) TimerEvent: {}
[48.135280] (-) TimerEvent: {}
[48.235744] (-) TimerEvent: {}
[48.336203] (-) TimerEvent: {}
[48.437681] (-) TimerEvent: {}
[48.537990] (-) TimerEvent: {}
[48.643440] (-) TimerEvent: {}
[48.745438] (-) TimerEvent: {}
[48.845823] (-) TimerEvent: {}
[48.946267] (-) TimerEvent: {}
[49.046694] (-) TimerEvent: {}
[49.147139] (-) TimerEvent: {}
[49.247647] (-) TimerEvent: {}
[49.348434] (-) TimerEvent: {}
[49.395176] (micro_ros_agent) StdoutLine: {'line': b'[ 61%] \x1b[32mBuilding CXX object CMakeFiles/microxrcedds_agent.dir/src/cpp/transport/tcp/TCPv4AgentLinux.cpp.o\x1b[0m\n'}
[49.448502] (-) TimerEvent: {}
[49.533884] (micro_ros_agent) StdoutLine: {'line': b'[ 64%] \x1b[32mBuilding CXX object CMakeFiles/microxrcedds_agent.dir/src/cpp/transport/tcp/TCPv6AgentLinux.cpp.o\x1b[0m\n'}
[49.548631] (-) TimerEvent: {}
[49.649338] (-) TimerEvent: {}
[49.750082] (-) TimerEvent: {}
[49.850756] (-) TimerEvent: {}
[49.951504] (-) TimerEvent: {}
[50.052375] (-) TimerEvent: {}
[50.145258] (micro_ros_agent) StdoutLine: {'line': b'[ 66%] \x1b[32mBuilding CXX object CMakeFiles/microxrcedds_agent.dir/src/cpp/transport/serial/SerialAgentLinux.cpp.o\x1b[0m\n'}
[50.152514] (-) TimerEvent: {}
[50.253334] (-) TimerEvent: {}
[50.354203] (-) TimerEvent: {}
[50.454893] (-) TimerEvent: {}
[50.555618] (-) TimerEvent: {}
[50.656407] (-) TimerEvent: {}
[50.757209] (-) TimerEvent: {}
[50.858135] (-) TimerEvent: {}
[50.905098] (micro_ros_agent) StdoutLine: {'line': b'[ 69%] \x1b[32mBuilding CXX object CMakeFiles/microxrcedds_agent.dir/src/cpp/transport/serial/TermiosAgentLinux.cpp.o\x1b[0m\n'}
[50.959448] (-) TimerEvent: {}
[51.059763] (-) TimerEvent: {}
[51.164593] (-) TimerEvent: {}
[51.264911] (-) TimerEvent: {}
[51.367615] (-) TimerEvent: {}
[51.467925] (-) TimerEvent: {}
[51.568386] (-) TimerEvent: {}
[51.671592] (-) TimerEvent: {}
[51.771894] (-) TimerEvent: {}
[51.872331] (-) TimerEvent: {}
[51.974595] (-) TimerEvent: {}
[52.077615] (-) TimerEvent: {}
[52.178039] (-) TimerEvent: {}
[52.278499] (-) TimerEvent: {}
[52.381628] (-) TimerEvent: {}
[52.481962] (-) TimerEvent: {}
[52.582407] (-) TimerEvent: {}
[52.682878] (-) TimerEvent: {}
[52.784708] (-) TimerEvent: {}
[52.885026] (-) TimerEvent: {}
[52.985434] (-) TimerEvent: {}
[53.086688] (-) TimerEvent: {}
[53.188442] (-) TimerEvent: {}
[53.288731] (-) TimerEvent: {}
[53.366503] (micro_ros_agent) StdoutLine: {'line': b'[ 71%] \x1b[32mBuilding CXX object CMakeFiles/microxrcedds_agent.dir/src/cpp/transport/serial/MultiSerialAgentLinux.cpp.o\x1b[0m\n'}
[53.389432] (-) TimerEvent: {}
[53.489718] (-) TimerEvent: {}
[53.590439] (-) TimerEvent: {}
[53.690744] (-) TimerEvent: {}
[53.793688] (-) TimerEvent: {}
[53.839499] (micro_ros_agent) StdoutLine: {'line': b'[ 73%] \x1b[32mBuilding CXX object CMakeFiles/microxrcedds_agent.dir/src/cpp/transport/serial/MultiTermiosAgentLinux.cpp.o\x1b[0m\n'}
[53.893797] (-) TimerEvent: {}
[53.998606] (-) TimerEvent: {}
[54.015846] (micro_ros_agent) StdoutLine: {'line': b'[ 76%] \x1b[32mBuilding CXX object CMakeFiles/microxrcedds_agent.dir/src/cpp/transport/serial/PseudoTerminalAgentLinux.cpp.o\x1b[0m\n'}
[54.098726] (-) TimerEvent: {}
[54.201697] (-) TimerEvent: {}
[54.302017] (-) TimerEvent: {}
[54.402339] (-) TimerEvent: {}
[54.502799] (-) TimerEvent: {}
[54.603244] (-) TimerEvent: {}
[54.698666] (micro_ros_agent) StdoutLine: {'line': b'[ 78%] \x1b[32mBuilding CXX object CMakeFiles/microxrcedds_agent.dir/src/cpp/transport/can/CanAgentLinux.cpp.o\x1b[0m\n'}
[54.703384] (-) TimerEvent: {}
[54.803710] (-) TimerEvent: {}
[54.904128] (-) TimerEvent: {}
[55.005429] (-) TimerEvent: {}
[55.105749] (-) TimerEvent: {}
[55.206084] (-) TimerEvent: {}
[55.308688] (-) TimerEvent: {}
[55.408997] (-) TimerEvent: {}
[55.509316] (-) TimerEvent: {}
[55.610766] (-) TimerEvent: {}
[55.713693] (-) TimerEvent: {}
[55.814022] (-) TimerEvent: {}
[55.914304] (-) TimerEvent: {}
[56.014611] (-) TimerEvent: {}
[56.115037] (-) TimerEvent: {}
[56.216685] (-) TimerEvent: {}
[56.316995] (-) TimerEvent: {}
[56.418429] (-) TimerEvent: {}
[56.518736] (-) TimerEvent: {}
[56.619199] (-) TimerEvent: {}
[56.720222] (-) TimerEvent: {}
[56.820747] (-) TimerEvent: {}
[56.922352] (-) TimerEvent: {}
[57.022664] (-) TimerEvent: {}
[57.050636] (micro_ros_agent) StdoutLine: {'line': b'[ 80%] \x1b[32mBuilding CXX object CMakeFiles/microxrcedds_agent.dir/src/cpp/transport/discovery/DiscoveryServerLinux.cpp.o\x1b[0m\n'}
[57.122800] (-) TimerEvent: {}
[57.223106] (-) TimerEvent: {}
[57.323441] (-) TimerEvent: {}
[57.376088] (micro_ros_agent) StdoutLine: {'line': b'[ 83%] \x1b[32mBuilding CXX object CMakeFiles/microxrcedds_agent.dir/src/cpp/transport/discovery/DiscoveryServer.cpp.o\x1b[0m\n'}
[57.423552] (-) TimerEvent: {}
[57.523979] (-) TimerEvent: {}
[57.588467] (micro_ros_agent) StdoutLine: {'line': b'[ 85%] \x1b[32mBuilding CXX object CMakeFiles/microxrcedds_agent.dir/src/cpp/types/TopicPubSubType.cpp.o\x1b[0m\n'}
[57.624085] (-) TimerEvent: {}
[57.724421] (-) TimerEvent: {}
[57.824891] (-) TimerEvent: {}
[57.927632] (-) TimerEvent: {}
[58.027948] (-) TimerEvent: {}
[58.074027] (micro_ros_agent) StdoutLine: {'line': b'[ 88%] \x1b[32mBuilding CXX object CMakeFiles/microxrcedds_agent.dir/src/cpp/xmlobjects/xmlobjects.cpp.o\x1b[0m\n'}
[58.128061] (-) TimerEvent: {}
[58.228494] (-) TimerEvent: {}
[58.328945] (-) TimerEvent: {}
[58.430729] (-) TimerEvent: {}
[58.532433] (-) TimerEvent: {}
[58.632744] (-) TimerEvent: {}
[58.708637] (micro_ros_agent) StdoutLine: {'line': b'[ 90%] \x1b[32mBuilding CXX object CMakeFiles/microxrcedds_agent.dir/src/cpp/middleware/fast/FastEntities.cpp.o\x1b[0m\n'}
[58.732870] (-) TimerEvent: {}
[58.833182] (-) TimerEvent: {}
[58.934695] (-) TimerEvent: {}
[59.035159] (-) TimerEvent: {}
[59.140591] (-) TimerEvent: {}
[59.180313] (micro_ros_agent) StdoutLine: {'line': b'[ 92%] \x1b[32mBuilding CXX object CMakeFiles/microxrcedds_agent.dir/src/cpp/middleware/fast/FastMiddleware.cpp.o\x1b[0m\n'}
[59.240699] (-) TimerEvent: {}
[59.343645] (-) TimerEvent: {}
[59.446776] (-) TimerEvent: {}
[59.549777] (-) TimerEvent: {}
[59.650195] (-) TimerEvent: {}
[59.750526] (-) TimerEvent: {}
[59.851287] (-) TimerEvent: {}
[59.951613] (-) TimerEvent: {}
[60.051953] (-) TimerEvent: {}
[60.152272] (-) TimerEvent: {}
[60.255628] (-) TimerEvent: {}
[60.355959] (-) TimerEvent: {}
[60.456282] (-) TimerEvent: {}
[60.556593] (-) TimerEvent: {}
[60.644067] (micro_ros_agent) StdoutLine: {'line': b'[ 95%] \x1b[32mBuilding CXX object CMakeFiles/microxrcedds_agent.dir/src/cpp/middleware/fastdds/FastDDSEntities.cpp.o\x1b[0m\n'}
[60.656698] (-) TimerEvent: {}
[60.757024] (-) TimerEvent: {}
[60.857335] (-) TimerEvent: {}
[60.883964] (micro_ros_agent) StdoutLine: {'line': b'[ 97%] \x1b[32mBuilding CXX object CMakeFiles/microxrcedds_agent.dir/src/cpp/middleware/fastdds/FastDDSMiddleware.cpp.o\x1b[0m\n'}
[60.957820] (-) TimerEvent: {}
[61.058327] (-) TimerEvent: {}
[61.159155] (-) TimerEvent: {}
[61.260069] (-) TimerEvent: {}
[61.360879] (-) TimerEvent: {}
[61.461807] (-) TimerEvent: {}
[61.562690] (-) TimerEvent: {}
[61.663502] (-) TimerEvent: {}
[61.764441] (-) TimerEvent: {}
[61.865273] (-) TimerEvent: {}
[61.966010] (-) TimerEvent: {}
[62.066883] (-) TimerEvent: {}
[62.167633] (-) TimerEvent: {}
[62.268457] (-) TimerEvent: {}
[62.369272] (-) TimerEvent: {}
[62.470134] (-) TimerEvent: {}
[62.576470] (-) TimerEvent: {}
[62.678264] (-) TimerEvent: {}
[62.779011] (-) TimerEvent: {}
[62.879759] (-) TimerEvent: {}
[62.980499] (-) TimerEvent: {}
[63.081662] (-) TimerEvent: {}
[63.182354] (-) TimerEvent: {}
[63.283176] (-) TimerEvent: {}
[63.384079] (-) TimerEvent: {}
[63.484893] (-) TimerEvent: {}
[63.585678] (-) TimerEvent: {}
[63.686503] (-) TimerEvent: {}
[63.787329] (-) TimerEvent: {}
[63.888134] (-) TimerEvent: {}
[63.988804] (-) TimerEvent: {}
[64.089621] (-) TimerEvent: {}
[64.190510] (-) TimerEvent: {}
[64.291353] (-) TimerEvent: {}
[64.392057] (-) TimerEvent: {}
[64.492766] (-) TimerEvent: {}
[64.593623] (-) TimerEvent: {}
[64.694273] (-) TimerEvent: {}
[64.795010] (-) TimerEvent: {}
[64.895739] (-) TimerEvent: {}
[64.996410] (-) TimerEvent: {}
[65.096898] (-) TimerEvent: {}
[65.197248] (-) TimerEvent: {}
[65.297637] (-) TimerEvent: {}
[65.398018] (-) TimerEvent: {}
[65.498391] (-) TimerEvent: {}
[65.598724] (-) TimerEvent: {}
[65.699085] (-) TimerEvent: {}
[65.799464] (-) TimerEvent: {}
[65.899848] (-) TimerEvent: {}
[66.000215] (-) TimerEvent: {}
[66.100614] (-) TimerEvent: {}
[66.200980] (-) TimerEvent: {}
[66.301349] (-) TimerEvent: {}
[66.404577] (-) TimerEvent: {}
[66.504940] (-) TimerEvent: {}
[66.606440] (-) TimerEvent: {}
[66.706784] (-) TimerEvent: {}
[66.809720] (-) TimerEvent: {}
[66.910371] (-) TimerEvent: {}
[67.013754] (-) TimerEvent: {}
[67.114082] (-) TimerEvent: {}
[67.214616] (-) TimerEvent: {}
[67.315160] (-) TimerEvent: {}
[67.415704] (-) TimerEvent: {}
[67.516223] (-) TimerEvent: {}
[67.616783] (-) TimerEvent: {}
[67.717142] (-) TimerEvent: {}
[67.817482] (-) TimerEvent: {}
[67.917825] (-) TimerEvent: {}
[68.018180] (-) TimerEvent: {}
[68.118566] (-) TimerEvent: {}
[68.219087] (-) TimerEvent: {}
[68.319615] (-) TimerEvent: {}
[68.420265] (-) TimerEvent: {}
[68.522746] (-) TimerEvent: {}
[68.623274] (-) TimerEvent: {}
[68.723635] (-) TimerEvent: {}
[68.771921] (micro_ros_agent) StdoutLine: {'line': b'[100%] \x1b[32m\x1b[1mLinking CXX shared library libmicroxrcedds_agent.so\x1b[0m\n'}
[68.823754] (-) TimerEvent: {}
[68.924290] (-) TimerEvent: {}
[69.024683] (-) TimerEvent: {}
[69.093517] (micro_ros_agent) StdoutLine: {'line': b'[100%] Built target microxrcedds_agent\n'}
[69.120647] (micro_ros_agent) StdoutLine: {'line': b"\x1b[34m\x1b[1mNo install step for 'uagent'\x1b[0m\n"}
[69.124778] (-) TimerEvent: {}
[69.152900] (micro_ros_agent) StdoutLine: {'line': b"\x1b[34m\x1b[1mCompleted 'uagent'\x1b[0m\n"}
[69.190722] (micro_ros_agent) StdoutLine: {'line': b'Built target uagent\n'}
[69.212982] (micro_ros_agent) StdoutLine: {'line': b"[ 43%] \x1b[34m\x1b[1mPerforming install step for 'xrceagent'\x1b[0m\n"}
[69.224912] (-) TimerEvent: {}
[69.314597] (micro_ros_agent) StdoutLine: {'line': b'[100%] Built target microxrcedds_agent\n'}
[69.325052] (-) TimerEvent: {}
[69.338158] (micro_ros_agent) StdoutLine: {'line': b'\x1b[36mInstall the project...\x1b[0m\n'}
[69.346039] (micro_ros_agent) StdoutLine: {'line': b'-- Install configuration: "Release"\n'}
[69.348522] (micro_ros_agent) StdoutLine: {'line': b'-- Installing: /home/mars/Documents/Lunabotics25-26/lunabot_ws/install/micro_ros_agent/lib/libmicroxrcedds_agent.so.2.4.3\n'}
[69.348858] (micro_ros_agent) StdoutLine: {'line': b'-- Installing: /home/mars/Documents/Lunabotics25-26/lunabot_ws/install/micro_ros_agent/lib/libmicroxrcedds_agent.so.2.4\n'}
[69.349095] (micro_ros_agent) StdoutLine: {'line': b'-- Set non-toolchain portion of runtime path of "/home/mars/Documents/Lunabotics25-26/lunabot_ws/install/micro_ros_agent/lib/libmicroxrcedds_agent.so.2.4.3" to ""\n'}
[69.349276] (micro_ros_agent) StdoutLine: {'line': b'-- Installing: /home/mars/Documents/Lunabotics25-26/lunabot_ws/install/micro_ros_agent/lib/libmicroxrcedds_agent.so\n'}
[69.349446] (micro_ros_agent) StdoutLine: {'line': b'-- Installing: /home/mars/Documents/Lunabotics25-26/lunabot_ws/install/micro_ros_agent/include/uxr/agent\n'}
[69.349604] (micro_ros_agent) StdoutLine: {'line': b'-- Installing: /home/mars/Documents/Lunabotics25-26/lunabot_ws/install/micro_ros_agent/include/uxr/agent/datareader\n'}
[69.349747] (micro_ros_agent) StdoutLine: {'line': b'-- Installing: /home/mars/Documents/Lunabotics25-26/lunabot_ws/install/micro_ros_agent/include/uxr/agent/datareader/DataReader.hpp\n'}
[69.349870] (micro_ros_agent) StdoutLine: {'line': b'-- Installing: /home/mars/Documents/Lunabotics25-26/lunabot_ws/install/micro_ros_agent/include/uxr/agent/types\n'}
[69.350037] (micro_ros_agent) StdoutLine: {'line': b'-- Installing: /home/mars/Documents/Lunabotics25-26/lunabot_ws/install/micro_ros_agent/include/uxr/agent/types/Optional.hpp\n'}
[69.350201] (micro_ros_agent) StdoutLine: {'line': b'-- Installing: /home/mars/Documents/Lunabotics25-26/lunabot_ws/install/micro_ros_agent/include/uxr/agent/types/XRCETypes.hpp\n'}
[69.350351] (micro_ros_agent) StdoutLine: {'line': b'-- Installing: /home/mars/Documents/Lunabotics25-26/lunabot_ws/install/micro_ros_agent/include/uxr/agent/types/MessageHeader.hpp\n'}
[69.350524] (micro_ros_agent) StdoutLine: {'line': b'-- Installing: /home/mars/Documents/Lunabotics25-26/lunabot_ws/install/micro_ros_agent/include/uxr/agent/types/TopicPubSubType.hpp\n'}
[69.350679] (micro_ros_agent) StdoutLine: {'line': b'-- Installing: /home/mars/Documents/Lunabotics25-26/lunabot_ws/install/micro_ros_agent/include/uxr/agent/types/SubMessageHeader.hpp\n'}
[69.350853] (micro_ros_agent) StdoutLine: {'line': b'-- Installing: /home/mars/Documents/Lunabotics25-26/lunabot_ws/install/micro_ros_agent/include/uxr/agent/utils\n'}
[69.351023] (micro_ros_agent) StdoutLine: {'line': b'-- Installing: /home/mars/Documents/Lunabotics25-26/lunabot_ws/install/micro_ros_agent/include/uxr/agent/utils/ArgumentParser.hpp\n'}
[69.351174] (micro_ros_agent) StdoutLine: {'line': b'-- Installing: /home/mars/Documents/Lunabotics25-26/lunabot_ws/install/micro_ros_agent/include/uxr/agent/utils/SeqNum.hpp\n'}
[69.351302] (micro_ros_agent) StdoutLine: {'line': b'-- Installing: /home/mars/Documents/Lunabotics25-26/lunabot_ws/install/micro_ros_agent/include/uxr/agent/utils/Color.hpp\n'}
[69.351444] (micro_ros_agent) StdoutLine: {'line': b'-- Installing: /home/mars/Documents/Lunabotics25-26/lunabot_ws/install/micro_ros_agent/include/uxr/agent/utils/Functions.hpp\n'}
[69.351582] (micro_ros_agent) StdoutLine: {'line': b'-- Installing: /home/mars/Documents/Lunabotics25-26/lunabot_ws/install/micro_ros_agent/include/uxr/agent/utils/TokenBucket.hpp\n'}
[69.351710] (micro_ros_agent) StdoutLine: {'line': b'-- Installing: /home/mars/Documents/Lunabotics25-26/lunabot_ws/install/micro_ros_agent/include/uxr/agent/utils/SharedMutex.hpp\n'}
[69.351837] (micro_ros_agent) StdoutLine: {'line': b'-- Installing: /home/mars/Documents/Lunabotics25-26/lunabot_ws/install/micro_ros_agent/include/uxr/agent/utils/Time.hpp\n'}
[69.351962] (micro_ros_agent) StdoutLine: {'line': b'-- Installing: /home/mars/Documents/Lunabotics25-26/lunabot_ws/install/micro_ros_agent/include/uxr/agent/utils/SharedMutexPriority.hpp\n'}
[69.352089] (micro_ros_agent) StdoutLine: {'line': b'-- Installing: /home/mars/Documents/Lunabotics25-26/lunabot_ws/install/micro_ros_agent/include/uxr/agent/utils/Conversion.hpp\n'}
[69.352214] (micro_ros_agent) StdoutLine: {'line': b'-- Installing: /home/mars/Documents/Lunabotics25-26/lunabot_ws/install/micro_ros_agent/include/uxr/agent/scheduler\n'}
[69.352341] (micro_ros_agent) StdoutLine: {'line': b'-- Installing: /home/mars/Documents/Lunabotics25-26/lunabot_ws/install/micro_ros_agent/include/uxr/agent/scheduler/PacketScheduler.hpp\n'}
[69.352481] (micro_ros_agent) StdoutLine: {'line': b'-- Installing: /home/mars/Documents/Lunabotics25-26/lunabot_ws/install/micro_ros_agent/include/uxr/agent/scheduler/Scheduler.hpp\n'}
[69.352608] (micro_ros_agent) StdoutLine: {'line': b'-- Installing: /home/mars/Documents/Lunabotics25-26/lunabot_ws/install/micro_ros_agent/include/uxr/agent/subscriber\n'}
[69.352902] (micro_ros_agent) StdoutLine: {'line': b'-- Installing: /home/mars/Documents/Lunabotics25-26/lunabot_ws/install/micro_ros_agent/include/uxr/agent/subscriber/Subscriber.hpp\n'}
[69.353176] (micro_ros_agent) StdoutLine: {'line': b'-- Installing: /home/mars/Documents/Lunabotics25-26/lunabot_ws/install/micro_ros_agent/include/uxr/agent/replier\n'}
[69.353433] (micro_ros_agent) StdoutLine: {'line': b'-- Installing: /home/mars/Documents/Lunabotics25-26/lunabot_ws/install/micro_ros_agent/include/uxr/agent/replier/Replier.hpp\n'}
[69.353924] (micro_ros_agent) StdoutLine: {'line': b'-- Installing: /home/mars/Documents/Lunabotics25-26/lunabot_ws/install/micro_ros_agent/include/uxr/agent/message\n'}
[69.354769] (micro_ros_agent) StdoutLine: {'line': b'-- Installing: /home/mars/Documents/Lunabotics25-26/lunabot_ws/install/micro_ros_agent/include/uxr/agent/message/OutputMessage.hpp\n'}
[69.355461] (micro_ros_agent) StdoutLine: {'line': b'-- Installing: /home/mars/Documents/Lunabotics25-26/lunabot_ws/install/micro_ros_agent/include/uxr/agent/message/InputMessage.hpp\n'}
[69.355610] (micro_ros_agent) StdoutLine: {'line': b'-- Installing: /home/mars/Documents/Lunabotics25-26/lunabot_ws/install/micro_ros_agent/include/uxr/agent/message/Packet.hpp\n'}
[69.355752] (micro_ros_agent) StdoutLine: {'line': b'-- Installing: /home/mars/Documents/Lunabotics25-26/lunabot_ws/install/micro_ros_agent/include/uxr/agent/transport\n'}
[69.356044] (micro_ros_agent) StdoutLine: {'line': b'-- Installing: /home/mars/Documents/Lunabotics25-26/lunabot_ws/install/micro_ros_agent/include/uxr/agent/transport/tcp\n'}
[69.356306] (micro_ros_agent) StdoutLine: {'line': b'-- Installing: /home/mars/Documents/Lunabotics25-26/lunabot_ws/install/micro_ros_agent/include/uxr/agent/transport/tcp/TCPv4AgentWindows.hpp\n'}
[69.356616] (micro_ros_agent) StdoutLine: {'line': b'-- Installing: /home/mars/Documents/Lunabotics25-26/lunabot_ws/install/micro_ros_agent/include/uxr/agent/transport/tcp/TCPConnection.hpp\n'}
[69.356855] (micro_ros_agent) StdoutLine: {'line': b'-- Installing: /home/mars/Documents/Lunabotics25-26/lunabot_ws/install/micro_ros_agent/include/uxr/agent/transport/tcp/TCPv6AgentWindows.hpp\n'}
[69.357029] (micro_ros_agent) StdoutLine: {'line': b'-- Installing: /home/mars/Documents/Lunabotics25-26/lunabot_ws/install/micro_ros_agent/include/uxr/agent/transport/tcp/TCPv6AgentLinux.hpp\n'}
[69.357199] (micro_ros_agent) StdoutLine: {'line': b'-- Installing: /home/mars/Documents/Lunabotics25-26/lunabot_ws/install/micro_ros_agent/include/uxr/agent/transport/tcp/TCPv4AgentLinux.hpp\n'}
[69.357373] (micro_ros_agent) StdoutLine: {'line': b'-- Installing: /home/mars/Documents/Lunabotics25-26/lunabot_ws/install/micro_ros_agent/include/uxr/agent/transport/tcp/TCPServerBase.hpp\n'}
[69.357546] (micro_ros_agent) StdoutLine: {'line': b'-- Installing: /home/mars/Documents/Lunabotics25-26/lunabot_ws/install/micro_ros_agent/include/uxr/agent/transport/can\n'}
[69.357703] (micro_ros_agent) StdoutLine: {'line': b'-- Installing: /home/mars/Documents/Lunabotics25-26/lunabot_ws/install/micro_ros_agent/include/uxr/agent/transport/can/CanAgentLinux.hpp\n'}
[69.357863] (micro_ros_agent) StdoutLine: {'line': b'-- Installing: /home/mars/Documents/Lunabotics25-26/lunabot_ws/install/micro_ros_agent/include/uxr/agent/transport/util\n'}
[69.358032] (micro_ros_agent) StdoutLine: {'line': b'-- Installing: /home/mars/Documents/Lunabotics25-26/lunabot_ws/install/micro_ros_agent/include/uxr/agent/transport/util/InterfaceLinux.hpp\n'}
[69.358182] (micro_ros_agent) StdoutLine: {'line': b'-- Installing: /home/mars/Documents/Lunabotics25-26/lunabot_ws/install/micro_ros_agent/include/uxr/agent/transport/util/InterfaceWindows.hpp\n'}
[69.358325] (micro_ros_agent) StdoutLine: {'line': b'-- Installing: /home/mars/Documents/Lunabotics25-26/lunabot_ws/install/micro_ros_agent/include/uxr/agent/transport/serial\n'}
[69.358484] (micro_ros_agent) StdoutLine: {'line': b'-- Installing: /home/mars/Documents/Lunabotics25-26/lunabot_ws/install/micro_ros_agent/include/uxr/agent/transport/serial/SerialAgentLinux.hpp\n'}
[69.358650] (micro_ros_agent) StdoutLine: {'line': b'-- Installing: /home/mars/Documents/Lunabotics25-26/lunabot_ws/install/micro_ros_agent/include/uxr/agent/transport/serial/PseudoTerminalAgentLinux.hpp\n'}
[69.358801] (micro_ros_agent) StdoutLine: {'line': b'-- Installing: /home/mars/Documents/Lunabotics25-26/lunabot_ws/install/micro_ros_agent/include/uxr/agent/transport/serial/baud_rate_table_linux.h\n'}
[69.358972] (micro_ros_agent) StdoutLine: {'line': b'-- Installing: /home/mars/Documents/Lunabotics25-26/lunabot_ws/install/micro_ros_agent/include/uxr/agent/transport/serial/TermiosAgentLinux.hpp\n'}
[69.359101] (micro_ros_agent) StdoutLine: {'line': b'-- Installing: /home/mars/Documents/Lunabotics25-26/lunabot_ws/install/micro_ros_agent/include/uxr/agent/transport/serial/MultiSerialAgentLinux.hpp\n'}
[69.359230] (micro_ros_agent) StdoutLine: {'line': b'-- Installing: /home/mars/Documents/Lunabotics25-26/lunabot_ws/install/micro_ros_agent/include/uxr/agent/transport/serial/MultiTermiosAgentLinux.hpp\n'}
[69.359355] (micro_ros_agent) StdoutLine: {'line': b'-- Installing: /home/mars/Documents/Lunabotics25-26/lunabot_ws/install/micro_ros_agent/include/uxr/agent/transport/custom\n'}
[69.359490] (micro_ros_agent) StdoutLine: {'line': b'-- Installing: /home/mars/Documents/Lunabotics25-26/lunabot_ws/install/micro_ros_agent/include/uxr/agent/transport/custom/CustomAgent.hpp\n'}
[69.359612] (micro_ros_agent) StdoutLine: {'line': b'-- Installing: /home/mars/Documents/Lunabotics25-26/lunabot_ws/install/micro_ros_agent/include/uxr/agent/transport/stream_framing\n'}
[69.359733] (micro_ros_agent) StdoutLine: {'line': b'-- Installing: /home/mars/Documents/Lunabotics25-26/lunabot_ws/install/micro_ros_agent/include/uxr/agent/transport/stream_framing/StreamFramingProtocol.hpp\n'}
[69.359856] (micro_ros_agent) StdoutLine: {'line': b'-- Installing: /home/mars/Documents/Lunabotics25-26/lunabot_ws/install/micro_ros_agent/include/uxr/agent/transport/discovery\n'}
[69.359976] (micro_ros_agent) StdoutLine: {'line': b'-- Installing: /home/mars/Documents/Lunabotics25-26/lunabot_ws/install/micro_ros_agent/include/uxr/agent/transport/discovery/DiscoveryServerWindows.hpp\n'}
[69.360148] (micro_ros_agent) StdoutLine: {'line': b'-- Installing: /home/mars/Documents/Lunabotics25-26/lunabot_ws/install/micro_ros_agent/include/uxr/agent/transport/discovery/DiscoveryServerLinux.hpp\n'}
[69.360302] (micro_ros_agent) StdoutLine: {'line': b'-- Installing: /home/mars/Documents/Lunabotics25-26/lunabot_ws/install/micro_ros_agent/include/uxr/agent/transport/discovery/DiscoveryServer.hpp\n'}
[69.360439] (micro_ros_agent) StdoutLine: {'line': b'-- Installing: /home/mars/Documents/Lunabotics25-26/lunabot_ws/install/micro_ros_agent/include/uxr/agent/transport/SessionManager.hpp\n'}
[69.360559] (micro_ros_agent) StdoutLine: {'line': b'-- Installing: /home/mars/Documents/Lunabotics25-26/lunabot_ws/install/micro_ros_agent/include/uxr/agent/transport/udp\n'}
[69.360702] (micro_ros_agent) StdoutLine: {'line': b'-- Installing: /home/mars/Documents/Lunabotics25-26/lunabot_ws/install/micro_ros_agent/include/uxr/agent/transport/udp/UDPv4AgentLinux.hpp\n'}
[69.360833] (micro_ros_agent) StdoutLine: {'line': b'-- Installing: /home/mars/Documents/Lunabotics25-26/lunabot_ws/install/micro_ros_agent/include/uxr/agent/transport/udp/UDPv6AgentLinux.hpp\n'}
[69.360956] (micro_ros_agent) StdoutLine: {'line': b'-- Installing: /home/mars/Documents/Lunabotics25-26/lunabot_ws/install/micro_ros_agent/include/uxr/agent/transport/udp/UDPv4AgentWindows.hpp\n'}
[69.361078] (micro_ros_agent) StdoutLine: {'line': b'-- Installing: /home/mars/Documents/Lunabotics25-26/lunabot_ws/install/micro_ros_agent/include/uxr/agent/transport/udp/UDPv6AgentWindows.hpp\n'}
[69.361200] (micro_ros_agent) StdoutLine: {'line': b'-- Installing: /home/mars/Documents/Lunabotics25-26/lunabot_ws/install/micro_ros_agent/include/uxr/agent/transport/Server.hpp\n'}
[69.361322] (micro_ros_agent) StdoutLine: {'line': b'-- Installing: /home/mars/Documents/Lunabotics25-26/lunabot_ws/install/micro_ros_agent/include/uxr/agent/transport/endpoint\n'}
[69.361459] (micro_ros_agent) StdoutLine: {'line': b'-- Installing: /home/mars/Documents/Lunabotics25-26/lunabot_ws/install/micro_ros_agent/include/uxr/agent/transport/endpoint/CanEndPoint.hpp\n'}
[69.361584] (micro_ros_agent) StdoutLine: {'line': b'-- Installing: /home/mars/Documents/Lunabotics25-26/lunabot_ws/install/micro_ros_agent/include/uxr/agent/transport/endpoint/IPv4EndPoint.hpp\n'}
[69.361708] (micro_ros_agent) StdoutLine: {'line': b'-- Installing: /home/mars/Documents/Lunabotics25-26/lunabot_ws/install/micro_ros_agent/include/uxr/agent/transport/endpoint/IPv6EndPoint.hpp\n'}
[69.361831] (micro_ros_agent) StdoutLine: {'line': b'-- Installing: /home/mars/Documents/Lunabotics25-26/lunabot_ws/install/micro_ros_agent/include/uxr/agent/transport/endpoint/MultiSerialEndPoint.hpp\n'}
[69.361964] (micro_ros_agent) StdoutLine: {'line': b'-- Installing: /home/mars/Documents/Lunabotics25-26/lunabot_ws/install/micro_ros_agent/include/uxr/agent/transport/endpoint/CustomEndPoint.hpp\n'}
[69.362096] (micro_ros_agent) StdoutLine: {'line': b'-- Installing: /home/mars/Documents/Lunabotics25-26/lunabot_ws/install/micro_ros_agent/include/uxr/agent/transport/endpoint/SerialEndPoint.hpp\n'}
[69.362220] (micro_ros_agent) StdoutLine: {'line': b'-- Installing: /home/mars/Documents/Lunabotics25-26/lunabot_ws/install/micro_ros_agent/include/uxr/agent/transport/TransportRc.hpp\n'}
[69.362344] (micro_ros_agent) StdoutLine: {'line': b'-- Installing: /home/mars/Documents/Lunabotics25-26/lunabot_ws/install/micro_ros_agent/include/uxr/agent/transport/p2p\n'}
[69.362649] (micro_ros_agent) StdoutLine: {'line': b'-- Installing: /home/mars/Documents/Lunabotics25-26/lunabot_ws/install/micro_ros_agent/include/uxr/agent/transport/p2p/AgentDiscoverer.hpp\n'}
[69.362815] (micro_ros_agent) StdoutLine: {'line': b'-- Installing: /home/mars/Documents/Lunabotics25-26/lunabot_ws/install/micro_ros_agent/include/uxr/agent/transport/p2p/AgentDiscovererLinux.hpp\n'}
[69.362984] (micro_ros_agent) StdoutLine: {'line': b'-- Installing: /home/mars/Documents/Lunabotics25-26/lunabot_ws/install/micro_ros_agent/include/uxr/agent/Agent.hpp\n'}
[69.363148] (micro_ros_agent) StdoutLine: {'line': b'-- Installing: /home/mars/Documents/Lunabotics25-26/lunabot_ws/install/micro_ros_agent/include/uxr/agent/processor\n'}
[69.363318] (micro_ros_agent) StdoutLine: {'line': b'-- Installing: /home/mars/Documents/Lunabotics25-26/lunabot_ws/install/micro_ros_agent/include/uxr/agent/processor/Processor.hpp\n'}
[69.363491] (micro_ros_agent) StdoutLine: {'line': b'-- Installing: /home/mars/Documents/Lunabotics25-26/lunabot_ws/install/micro_ros_agent/include/uxr/agent/Root.hpp\n'}
[69.363661] (micro_ros_agent) StdoutLine: {'line': b'-- Installing: /home/mars/Documents/Lunabotics25-26/lunabot_ws/install/micro_ros_agent/include/uxr/agent/requester\n'}
[69.363810] (micro_ros_agent) StdoutLine: {'line': b'-- Installing: /home/mars/Documents/Lunabotics25-26/lunabot_ws/install/micro_ros_agent/include/uxr/agent/requester/Requester.hpp\n'}
[69.363968] (micro_ros_agent) StdoutLine: {'line': b'-- Installing: /home/mars/Documents/Lunabotics25-26/lunabot_ws/install/micro_ros_agent/include/uxr/agent/middleware\n'}
[69.364113] (micro_ros_agent) StdoutLine: {'line': b'-- Installing: /home/mars/Documents/Lunabotics25-26/lunabot_ws/install/micro_ros_agent/include/uxr/agent/middleware/utils\n'}
[69.364286] (micro_ros_agent) StdoutLine: {'line': b'-- Installing: /home/mars/Documents/Lunabotics25-26/lunabot_ws/install/micro_ros_agent/include/uxr/agent/middleware/utils/Callbacks.hpp\n'}
[69.364458] (micro_ros_agent) StdoutLine: {'line': b'-- Installing: /home/mars/Documents/Lunabotics25-26/lunabot_ws/install/micro_ros_agent/include/uxr/agent/middleware/ced\n'}
[69.364644] (micro_ros_agent) StdoutLine: {'line': b'-- Installing: /home/mars/Documents/Lunabotics25-26/lunabot_ws/install/micro_ros_agent/include/uxr/agent/middleware/ced/CedMiddleware.hpp\n'}
[69.364800] (micro_ros_agent) StdoutLine: {'line': b'-- Installing: /home/mars/Documents/Lunabotics25-26/lunabot_ws/install/micro_ros_agent/include/uxr/agent/middleware/ced/CedEntities.hpp\n'}
[69.364987] (micro_ros_agent) StdoutLine: {'line': b'-- Installing: /home/mars/Documents/Lunabotics25-26/lunabot_ws/install/micro_ros_agent/include/uxr/agent/middleware/fastdds\n'}
[69.365147] (micro_ros_agent) StdoutLine: {'line': b'-- Installing: /home/mars/Documents/Lunabotics25-26/lunabot_ws/install/micro_ros_agent/include/uxr/agent/middleware/fastdds/FastDDSEntities.hpp\n'}
[69.365318] (micro_ros_agent) StdoutLine: {'line': b'-- Installing: /home/mars/Documents/Lunabotics25-26/lunabot_ws/install/micro_ros_agent/include/uxr/agent/middleware/fastdds/FastDDSMiddleware.hpp\n'}
[69.365493] (micro_ros_agent) StdoutLine: {'line': b'-- Installing: /home/mars/Documents/Lunabotics25-26/lunabot_ws/install/micro_ros_agent/include/uxr/agent/middleware/fast\n'}
[69.365668] (micro_ros_agent) StdoutLine: {'line': b'-- Installing: /home/mars/Documents/Lunabotics25-26/lunabot_ws/install/micro_ros_agent/include/uxr/agent/middleware/fast/FastEntities.hpp\n'}
[69.365829] (micro_ros_agent) StdoutLine: {'line': b'-- Installing: /home/mars/Documents/Lunabotics25-26/lunabot_ws/install/micro_ros_agent/include/uxr/agent/middleware/fast/FastMiddleware.hpp\n'}
[69.365998] (micro_ros_agent) StdoutLine: {'line': b'-- Installing: /home/mars/Documents/Lunabotics25-26/lunabot_ws/install/micro_ros_agent/include/uxr/agent/middleware/Middleware.hpp\n'}
[69.366157] (micro_ros_agent) StdoutLine: {'line': b'-- Installing: /home/mars/Documents/Lunabotics25-26/lunabot_ws/install/micro_ros_agent/include/uxr/agent/object\n'}
[69.366315] (micro_ros_agent) StdoutLine: {'line': b'-- Installing: /home/mars/Documents/Lunabotics25-26/lunabot_ws/install/micro_ros_agent/include/uxr/agent/object/XRCEObject.hpp\n'}
[69.366496] (micro_ros_agent) StdoutLine: {'line': b'-- Installing: /home/mars/Documents/Lunabotics25-26/lunabot_ws/install/micro_ros_agent/include/uxr/agent/publisher\n'}
[69.366670] (micro_ros_agent) StdoutLine: {'line': b'-- Installing: /home/mars/Documents/Lunabotics25-26/lunabot_ws/install/micro_ros_agent/include/uxr/agent/publisher/Publisher.hpp\n'}
[69.366831] (micro_ros_agent) StdoutLine: {'line': b'-- Installing: /home/mars/Documents/Lunabotics25-26/lunabot_ws/install/micro_ros_agent/include/uxr/agent/visibility.hpp\n'}
[69.366977] (micro_ros_agent) StdoutLine: {'line': b'-- Installing: /home/mars/Documents/Lunabotics25-26/lunabot_ws/install/micro_ros_agent/include/uxr/agent/datawriter\n'}
[69.367147] (micro_ros_agent) StdoutLine: {'line': b'-- Installing: /home/mars/Documents/Lunabotics25-26/lunabot_ws/install/micro_ros_agent/include/uxr/agent/datawriter/DataWriter.hpp\n'}
[69.367310] (micro_ros_agent) StdoutLine: {'line': b'-- Installing: /home/mars/Documents/Lunabotics25-26/lunabot_ws/install/micro_ros_agent/include/uxr/agent/topic\n'}
[69.367467] (micro_ros_agent) StdoutLine: {'line': b'-- Installing: /home/mars/Documents/Lunabotics25-26/lunabot_ws/install/micro_ros_agent/include/uxr/agent/topic/Topic.hpp\n'}
[69.367619] (micro_ros_agent) StdoutLine: {'line': b'-- Installing: /home/mars/Documents/Lunabotics25-26/lunabot_ws/install/micro_ros_agent/include/uxr/agent/logger\n'}
[69.367773] (micro_ros_agent) StdoutLine: {'line': b'-- Installing: /home/mars/Documents/Lunabotics25-26/lunabot_ws/install/micro_ros_agent/include/uxr/agent/logger/Logger.hpp\n'}
[69.367927] (micro_ros_agent) StdoutLine: {'line': b'-- Installing: /home/mars/Documents/Lunabotics25-26/lunabot_ws/install/micro_ros_agent/include/uxr/agent/participant\n'}
[69.368080] (micro_ros_agent) StdoutLine: {'line': b'-- Installing: /home/mars/Documents/Lunabotics25-26/lunabot_ws/install/micro_ros_agent/include/uxr/agent/participant/Participant.hpp\n'}
[69.368203] (micro_ros_agent) StdoutLine: {'line': b'-- Installing: /home/mars/Documents/Lunabotics25-26/lunabot_ws/install/micro_ros_agent/include/uxr/agent/AgentInstance.hpp\n'}
[69.368326] (micro_ros_agent) StdoutLine: {'line': b'-- Installing: /home/mars/Documents/Lunabotics25-26/lunabot_ws/install/micro_ros_agent/include/uxr/agent/client\n'}
[69.368465] (micro_ros_agent) StdoutLine: {'line': b'-- Installing: /home/mars/Documents/Lunabotics25-26/lunabot_ws/install/micro_ros_agent/include/uxr/agent/client/ProxyClient.hpp\n'}
[69.368591] (micro_ros_agent) StdoutLine: {'line': b'-- Installing: /home/mars/Documents/Lunabotics25-26/lunabot_ws/install/micro_ros_agent/include/uxr/agent/client/session\n'}
[69.368716] (micro_ros_agent) StdoutLine: {'line': b'-- Installing: /home/mars/Documents/Lunabotics25-26/lunabot_ws/install/micro_ros_agent/include/uxr/agent/client/session/stream\n'}
[69.368844] (micro_ros_agent) StdoutLine: {'line': b'-- Installing: /home/mars/Documents/Lunabotics25-26/lunabot_ws/install/micro_ros_agent/include/uxr/agent/client/session/stream/OutputStream.hpp\n'}
[69.368982] (micro_ros_agent) StdoutLine: {'line': b'-- Installing: /home/mars/Documents/Lunabotics25-26/lunabot_ws/install/micro_ros_agent/include/uxr/agent/client/session/stream/InputStream.hpp\n'}
[69.369109] (micro_ros_agent) StdoutLine: {'line': b'-- Installing: /home/mars/Documents/Lunabotics25-26/lunabot_ws/install/micro_ros_agent/include/uxr/agent/client/session/SessionInfo.hpp\n'}
[69.369235] (micro_ros_agent) StdoutLine: {'line': b'-- Installing: /home/mars/Documents/Lunabotics25-26/lunabot_ws/install/micro_ros_agent/include/uxr/agent/client/session/Session.hpp\n'}
[69.369374] (micro_ros_agent) StdoutLine: {'line': b'-- Installing: /home/mars/Documents/Lunabotics25-26/lunabot_ws/install/micro_ros_agent/include/uxr/agent/reader\n'}
[69.369503] (micro_ros_agent) StdoutLine: {'line': b'-- Installing: /home/mars/Documents/Lunabotics25-26/lunabot_ws/install/micro_ros_agent/include/uxr/agent/reader/Reader.hpp\n'}
[69.369632] (micro_ros_agent) StdoutLine: {'line': b'-- Installing: /home/mars/Documents/Lunabotics25-26/lunabot_ws/install/micro_ros_agent/include/uxr/agent/p2p\n'}
[69.369758] (micro_ros_agent) StdoutLine: {'line': b'-- Installing: /home/mars/Documents/Lunabotics25-26/lunabot_ws/install/micro_ros_agent/include/uxr/agent/p2p/InternalClient.hpp\n'}
[69.369884] (micro_ros_agent) StdoutLine: {'line': b'-- Installing: /home/mars/Documents/Lunabotics25-26/lunabot_ws/install/micro_ros_agent/include/uxr/agent/p2p/InternalClientManager.hpp\n'}
[69.370011] (micro_ros_agent) StdoutLine: {'line': b'-- Installing: /home/mars/Documents/Lunabotics25-26/lunabot_ws/install/micro_ros_agent/share/microxrcedds_agent/cmake/microxrcedds_agentTargets.cmake\n'}
[69.370140] (micro_ros_agent) StdoutLine: {'line': b'-- Installing: /home/mars/Documents/Lunabotics25-26/lunabot_ws/install/micro_ros_agent/share/microxrcedds_agent/cmake/microxrcedds_agentTargets-release.cmake\n'}
[69.370279] (micro_ros_agent) StdoutLine: {'line': b'-- Installing: /home/mars/Documents/Lunabotics25-26/lunabot_ws/install/micro_ros_agent/include/uxr/agent/config.hpp\n'}
[69.370427] (micro_ros_agent) StdoutLine: {'line': b'-- Installing: /home/mars/Documents/Lunabotics25-26/lunabot_ws/install/micro_ros_agent/share/microxrcedds_agent/LICENSE\n'}
[69.370553] (micro_ros_agent) StdoutLine: {'line': b'-- Installing: /home/mars/Documents/Lunabotics25-26/lunabot_ws/install/micro_ros_agent/share/microxrcedds_agent/cmake/microxrcedds_agentConfig.cmake\n'}
[69.370678] (micro_ros_agent) StdoutLine: {'line': b'-- Installing: /home/mars/Documents/Lunabotics25-26/lunabot_ws/install/micro_ros_agent/share/microxrcedds_agent/cmake/microxrcedds_agentConfigVersion.cmake\n'}
[69.370807] (micro_ros_agent) StdoutLine: {'line': b'-- Up-to-date: /home/mars/Documents/Lunabotics25-26/lunabot_ws/install/micro_ros_agent\n'}
[69.370933] (micro_ros_agent) StdoutLine: {'line': b'-- Up-to-date: /home/mars/Documents/Lunabotics25-26/lunabot_ws/install/micro_ros_agent/lib\n'}
[69.371060] (micro_ros_agent) StdoutLine: {'line': b'-- Installing: /home/mars/Documents/Lunabotics25-26/lunabot_ws/install/micro_ros_agent/lib/libspdlog.a\n'}
[69.371195] (micro_ros_agent) StdoutLine: {'line': b'-- Installing: /home/mars/Documents/Lunabotics25-26/lunabot_ws/install/micro_ros_agent/lib/pkgconfig\n'}
[69.371321] (micro_ros_agent) StdoutLine: {'line': b'-- Installing: /home/mars/Documents/Lunabotics25-26/lunabot_ws/install/micro_ros_agent/lib/pkgconfig/spdlog.pc\n'}
[69.371458] (micro_ros_agent) StdoutLine: {'line': b'-- Installing: /home/mars/Documents/Lunabotics25-26/lunabot_ws/install/micro_ros_agent/lib/cmake\n'}
[69.371584] (micro_ros_agent) StdoutLine: {'line': b'-- Installing: /home/mars/Documents/Lunabotics25-26/lunabot_ws/install/micro_ros_agent/lib/cmake/spdlog\n'}
[69.371709] (micro_ros_agent) StdoutLine: {'line': b'-- Installing: /home/mars/Documents/Lunabotics25-26/lunabot_ws/install/micro_ros_agent/lib/cmake/spdlog/spdlogConfigTargets-release.cmake\n'}
[69.371836] (micro_ros_agent) StdoutLine: {'line': b'-- Installing: /home/mars/Documents/Lunabotics25-26/lunabot_ws/install/micro_ros_agent/lib/cmake/spdlog/spdlogConfig.cmake\n'}
[69.371972] (micro_ros_agent) StdoutLine: {'line': b'-- Installing: /home/mars/Documents/Lunabotics25-26/lunabot_ws/install/micro_ros_agent/lib/cmake/spdlog/spdlogConfigTargets.cmake\n'}
[69.372097] (micro_ros_agent) StdoutLine: {'line': b'-- Installing: /home/mars/Documents/Lunabotics25-26/lunabot_ws/install/micro_ros_agent/lib/cmake/spdlog/spdlogConfigVersion.cmake\n'}
[69.372224] (micro_ros_agent) StdoutLine: {'line': b'-- Up-to-date: /home/mars/Documents/Lunabotics25-26/lunabot_ws/install/micro_ros_agent/include\n'}
[69.372348] (micro_ros_agent) StdoutLine: {'line': b'-- Installing: /home/mars/Documents/Lunabotics25-26/lunabot_ws/install/micro_ros_agent/include/spdlog\n'}
[69.372486] (micro_ros_agent) StdoutLine: {'line': b'-- Installing: /home/mars/Documents/Lunabotics25-26/lunabot_ws/install/micro_ros_agent/include/spdlog/formatter.h\n'}
[69.372610] (micro_ros_agent) StdoutLine: {'line': b'-- Installing: /home/mars/Documents/Lunabotics25-26/lunabot_ws/install/micro_ros_agent/include/spdlog/async_logger.h\n'}
[69.372736] (micro_ros_agent) StdoutLine: {'line': b'-- Installing: /home/mars/Documents/Lunabotics25-26/lunabot_ws/install/micro_ros_agent/include/spdlog/spdlog.h\n'}
[69.372862] (micro_ros_agent) StdoutLine: {'line': b'-- Installing: /home/mars/Documents/Lunabotics25-26/lunabot_ws/install/micro_ros_agent/include/spdlog/pattern_formatter-inl.h\n'}
[69.372989] (micro_ros_agent) StdoutLine: {'line': b'-- Installing: /home/mars/Documents/Lunabotics25-26/lunabot_ws/install/micro_ros_agent/include/spdlog/details\n'}
[69.373113] (micro_ros_agent) StdoutLine: {'line': b'-- Installing: /home/mars/Documents/Lunabotics25-26/lunabot_ws/install/micro_ros_agent/include/spdlog/details/log_msg.h\n'}
[69.373235] (micro_ros_agent) StdoutLine: {'line': b'-- Installing: /home/mars/Documents/Lunabotics25-26/lunabot_ws/install/micro_ros_agent/include/spdlog/details/thread_pool.h\n'}
[69.373386] (micro_ros_agent) StdoutLine: {'line': b'-- Installing: /home/mars/Documents/Lunabotics25-26/lunabot_ws/install/micro_ros_agent/include/spdlog/details/tcp_client.h\n'}
[69.373516] (micro_ros_agent) StdoutLine: {'line': b'-- Installing: /home/mars/Documents/Lunabotics25-26/lunabot_ws/install/micro_ros_agent/include/spdlog/details/tcp_client-windows.h\n'}
[69.373638] (micro_ros_agent) StdoutLine: {'line': b'-- Installing: /home/mars/Documents/Lunabotics25-26/lunabot_ws/install/micro_ros_agent/include/spdlog/details/null_mutex.h\n'}
[69.373762] (micro_ros_agent) StdoutLine: {'line': b'-- Installing: /home/mars/Documents/Lunabotics25-26/lunabot_ws/install/micro_ros_agent/include/spdlog/details/os.h\n'}
[69.373887] (micro_ros_agent) StdoutLine: {'line': b'-- Installing: /home/mars/Documents/Lunabotics25-26/lunabot_ws/install/micro_ros_agent/include/spdlog/details/synchronous_factory.h\n'}
[69.374009] (micro_ros_agent) StdoutLine: {'line': b'-- Installing: /home/mars/Documents/Lunabotics25-26/lunabot_ws/install/micro_ros_agent/include/spdlog/details/backtracer-inl.h\n'}
[69.374138] (micro_ros_agent) StdoutLine: {'line': b'-- Installing: /home/mars/Documents/Lunabotics25-26/lunabot_ws/install/micro_ros_agent/include/spdlog/details/periodic_worker-inl.h\n'}
[69.374263] (micro_ros_agent) StdoutLine: {'line': b'-- Installing: /home/mars/Documents/Lunabotics25-26/lunabot_ws/install/micro_ros_agent/include/spdlog/details/log_msg-inl.h\n'}
[69.374402] (micro_ros_agent) StdoutLine: {'line': b'-- Installing: /home/mars/Documents/Lunabotics25-26/lunabot_ws/install/micro_ros_agent/include/spdlog/details/thread_pool-inl.h\n'}
[69.374530] (micro_ros_agent) StdoutLine: {'line': b'-- Installing: /home/mars/Documents/Lunabotics25-26/lunabot_ws/install/micro_ros_agent/include/spdlog/details/fmt_helper.h\n'}
[69.374670] (micro_ros_agent) StdoutLine: {'line': b'-- Installing: /home/mars/Documents/Lunabotics25-26/lunabot_ws/install/micro_ros_agent/include/spdlog/details/windows_include.h\n'}
[69.374810] (micro_ros_agent) StdoutLine: {'line': b'-- Installing: /home/mars/Documents/Lunabotics25-26/lunabot_ws/install/micro_ros_agent/include/spdlog/details/registry-inl.h\n'}
[69.374942] (micro_ros_agent) StdoutLine: {'line': b'-- Installing: /home/mars/Documents/Lunabotics25-26/lunabot_ws/install/micro_ros_agent/include/spdlog/details/periodic_worker.h\n'}
[69.375068] (micro_ros_agent) StdoutLine: {'line': b'-- Installing: /home/mars/Documents/Lunabotics25-26/lunabot_ws/install/micro_ros_agent/include/spdlog/details/backtracer.h\n'}
[69.375191] (micro_ros_agent) StdoutLine: {'line': b'-- Installing: /home/mars/Documents/Lunabotics25-26/lunabot_ws/install/micro_ros_agent/include/spdlog/details/log_msg_buffer-inl.h\n'}
[69.375323] (micro_ros_agent) StdoutLine: {'line': b'-- Installing: /home/mars/Documents/Lunabotics25-26/lunabot_ws/install/micro_ros_agent/include/spdlog/details/log_msg_buffer.h\n'}
[69.375478] (micro_ros_agent) StdoutLine: {'line': b'-- Installing: /home/mars/Documents/Lunabotics25-26/lunabot_ws/install/micro_ros_agent/include/spdlog/details/file_helper-inl.h\n'}
[69.375604] (micro_ros_agent) StdoutLine: {'line': b'-- Installing: /home/mars/Documents/Lunabotics25-26/lunabot_ws/install/micro_ros_agent/include/spdlog/details/file_helper.h\n'}
[69.375729] (micro_ros_agent) StdoutLine: {'line': b'-- Installing: /home/mars/Documents/Lunabotics25-26/lunabot_ws/install/micro_ros_agent/include/spdlog/details/os-inl.h\n'}
[69.375857] (micro_ros_agent) StdoutLine: {'line': b'-- Installing: /home/mars/Documents/Lunabotics25-26/lunabot_ws/install/micro_ros_agent/include/spdlog/details/registry.h\n'}
[69.375983] (micro_ros_agent) StdoutLine: {'line': b'-- Installing: /home/mars/Documents/Lunabotics25-26/lunabot_ws/install/micro_ros_agent/include/spdlog/details/circular_q.h\n'}
[69.376108] (micro_ros_agent) StdoutLine: {'line': b'-- Installing: /home/mars/Documents/Lunabotics25-26/lunabot_ws/install/micro_ros_agent/include/spdlog/details/console_globals.h\n'}
[69.376243] (micro_ros_agent) StdoutLine: {'line': b'-- Installing: /home/mars/Documents/Lunabotics25-26/lunabot_ws/install/micro_ros_agent/include/spdlog/details/mpmc_blocking_q.h\n'}
[69.376378] (micro_ros_agent) StdoutLine: {'line': b'-- Installing: /home/mars/Documents/Lunabotics25-26/lunabot_ws/install/micro_ros_agent/include/spdlog/logger.h\n'}
[69.376507] (micro_ros_agent) StdoutLine: {'line': b'-- Installing: /home/mars/Documents/Lunabotics25-26/lunabot_ws/install/micro_ros_agent/include/spdlog/pattern_formatter.h\n'}
[69.376633] (micro_ros_agent) StdoutLine: {'line': b'-- Installing: /home/mars/Documents/Lunabotics25-26/lunabot_ws/install/micro_ros_agent/include/spdlog/spdlog-inl.h\n'}
[69.376760] (micro_ros_agent) StdoutLine: {'line': b'-- Installing: /home/mars/Documents/Lunabotics25-26/lunabot_ws/install/micro_ros_agent/include/spdlog/version.h\n'}
[69.376887] (micro_ros_agent) StdoutLine: {'line': b'-- Installing: /home/mars/Documents/Lunabotics25-26/lunabot_ws/install/micro_ros_agent/include/spdlog/common-inl.h\n'}
[69.377011] (micro_ros_agent) StdoutLine: {'line': b'-- Installing: /home/mars/Documents/Lunabotics25-26/lunabot_ws/install/micro_ros_agent/include/spdlog/sinks\n'}
[69.377136] (micro_ros_agent) StdoutLine: {'line': b'-- Installing: /home/mars/Documents/Lunabotics25-26/lunabot_ws/install/micro_ros_agent/include/spdlog/sinks/daily_file_sink.h\n'}
[69.377260] (micro_ros_agent) StdoutLine: {'line': b'-- Installing: /home/mars/Documents/Lunabotics25-26/lunabot_ws/install/micro_ros_agent/include/spdlog/sinks/base_sink-inl.h\n'}
[69.377417] (micro_ros_agent) StdoutLine: {'line': b'-- Installing: /home/mars/Documents/Lunabotics25-26/lunabot_ws/install/micro_ros_agent/include/spdlog/sinks/null_sink.h\n'}
[69.377545] (micro_ros_agent) StdoutLine: {'line': b'-- Installing: /home/mars/Documents/Lunabotics25-26/lunabot_ws/install/micro_ros_agent/include/spdlog/sinks/android_sink.h\n'}
[69.377673] (micro_ros_agent) StdoutLine: {'line': b'-- Installing: /home/mars/Documents/Lunabotics25-26/lunabot_ws/install/micro_ros_agent/include/spdlog/sinks/ringbuffer_sink.h\n'}
[69.377798] (micro_ros_agent) StdoutLine: {'line': b'-- Installing: /home/mars/Documents/Lunabotics25-26/lunabot_ws/install/micro_ros_agent/include/spdlog/sinks/ansicolor_sink-inl.h\n'}
[69.377938] (micro_ros_agent) StdoutLine: {'line': b'-- Installing: /home/mars/Documents/Lunabotics25-26/lunabot_ws/install/micro_ros_agent/include/spdlog/sinks/win_eventlog_sink.h\n'}
[69.378064] (micro_ros_agent) StdoutLine: {'line': b'-- Installing: /home/mars/Documents/Lunabotics25-26/lunabot_ws/install/micro_ros_agent/include/spdlog/sinks/qt_sinks.h\n'}
[69.378189] (micro_ros_agent) StdoutLine: {'line': b'-- Installing: /home/mars/Documents/Lunabotics25-26/lunabot_ws/install/micro_ros_agent/include/spdlog/sinks/ostream_sink.h\n'}
[69.378319] (micro_ros_agent) StdoutLine: {'line': b'-- Installing: /home/mars/Documents/Lunabotics25-26/lunabot_ws/install/micro_ros_agent/include/spdlog/sinks/ansicolor_sink.h\n'}
[69.378459] (micro_ros_agent) StdoutLine: {'line': b'-- Installing: /home/mars/Documents/Lunabotics25-26/lunabot_ws/install/micro_ros_agent/include/spdlog/sinks/wincolor_sink.h\n'}
[69.378587] (micro_ros_agent) StdoutLine: {'line': b'-- Installing: /home/mars/Documents/Lunabotics25-26/lunabot_ws/install/micro_ros_agent/include/spdlog/sinks/systemd_sink.h\n'}
[69.378711] (micro_ros_agent) StdoutLine: {'line': b'-- Installing: /home/mars/Documents/Lunabotics25-26/lunabot_ws/install/micro_ros_agent/include/spdlog/sinks/stdout_sinks-inl.h\n'}
[69.378836] (micro_ros_agent) StdoutLine: {'line': b'-- Installing: /home/mars/Documents/Lunabotics25-26/lunabot_ws/install/micro_ros_agent/include/spdlog/sinks/basic_file_sink-inl.h\n'}
[69.378974] (micro_ros_agent) StdoutLine: {'line': b'-- Installing: /home/mars/Documents/Lunabotics25-26/lunabot_ws/install/micro_ros_agent/include/spdlog/sinks/dup_filter_sink.h\n'}
[69.379101] (micro_ros_agent) StdoutLine: {'line': b'-- Installing: /home/mars/Documents/Lunabotics25-26/lunabot_ws/install/micro_ros_agent/include/spdlog/sinks/msvc_sink.h\n'}
[69.379235] (micro_ros_agent) StdoutLine: {'line': b'-- Installing: /home/mars/Documents/Lunabotics25-26/lunabot_ws/install/micro_ros_agent/include/spdlog/sinks/dist_sink.h\n'}
[69.379377] (micro_ros_agent) StdoutLine: {'line': b'-- Installing: /home/mars/Documents/Lunabotics25-26/lunabot_ws/install/micro_ros_agent/include/spdlog/sinks/stdout_color_sinks-inl.h\n'}
[69.379508] (micro_ros_agent) StdoutLine: {'line': b'-- Installing: /home/mars/Documents/Lunabotics25-26/lunabot_ws/install/micro_ros_agent/include/spdlog/sinks/basic_file_sink.h\n'}
[69.379628] (micro_ros_agent) StdoutLine: {'line': b'-- Installing: /home/mars/Documents/Lunabotics25-26/lunabot_ws/install/micro_ros_agent/include/spdlog/sinks/stdout_sinks.h\n'}
[69.379749] (micro_ros_agent) StdoutLine: {'line': b'-- Installing: /home/mars/Documents/Lunabotics25-26/lunabot_ws/install/micro_ros_agent/include/spdlog/sinks/base_sink.h\n'}
[69.379874] (micro_ros_agent) StdoutLine: {'line': b'-- Installing: /home/mars/Documents/Lunabotics25-26/lunabot_ws/install/micro_ros_agent/include/spdlog/sinks/rotating_file_sink.h\n'}
[69.379994] (micro_ros_agent) StdoutLine: {'line': b'-- Installing: /home/mars/Documents/Lunabotics25-26/lunabot_ws/install/micro_ros_agent/include/spdlog/sinks/hourly_file_sink.h\n'}
[69.380113] (micro_ros_agent) StdoutLine: {'line': b'-- Installing: /home/mars/Documents/Lunabotics25-26/lunabot_ws/install/micro_ros_agent/include/spdlog/sinks/sink.h\n'}
[69.380232] (micro_ros_agent) StdoutLine: {'line': b'-- Installing: /home/mars/Documents/Lunabotics25-26/lunabot_ws/install/micro_ros_agent/include/spdlog/sinks/tcp_sink.h\n'}
[69.380391] (micro_ros_agent) StdoutLine: {'line': b'-- Installing: /home/mars/Documents/Lunabotics25-26/lunabot_ws/install/micro_ros_agent/include/spdlog/sinks/sink-inl.h\n'}
[69.380513] (micro_ros_agent) StdoutLine: {'line': b'-- Installing: /home/mars/Documents/Lunabotics25-26/lunabot_ws/install/micro_ros_agent/include/spdlog/sinks/syslog_sink.h\n'}
[69.380635] (micro_ros_agent) StdoutLine: {'line': b'-- Installing: /home/mars/Documents/Lunabotics25-26/lunabot_ws/install/micro_ros_agent/include/spdlog/sinks/stdout_color_sinks.h\n'}
[69.380767] (micro_ros_agent) StdoutLine: {'line': b'-- Installing: /home/mars/Documents/Lunabotics25-26/lunabot_ws/install/micro_ros_agent/include/spdlog/sinks/rotating_file_sink-inl.h\n'}
[69.380889] (micro_ros_agent) StdoutLine: {'line': b'-- Installing: /home/mars/Documents/Lunabotics25-26/lunabot_ws/install/micro_ros_agent/include/spdlog/sinks/mongo_sink.h\n'}
[69.381010] (micro_ros_agent) StdoutLine: {'line': b'-- Installing: /home/mars/Documents/Lunabotics25-26/lunabot_ws/install/micro_ros_agent/include/spdlog/sinks/wincolor_sink-inl.h\n'}
[69.381130] (micro_ros_agent) StdoutLine: {'line': b'-- Installing: /home/mars/Documents/Lunabotics25-26/lunabot_ws/install/micro_ros_agent/include/spdlog/fwd.h\n'}
[69.381268] (micro_ros_agent) StdoutLine: {'line': b'-- Installing: /home/mars/Documents/Lunabotics25-26/lunabot_ws/install/micro_ros_agent/include/spdlog/stopwatch.h\n'}
[69.381407] (micro_ros_agent) StdoutLine: {'line': b'-- Installing: /home/mars/Documents/Lunabotics25-26/lunabot_ws/install/micro_ros_agent/include/spdlog/tweakme.h\n'}
[69.381526] (micro_ros_agent) StdoutLine: {'line': b'-- Installing: /home/mars/Documents/Lunabotics25-26/lunabot_ws/install/micro_ros_agent/include/spdlog/cfg\n'}
[69.381672] (micro_ros_agent) StdoutLine: {'line': b'-- Installing: /home/mars/Documents/Lunabotics25-26/lunabot_ws/install/micro_ros_agent/include/spdlog/cfg/helpers.h\n'}
[69.381792] (micro_ros_agent) StdoutLine: {'line': b'-- Installing: /home/mars/Documents/Lunabotics25-26/lunabot_ws/install/micro_ros_agent/include/spdlog/cfg/argv.h\n'}
[69.381917] (micro_ros_agent) StdoutLine: {'line': b'-- Installing: /home/mars/Documents/Lunabotics25-26/lunabot_ws/install/micro_ros_agent/include/spdlog/cfg/helpers-inl.h\n'}
[69.382043] (micro_ros_agent) StdoutLine: {'line': b'-- Installing: /home/mars/Documents/Lunabotics25-26/lunabot_ws/install/micro_ros_agent/include/spdlog/cfg/env.h\n'}
[69.382169] (micro_ros_agent) StdoutLine: {'line': b'-- Installing: /home/mars/Documents/Lunabotics25-26/lunabot_ws/install/micro_ros_agent/include/spdlog/async_logger-inl.h\n'}
[69.382286] (micro_ros_agent) StdoutLine: {'line': b'-- Installing: /home/mars/Documents/Lunabotics25-26/lunabot_ws/install/micro_ros_agent/include/spdlog/logger-inl.h\n'}
[69.382476] (micro_ros_agent) StdoutLine: {'line': b'-- Installing: /home/mars/Documents/Lunabotics25-26/lunabot_ws/install/micro_ros_agent/include/spdlog/common.h\n'}
[69.382604] (micro_ros_agent) StdoutLine: {'line': b'-- Installing: /home/mars/Documents/Lunabotics25-26/lunabot_ws/install/micro_ros_agent/include/spdlog/async.h\n'}
[69.382726] (micro_ros_agent) StdoutLine: {'line': b'-- Installing: /home/mars/Documents/Lunabotics25-26/lunabot_ws/install/micro_ros_agent/include/spdlog/fmt\n'}
[69.382851] (micro_ros_agent) StdoutLine: {'line': b'-- Installing: /home/mars/Documents/Lunabotics25-26/lunabot_ws/install/micro_ros_agent/include/spdlog/fmt/xchar.h\n'}
[69.382977] (micro_ros_agent) StdoutLine: {'line': b'-- Installing: /home/mars/Documents/Lunabotics25-26/lunabot_ws/install/micro_ros_agent/include/spdlog/fmt/bundled\n'}
[69.383100] (micro_ros_agent) StdoutLine: {'line': b'-- Installing: /home/mars/Documents/Lunabotics25-26/lunabot_ws/install/micro_ros_agent/include/spdlog/fmt/bundled/ranges.h\n'}
[69.383227] (micro_ros_agent) StdoutLine: {'line': b'-- Installing: /home/mars/Documents/Lunabotics25-26/lunabot_ws/install/micro_ros_agent/include/spdlog/fmt/bundled/xchar.h\n'}
[69.383373] (micro_ros_agent) StdoutLine: {'line': b'-- Installing: /home/mars/Documents/Lunabotics25-26/lunabot_ws/install/micro_ros_agent/include/spdlog/fmt/bundled/os.h\n'}
[69.383523] (micro_ros_agent) StdoutLine: {'line': b'-- Installing: /home/mars/Documents/Lunabotics25-26/lunabot_ws/install/micro_ros_agent/include/spdlog/fmt/bundled/core.h\n'}
[69.383660] (micro_ros_agent) StdoutLine: {'line': b'-- Installing: /home/mars/Documents/Lunabotics25-26/lunabot_ws/install/micro_ros_agent/include/spdlog/fmt/bundled/printf.h\n'}
[69.383782] (micro_ros_agent) StdoutLine: {'line': b'-- Installing: /home/mars/Documents/Lunabotics25-26/lunabot_ws/install/micro_ros_agent/include/spdlog/fmt/bundled/color.h\n'}
[69.383918] (micro_ros_agent) StdoutLine: {'line': b'-- Installing: /home/mars/Documents/Lunabotics25-26/lunabot_ws/install/micro_ros_agent/include/spdlog/fmt/bundled/locale.h\n'}
[69.384045] (micro_ros_agent) StdoutLine: {'line': b'-- Installing: /home/mars/Documents/Lunabotics25-26/lunabot_ws/install/micro_ros_agent/include/spdlog/fmt/bundled/format-inl.h\n'}
[69.384170] (micro_ros_agent) StdoutLine: {'line': b'-- Installing: /home/mars/Documents/Lunabotics25-26/lunabot_ws/install/micro_ros_agent/include/spdlog/fmt/bundled/args.h\n'}
[69.384289] (micro_ros_agent) StdoutLine: {'line': b'-- Installing: /home/mars/Documents/Lunabotics25-26/lunabot_ws/install/micro_ros_agent/include/spdlog/fmt/bundled/chrono.h\n'}
[69.384432] (micro_ros_agent) StdoutLine: {'line': b'-- Installing: /home/mars/Documents/Lunabotics25-26/lunabot_ws/install/micro_ros_agent/include/spdlog/fmt/bundled/compile.h\n'}
[69.384559] (micro_ros_agent) StdoutLine: {'line': b'-- Installing: /home/mars/Documents/Lunabotics25-26/lunabot_ws/install/micro_ros_agent/include/spdlog/fmt/bundled/ostream.h\n'}
[69.384685] (micro_ros_agent) StdoutLine: {'line': b'-- Installing: /home/mars/Documents/Lunabotics25-26/lunabot_ws/install/micro_ros_agent/include/spdlog/fmt/bundled/format.h\n'}
[69.384811] (micro_ros_agent) StdoutLine: {'line': b'-- Installing: /home/mars/Documents/Lunabotics25-26/lunabot_ws/install/micro_ros_agent/include/spdlog/fmt/ostr.h\n'}
[69.384935] (micro_ros_agent) StdoutLine: {'line': b'-- Installing: /home/mars/Documents/Lunabotics25-26/lunabot_ws/install/micro_ros_agent/include/spdlog/fmt/bin_to_hex.h\n'}
[69.385058] (micro_ros_agent) StdoutLine: {'line': b'-- Installing: /home/mars/Documents/Lunabotics25-26/lunabot_ws/install/micro_ros_agent/include/spdlog/fmt/fmt.h\n'}
[69.385183] (micro_ros_agent) StdoutLine: {'line': b'-- Installing: /home/mars/Documents/Lunabotics25-26/lunabot_ws/install/micro_ros_agent/include/spdlog/fmt/chrono.h\n'}
[69.385302] (micro_ros_agent) StdoutLine: {'line': b'-- Installing: /home/mars/Documents/Lunabotics25-26/lunabot_ws/install/micro_ros_agent/include/spdlog/fmt/compile.h\n'}
[69.385500] (micro_ros_agent) StdoutLine: {'line': b"[ 50%] \x1b[34m\x1b[1mCompleted 'xrceagent'\x1b[0m\n"}
[69.415783] (micro_ros_agent) StdoutLine: {'line': b'[ 50%] Built target xrceagent\n'}
[69.425128] (-) TimerEvent: {}
[69.434552] (micro_ros_agent) StdoutLine: {'line': b"[ 56%] \x1b[34m\x1b[1mCreating directories for 'micro_ros_agent'\x1b[0m\n"}
[69.458035] (micro_ros_agent) StdoutLine: {'line': b"[ 62%] \x1b[34m\x1b[1mNo download step for 'micro_ros_agent'\x1b[0m\n"}
[69.478813] (micro_ros_agent) StdoutLine: {'line': b"[ 68%] \x1b[34m\x1b[1mNo update step for 'micro_ros_agent'\x1b[0m\n"}
[69.499933] (micro_ros_agent) StdoutLine: {'line': b"[ 75%] \x1b[34m\x1b[1mNo patch step for 'micro_ros_agent'\x1b[0m\n"}
[69.523234] (micro_ros_agent) StdoutLine: {'line': b"[ 81%] \x1b[34m\x1b[1mPerforming configure step for 'micro_ros_agent'\x1b[0m\n"}
[69.525208] (-) TimerEvent: {}
[69.532552] (micro_ros_agent) StdoutLine: {'line': b'loading initial cache file /home/mars/Documents/Lunabotics25-26/lunabot_ws/build/micro_ros_agent/micro_ros_agent-prefix/tmp/micro_ros_agent-cache-.cmake\n'}
[69.537850] (micro_ros_agent) StdoutLine: {'line': b'-- Found ament_cmake: 2.5.5 (/opt/ros/jazzy/share/ament_cmake/cmake)\n'}
[69.625332] (-) TimerEvent: {}
[69.690444] (micro_ros_agent) StdoutLine: {'line': b'-- Found Python3: /usr/bin/python3 (found version "3.12.3") found components: Interpreter \n'}
[69.725437] (-) TimerEvent: {}
[69.827111] (-) TimerEvent: {}
[69.884961] (micro_ros_agent) StdoutLine: {'line': b'-- Found OpenSSL: /usr/lib/x86_64-linux-gnu/libcrypto.so (found version "3.0.13")  \n'}
[69.888734] (micro_ros_agent) StdoutLine: {'line': b'-- Performing Test CMAKE_HAVE_LIBC_PTHREAD\n'}
[69.927228] (-) TimerEvent: {}
[69.983585] (micro_ros_agent) StdoutLine: {'line': b'-- Performing Test CMAKE_HAVE_LIBC_PTHREAD - Success\n'}
[69.984388] (micro_ros_agent) StdoutLine: {'line': b'-- Found Threads: TRUE  \n'}
[69.990943] (micro_ros_agent) StdoutLine: {'line': b'-- Found rosidl_cmake: 4.6.7 (/opt/ros/jazzy/share/rosidl_cmake/cmake)\n'}
[69.992266] (micro_ros_agent) StdoutLine: {'line': b'-- Found rosidl_adapter: 4.6.7 (/opt/ros/jazzy/share/rosidl_adapter/cmake)\n'}
[70.003633] (micro_ros_agent) StdoutLine: {'line': b'-- Found fastrtps_cmake_module: 3.6.3 (/opt/ros/jazzy/share/fastrtps_cmake_module/cmake)\n'}
[70.005614] (micro_ros_agent) StdoutLine: {'line': b'-- Found rmw_dds_common: 3.1.1 (/opt/ros/jazzy/share/rmw_dds_common/cmake)\n'}
[70.027337] (-) TimerEvent: {}
[70.035330] (micro_ros_agent) StdoutLine: {'line': b'-- Found rosidl_generator_c: 4.6.7 (/opt/ros/jazzy/share/rosidl_generator_c/cmake)\n'}
[70.047692] (micro_ros_agent) StdoutLine: {'line': b'-- Found rosidl_generator_cpp: 4.6.7 (/opt/ros/jazzy/share/rosidl_generator_cpp/cmake)\n'}
[70.056291] (micro_ros_agent) StdoutLine: {'line': b'-- Using all available rosidl_typesupport_c: rosidl_typesupport_fastrtps_c;rosidl_typesupport_introspection_c\n'}
[70.073001] (micro_ros_agent) StdoutLine: {'line': b'-- Using all available rosidl_typesupport_cpp: rosidl_typesupport_fastrtps_cpp;rosidl_typesupport_introspection_cpp\n'}
[70.090919] (micro_ros_agent) StdoutLine: {'line': b'-- Found rmw_fastrtps_shared_cpp: 8.4.3 (/opt/ros/jazzy/share/rmw_fastrtps_shared_cpp/cmake)\n'}
[70.121399] (micro_ros_agent) StdoutLine: {'line': b'-- Found FastRTPS: /opt/ros/jazzy/include (Required is at least version "2.13") \n'}
[70.122835] (micro_ros_agent) StdoutLine: {'line': b'-- Found ament_lint_auto: 0.17.4 (/opt/ros/jazzy/share/ament_lint_auto/cmake)\n'}
[70.125090] (micro_ros_agent) StdoutLine: {'line': b'-- Found ament_cmake_gtest: 2.5.5 (/opt/ros/jazzy/share/ament_cmake_gtest/cmake)\n'}
[70.126071] (micro_ros_agent) StdoutLine: {'line': b'-- Found micro_ros_msgs: 5.0.2 (/home/mars/Documents/Lunabotics25-26/lunabot_ws/install/micro_ros_msgs/share/micro_ros_msgs/cmake)\n'}
[70.127429] (-) TimerEvent: {}
[70.227684] (-) TimerEvent: {}
[70.228506] (micro_ros_agent) StdoutLine: {'line': b'-- Configuring done (0.7s)\n'}
[70.237713] (micro_ros_agent) StdoutLine: {'line': b'-- Generating done (0.0s)\n'}
[70.240696] (micro_ros_agent) StdoutLine: {'line': b'-- Build files have been written to: /home/mars/Documents/Lunabotics25-26/lunabot_ws/build/micro_ros_agent\n'}
[70.260057] (micro_ros_agent) StdoutLine: {'line': b"[ 87%] \x1b[34m\x1b[1mPerforming build step for 'micro_ros_agent'\x1b[0m\n"}
[70.298153] (micro_ros_agent) StdoutLine: {'line': b'[ 33%] \x1b[32mBuilding CXX object CMakeFiles/micro_ros_agent.dir/src/agent/graph_manager/graph_manager.cpp.o\x1b[0m\n'}
[70.298408] (micro_ros_agent) StdoutLine: {'line': b'[ 33%] \x1b[32mBuilding CXX object CMakeFiles/micro_ros_agent.dir/src/agent/graph_manager/graph_typesupport.cpp.o\x1b[0m\n'}
[70.301802] (micro_ros_agent) StdoutLine: {'line': b'[ 50%] \x1b[32mBuilding CXX object CMakeFiles/micro_ros_agent.dir/src/main.cpp.o\x1b[0m\n'}
[70.302003] (micro_ros_agent) StdoutLine: {'line': b'[ 66%] \x1b[32mBuilding CXX object CMakeFiles/micro_ros_agent.dir/src/agent/Agent.cpp.o\x1b[0m\n'}
[70.327796] (-) TimerEvent: {}
[70.428416] (-) TimerEvent: {}
[70.528979] (-) TimerEvent: {}
[70.629469] (-) TimerEvent: {}
[70.730081] (-) TimerEvent: {}
[70.832572] (-) TimerEvent: {}
[70.933322] (-) TimerEvent: {}
[71.034144] (-) TimerEvent: {}
[71.134893] (-) TimerEvent: {}
[71.235698] (-) TimerEvent: {}
[71.336409] (-) TimerEvent: {}
[71.437212] (-) TimerEvent: {}
[71.537951] (-) TimerEvent: {}
[71.638898] (-) TimerEvent: {}
[71.740017] (-) TimerEvent: {}
[71.840876] (-) TimerEvent: {}
[71.942086] (-) TimerEvent: {}
[72.043814] (-) TimerEvent: {}
[72.145012] (-) TimerEvent: {}
[72.245880] (-) TimerEvent: {}
[72.346765] (-) TimerEvent: {}
[72.447465] (-) TimerEvent: {}
[72.548275] (-) TimerEvent: {}
[72.648946] (-) TimerEvent: {}
[72.749818] (-) TimerEvent: {}
[72.850671] (-) TimerEvent: {}
[72.951403] (-) TimerEvent: {}
[73.052205] (-) TimerEvent: {}
[73.122808] (micro_ros_agent) StdoutLine: {'line': b'[ 83%] \x1b[32mBuilding CXX object CMakeFiles/micro_ros_agent.dir/src/agent/utils/demangle.cpp.o\x1b[0m\n'}
[73.152373] (-) TimerEvent: {}
[73.253075] (-) TimerEvent: {}
[73.353900] (-) TimerEvent: {}
[73.454912] (-) TimerEvent: {}
[73.555753] (-) TimerEvent: {}
[73.656435] (-) TimerEvent: {}
[73.756939] (-) TimerEvent: {}
[73.857435] (-) TimerEvent: {}
[73.957939] (-) TimerEvent: {}
[74.058389] (-) TimerEvent: {}
[74.161664] (-) TimerEvent: {}
[74.262110] (-) TimerEvent: {}
[74.362556] (-) TimerEvent: {}
[74.462874] (-) TimerEvent: {}
[74.542472] (micro_ros_agent) StdoutLine: {'line': b'[100%] \x1b[32m\x1b[1mLinking CXX executable micro_ros_agent\x1b[0m\n'}
[74.563026] (-) TimerEvent: {}
[74.663596] (-) TimerEvent: {}
[74.764199] (-) TimerEvent: {}
[74.864867] (-) TimerEvent: {}
[74.967564] (-) TimerEvent: {}
[75.001645] (micro_ros_agent) StdoutLine: {'line': b'[100%] Built target micro_ros_agent\n'}
[75.025480] (micro_ros_agent) StdoutLine: {'line': b"\x1b[34m\x1b[1mNo install step for 'micro_ros_agent'\x1b[0m\n"}
[75.047279] (micro_ros_agent) StdoutLine: {'line': b"\x1b[34m\x1b[1mCompleted 'micro_ros_agent'\x1b[0m\n"}
[75.067653] (-) TimerEvent: {}
[75.076819] (micro_ros_agent) StdoutLine: {'line': b'Built target micro_ros_agent\n'}
[75.085884] (micro_ros_agent) CommandEnded: {'returncode': 0}
[75.086587] (micro_ros_agent) JobProgress: {'identifier': 'micro_ros_agent', 'progress': 'install'}
[75.087136] (micro_ros_agent) Command: {'cmd': ['/usr/bin/cmake', '--install', '/home/mars/Documents/Lunabotics25-26/lunabot_ws/build/micro_ros_agent'], 'cwd': '/home/mars/Documents/Lunabotics25-26/lunabot_ws/build/micro_ros_agent', 'env': OrderedDict({'LESSOPEN': '| /usr/bin/lesspipe %s', 'USER': 'mars', 'XDG_SESSION_TYPE': 'wayland', 'CLUTTER_DISABLE_MIPMAPPED_TEXT': '1', 'SHLVL': '2', 'LD_LIBRARY_PATH': '/home/mars/Documents/Lunabotics25-26/lunabot_ws/install/micro_ros_msgs/lib:/opt/ros/jazzy/opt/rviz_ogre_vendor/lib:/opt/ros/jazzy/lib/x86_64-linux-gnu:/opt/ros/jazzy/opt/gz_math_vendor/lib:/opt/ros/jazzy/opt/gz_utils_vendor/lib:/opt/ros/jazzy/opt/gz_cmake_vendor/lib:/opt/ros/jazzy/lib', 'HOME': '/home/mars', 'OLDPWD': '/home/mars/Documents/Lunabotics25-26/lunabot_ws/src', 'DESKTOP_SESSION': 'ubuntu', 'ROS_PYTHON_VERSION': '3', 'GNOME_SHELL_SESSION_MODE': 'ubuntu', 'GTK_MODULES': 'gail:atk-bridge', 'SYSTEMD_EXEC_PID': '4503', 'GSM_SKIP_SSH_AGENT_WORKAROUND': 'true', 'DBUS_SESSION_BUS_ADDRESS': 'unix:path=/run/user/1000/bus', 'COLORTERM': 'truecolor', 'DEBUGINFOD_URLS': 'https://debuginfod.ubuntu.com', 'IM_CONFIG_PHASE': '1', 'WAYLAND_DISPLAY': 'wayland-0', 'COLCON_PREFIX_PATH': '/home/mars/Documents/Lunabotics25-26/lunabot_ws/install', 'ROS_DISTRO': 'jazzy', 'LOGNAME': 'mars', '_': '/usr/bin/colcon', 'ROS_VERSION': '2', 'MEMORY_PRESSURE_WATCH': '/sys/fs/cgroup/user.slice/user-1000.slice/user@1000.service/session.slice/org.gnome.Shell@wayland.service/memory.pressure', 'XDG_SESSION_CLASS': 'user', 'USERNAME': 'mars', 'TERM': 'xterm-256color', 'GNOME_DESKTOP_SESSION_ID': 'this-is-deprecated', 'PATH': '/opt/ros/jazzy/bin:/home/mars/.npm-global/bin:/home/mars/.local/bin:/home/mars/bin:/usr/local/sbin:/usr/local/bin:/usr/sbin:/usr/bin:/sbin:/bin:/usr/games:/usr/local/games:/snap/bin:/snap/bin', 'SESSION_MANAGER': 'local/mars-pc:@/tmp/.ICE-unix/4470,unix/mars-pc:/tmp/.ICE-unix/4470', 'XDG_MENU_PREFIX': 'gnome-', 'GNOME_TERMINAL_SCREEN': '/org/gnome/Terminal/screen/553f9276_3248_478b_805a_2313b91dd2c9', 'GNOME_SETUP_DISPLAY': ':1', 'XDG_RUNTIME_DIR': '/run/user/1000', 'DISPLAY': ':0', 'LANG': 'en_US.UTF-8', 'XDG_CURRENT_DESKTOP': 'ubuntu:GNOME', 'XMODIFIERS': '@im=ibus', 'XDG_SESSION_DESKTOP': 'ubuntu', 'XAUTHORITY': '/run/user/1000/.mutter-Xwaylandauth.LLNKM3', 'LS_COLORS': 'rs=0:di=01;34:ln=01;36:mh=00:pi=40;33:so=01;35:do=01;35:bd=40;33;01:cd=40;33;01:or=40;31;01:mi=00:su=37;41:sg=30;43:ca=00:tw=30;42:ow=34;42:st=37;44:ex=01;32:*.tar=01;31:*.tgz=01;31:*.arc=01;31:*.arj=01;31:*.taz=01;31:*.lha=01;31:*.lz4=01;31:*.lzh=01;31:*.lzma=01;31:*.tlz=01;31:*.txz=01;31:*.tzo=01;31:*.t7z=01;31:*.zip=01;31:*.z=01;31:*.dz=01;31:*.gz=01;31:*.lrz=01;31:*.lz=01;31:*.lzo=01;31:*.xz=01;31:*.zst=01;31:*.tzst=01;31:*.bz2=01;31:*.bz=01;31:*.tbz=01;31:*.tbz2=01;31:*.tz=01;31:*.deb=01;31:*.rpm=01;31:*.jar=01;31:*.war=01;31:*.ear=01;31:*.sar=01;31:*.rar=01;31:*.alz=01;31:*.ace=01;31:*.zoo=01;31:*.cpio=01;31:*.7z=01;31:*.rz=01;31:*.cab=01;31:*.wim=01;31:*.swm=01;31:*.dwm=01;31:*.esd=01;31:*.avif=01;35:*.jpg=01;35:*.jpeg=01;35:*.mjpg=01;35:*.mjpeg=01;35:*.gif=01;35:*.bmp=01;35:*.pbm=01;35:*.pgm=01;35:*.ppm=01;35:*.tga=01;35:*.xbm=01;35:*.xpm=01;35:*.tif=01;35:*.tiff=01;35:*.png=01;35:*.svg=01;35:*.svgz=01;35:*.mng=01;35:*.pcx=01;35:*.mov=01;35:*.mpg=01;35:*.mpeg=01;35:*.m2v=01;35:*.mkv=01;35:*.webm=01;35:*.webp=01;35:*.ogm=01;35:*.mp4=01;35:*.m4v=01;35:*.mp4v=01;35:*.vob=01;35:*.qt=01;35:*.nuv=01;35:*.wmv=01;35:*.asf=01;35:*.rm=01;35:*.rmvb=01;35:*.flc=01;35:*.avi=01;35:*.fli=01;35:*.flv=01;35:*.gl=01;35:*.dl=01;35:*.xcf=01;35:*.xwd=01;35:*.yuv=01;35:*.cgm=01;35:*.emf=01;35:*.ogv=01;35:*.ogx=01;35:*.aac=00;36:*.au=00;36:*.flac=00;36:*.m4a=00;36:*.mid=00;36:*.midi=00;36:*.mka=00;36:*.mp3=00;36:*.mpc=00;36:*.ogg=00;36:*.ra=00;36:*.wav=00;36:*.oga=00;36:*.opus=00;36:*.spx=00;36:*.xspf=00;36:*~=00;90:*#=00;90:*.bak=00;90:*.crdownload=00;90:*.dpkg-dist=00;90:*.dpkg-new=00;90:*.dpkg-old=00;90:*.dpkg-tmp=00;90:*.old=00;90:*.orig=00;90:*.part=00;90:*.rej=00;90:*.rpmnew=00;90:*.rpmorig=00;90:*.rpmsave=00;90:*.swp=00;90:*.tmp=00;90:*.ucf-dist=00;90:*.ucf-new=00;90:*.ucf-old=00;90:', 'GNOME_TERMINAL_SERVICE': ':1.105', 'SSH_AUTH_SOCK': '/run/user/1000/keyring/ssh', 'AMENT_PREFIX_PATH': '/home/mars/Documents/Lunabotics25-26/lunabot_ws/install/micro_ros_msgs:/home/mars/Documents/Lunabotics25-26/lunabot_ws/install/micro_ros_setup:/home/mars/Documents/Lunabotics25-26/lunabot_ws/install/lunabot_teleop:/home/mars/Documents/Lunabotics25-26/lunabot_ws/install/lunabot_hardware:/opt/ros/jazzy', 'SHELL': '/bin/bash', 'QT_ACCESSIBILITY': '1', 'GDMSESSION': 'ubuntu', 'LESSCLOSE': '/usr/bin/lesspipe %s %s', 'ROS_AUTOMATIC_DISCOVERY_RANGE': 'SUBNET', 'QT_IM_MODULE': 'ibus', 'PWD': '/home/mars/Documents/Lunabotics25-26/lunabot_ws/build/micro_ros_agent', 'MATON_API_KEY': 'Mn_5jBZCwj13HVp8RJrFTqxSPWujdrywf-PoxLLjNOsvNh4rtVWtlwFOGLmbTujg1wFLcmOTjYKiKnGLXvdZAe-QN0ep7x5u_hcqCfstUg', 'XDG_CONFIG_DIRS': '/etc/xdg/xdg-ubuntu:/etc/xdg', 'XDG_DATA_DIRS': '/usr/share/ubuntu:/usr/share/gnome:/usr/local/share/:/usr/share/:/var/lib/snapd/desktop', 'PYTHONPATH': '/home/mars/Documents/Lunabotics25-26/lunabot_ws/install/micro_ros_msgs/lib/python3.12/site-packages:/opt/ros/jazzy/lib/python3.12/site-packages', 'COLCON': '1', 'MEMORY_PRESSURE_WRITE': 'c29tZSAyMDAwMDAgMjAwMDAwMAA=', 'VTE_VERSION': '7600', 'CMAKE_PREFIX_PATH': '/home/mars/Documents/Lunabotics25-26/lunabot_ws/install/micro_ros_msgs:/home/mars/Documents/Lunabotics25-26/lunabot_ws/install/micro_ros_setup:/home/mars/Documents/Lunabotics25-26/lunabot_ws/install/lunabot_teleop:/home/mars/Documents/Lunabotics25-26/lunabot_ws/install/lunabot_hardware:/opt/ros/jazzy/opt/gz_math_vendor:/opt/ros/jazzy/opt/gz_utils_vendor:/opt/ros/jazzy/opt/gz_cmake_vendor:/opt/ros/jazzy'}), 'shell': False}
[75.094740] (micro_ros_agent) StdoutLine: {'line': b'-- Install configuration: ""\n'}
[75.096464] (micro_ros_agent) StdoutLine: {'line': b'-- Installing: /home/mars/Documents/Lunabotics25-26/lunabot_ws/install/micro_ros_agent/share/ament_index/resource_index/package_run_dependencies/micro_ros_agent\n'}
[75.097459] (micro_ros_agent) StdoutLine: {'line': b'-- Installing: /home/mars/Documents/Lunabotics25-26/lunabot_ws/install/micro_ros_agent/share/ament_index/resource_index/parent_prefix_path/micro_ros_agent\n'}
[75.097536] (micro_ros_agent) StdoutLine: {'line': b'-- Installing: /home/mars/Documents/Lunabotics25-26/lunabot_ws/install/micro_ros_agent/share/micro_ros_agent/environment/ament_prefix_path.sh\n'}
[75.097599] (micro_ros_agent) StdoutLine: {'line': b'-- Installing: /home/mars/Documents/Lunabotics25-26/lunabot_ws/install/micro_ros_agent/share/micro_ros_agent/environment/ament_prefix_path.dsv\n'}
[75.097664] (micro_ros_agent) StdoutLine: {'line': b'-- Installing: /home/mars/Documents/Lunabotics25-26/lunabot_ws/install/micro_ros_agent/share/micro_ros_agent/environment/path.sh\n'}
[75.097728] (micro_ros_agent) StdoutLine: {'line': b'-- Installing: /home/mars/Documents/Lunabotics25-26/lunabot_ws/install/micro_ros_agent/share/micro_ros_agent/environment/path.dsv\n'}
[75.097787] (micro_ros_agent) StdoutLine: {'line': b'-- Installing: /home/mars/Documents/Lunabotics25-26/lunabot_ws/install/micro_ros_agent/share/micro_ros_agent/local_setup.bash\n'}
[75.097844] (micro_ros_agent) StdoutLine: {'line': b'-- Installing: /home/mars/Documents/Lunabotics25-26/lunabot_ws/install/micro_ros_agent/share/micro_ros_agent/local_setup.sh\n'}
[75.097904] (micro_ros_agent) StdoutLine: {'line': b'-- Installing: /home/mars/Documents/Lunabotics25-26/lunabot_ws/install/micro_ros_agent/share/micro_ros_agent/local_setup.zsh\n'}
[75.097961] (micro_ros_agent) StdoutLine: {'line': b'-- Installing: /home/mars/Documents/Lunabotics25-26/lunabot_ws/install/micro_ros_agent/share/micro_ros_agent/local_setup.dsv\n'}
[75.098020] (micro_ros_agent) StdoutLine: {'line': b'-- Installing: /home/mars/Documents/Lunabotics25-26/lunabot_ws/install/micro_ros_agent/share/micro_ros_agent/package.dsv\n'}
[75.098116] (micro_ros_agent) StdoutLine: {'line': b'-- Installing: /home/mars/Documents/Lunabotics25-26/lunabot_ws/install/micro_ros_agent/share/ament_index/resource_index/packages/micro_ros_agent\n'}
[75.098179] (micro_ros_agent) StdoutLine: {'line': b'-- Installing: /home/mars/Documents/Lunabotics25-26/lunabot_ws/install/micro_ros_agent/share/micro_ros_agent/cmake/ament_cmake_export_dependencies-extras.cmake\n'}
[75.098237] (micro_ros_agent) StdoutLine: {'line': b'-- Installing: /home/mars/Documents/Lunabotics25-26/lunabot_ws/install/micro_ros_agent/share/micro_ros_agent/cmake/micro_ros_agentConfig.cmake\n'}
[75.098293] (micro_ros_agent) StdoutLine: {'line': b'-- Installing: /home/mars/Documents/Lunabotics25-26/lunabot_ws/install/micro_ros_agent/share/micro_ros_agent/cmake/micro_ros_agentConfig-version.cmake\n'}
[75.098349] (micro_ros_agent) StdoutLine: {'line': b'-- Installing: /home/mars/Documents/Lunabotics25-26/lunabot_ws/install/micro_ros_agent/share/micro_ros_agent/package.xml\n'}
[75.098413] (micro_ros_agent) StdoutLine: {'line': b'-- Installing: /home/mars/Documents/Lunabotics25-26/lunabot_ws/install/micro_ros_agent/lib/micro_ros_agent/micro_ros_agent\n'}
[75.098794] (micro_ros_agent) StdoutLine: {'line': b'-- Set non-toolchain portion of runtime path of "/home/mars/Documents/Lunabotics25-26/lunabot_ws/install/micro_ros_agent/lib/micro_ros_agent/micro_ros_agent" to ""\n'}
[75.098896] (micro_ros_agent) StdoutLine: {'line': b'-- Installing: /home/mars/Documents/Lunabotics25-26/lunabot_ws/install/micro_ros_agent/share/micro_ros_agent/launch\n'}
[75.098973] (micro_ros_agent) StdoutLine: {'line': b'-- Installing: /home/mars/Documents/Lunabotics25-26/lunabot_ws/install/micro_ros_agent/share/micro_ros_agent/launch/micro_ros_agent_launch.py\n'}
[75.100589] (micro_ros_agent) CommandEnded: {'returncode': 0}
[75.111363] (micro_ros_agent) JobEnded: {'identifier': 'micro_ros_agent', 'rc': 0}
[75.112147] (-) EventReactorShutdown: {}
