[0.089s] DEBUG:colcon:Command line arguments: ['/usr/bin/colcon', 'build']
[0.089s] DEBUG:colcon:Parsed command line arguments: Namespace(log_base=None, log_level=None, verb_name='build', build_base='build', install_base='install', merge_install=False, symlink_install=False, test_result_base=None, continue_on_error=False, executor='parallel', parallel_workers=4, event_handlers=None, ignore_user_meta=False, metas=['./colcon.meta'], base_paths=['.'], packages_ignore=None, packages_ignore_regex=None, paths=None, packages_up_to=None, packages_up_to_regex=None, packages_above=None, packages_above_and_dependencies=None, packages_above_depth=None, packages_select_by_dep=None, packages_skip_by_dep=None, packages_skip_up_to=None, packages_select_build_failed=False, packages_skip_build_finished=False, packages_select_test_failures=False, packages_skip_test_passed=False, packages_select=None, packages_skip=None, packages_select_regex=None, packages_skip_regex=None, packages_start=None, packages_end=None, allow_overriding=[], cmake_args=None, cmake_target=None, cmake_target_skip_unavailable=False, cmake_clean_cache=False, cmake_clean_first=False, cmake_force_configure=False, ament_cmake_args=None, catkin_cmake_args=None, catkin_skip_building_tests=False, verb_parser=<colcon_defaults.argument_parser.defaults.DefaultArgumentsDecorator object at 0x7377fb369ca0>, verb_extension=<colcon_core.verb.build.BuildVerb object at 0x7377fb4868a0>, main=<bound method BuildVerb.main of <colcon_core.verb.build.BuildVerb object at 0x7377fb4868a0>>)
[0.122s] Level 1:colcon.colcon_core.package_discovery:discover_packages(colcon_meta) check parameters
[0.123s] Level 1:colcon.colcon_core.package_discovery:discover_packages(recursive) check parameters
[0.123s] Level 1:colcon.colcon_core.package_discovery:discover_packages(ignore) check parameters
[0.123s] Level 1:colcon.colcon_core.package_discovery:discover_packages(path) check parameters
[0.123s] Level 1:colcon.colcon_core.package_discovery:discover_packages(colcon_meta) discover
[0.123s] Level 1:colcon.colcon_core.package_discovery:discover_packages(recursive) discover
[0.123s] INFO:colcon.colcon_core.package_discovery:Crawling recursively for packages in '/home/mars/Documents/Lunabotics25-26/lunabot_ws'
[0.123s] Level 1:colcon.colcon_core.package_identification:_identify(.) by extensions ['ignore', 'ignore_ament_install']
[0.123s] Level 1:colcon.colcon_core.package_identification:_identify(.) by extension 'ignore'
[0.123s] Level 1:colcon.colcon_core.package_identification:_identify(.) by extension 'ignore_ament_install'
[0.123s] Level 1:colcon.colcon_core.package_identification:_identify(.) by extensions ['colcon_pkg']
[0.123s] Level 1:colcon.colcon_core.package_identification:_identify(.) by extension 'colcon_pkg'
[0.123s] Level 1:colcon.colcon_core.package_identification:_identify(.) by extensions ['colcon_meta']
[0.123s] Level 1:colcon.colcon_core.package_identification:_identify(.) by extension 'colcon_meta'
[0.123s] Level 1:colcon.colcon_core.package_identification:_identify(.) by extensions ['ros']
[0.123s] Level 1:colcon.colcon_core.package_identification:_identify(.) by extension 'ros'
[0.145s] Level 1:colcon.colcon_core.package_identification:_identify(.) by extensions ['cmake', 'python']
[0.145s] Level 1:colcon.colcon_core.package_identification:_identify(.) by extension 'cmake'
[0.145s] Level 1:colcon.colcon_core.package_identification:_identify(.) by extension 'python'
[0.146s] Level 1:colcon.colcon_core.package_identification:_identify(.) by extensions ['python_setup_py']
[0.146s] Level 1:colcon.colcon_core.package_identification:_identify(.) by extension 'python_setup_py'
[0.146s] Level 1:colcon.colcon_core.package_identification:_identify(build) by extensions ['ignore', 'ignore_ament_install']
[0.146s] Level 1:colcon.colcon_core.package_identification:_identify(build) by extension 'ignore'
[0.146s] Level 1:colcon.colcon_core.package_identification:_identify(build) ignored
[0.146s] Level 1:colcon.colcon_core.package_identification:_identify(install) by extensions ['ignore', 'ignore_ament_install']
[0.146s] Level 1:colcon.colcon_core.package_identification:_identify(install) by extension 'ignore'
[0.146s] Level 1:colcon.colcon_core.package_identification:_identify(install) ignored
[0.146s] Level 1:colcon.colcon_core.package_identification:_identify(log) by extensions ['ignore', 'ignore_ament_install']
[0.146s] Level 1:colcon.colcon_core.package_identification:_identify(log) by extension 'ignore'
[0.146s] Level 1:colcon.colcon_core.package_identification:_identify(log) ignored
[0.146s] Level 1:colcon.colcon_core.package_identification:_identify(src) by extensions ['ignore', 'ignore_ament_install']
[0.146s] Level 1:colcon.colcon_core.package_identification:_identify(src) by extension 'ignore'
[0.146s] Level 1:colcon.colcon_core.package_identification:_identify(src) by extension 'ignore_ament_install'
[0.146s] Level 1:colcon.colcon_core.package_identification:_identify(src) by extensions ['colcon_pkg']
[0.146s] Level 1:colcon.colcon_core.package_identification:_identify(src) by extension 'colcon_pkg'
[0.146s] Level 1:colcon.colcon_core.package_identification:_identify(src) by extensions ['colcon_meta']
[0.146s] Level 1:colcon.colcon_core.package_identification:_identify(src) by extension 'colcon_meta'
[0.146s] Level 1:colcon.colcon_core.package_identification:_identify(src) by extensions ['ros']
[0.146s] Level 1:colcon.colcon_core.package_identification:_identify(src) by extension 'ros'
[0.147s] Level 1:colcon.colcon_core.package_identification:_identify(src) by extensions ['cmake', 'python']
[0.147s] Level 1:colcon.colcon_core.package_identification:_identify(src) by extension 'cmake'
[0.147s] Level 1:colcon.colcon_core.package_identification:_identify(src) by extension 'python'
[0.147s] Level 1:colcon.colcon_core.package_identification:_identify(src) by extensions ['python_setup_py']
[0.147s] Level 1:colcon.colcon_core.package_identification:_identify(src) by extension 'python_setup_py'
[0.147s] Level 1:colcon.colcon_core.package_identification:_identify(src/log) by extensions ['ignore', 'ignore_ament_install']
[0.147s] Level 1:colcon.colcon_core.package_identification:_identify(src/log) by extension 'ignore'
[0.147s] Level 1:colcon.colcon_core.package_identification:_identify(src/log) ignored
[0.147s] Level 1:colcon.colcon_core.package_identification:_identify(src/lunabot_bringup) by extensions ['ignore', 'ignore_ament_install']
[0.147s] Level 1:colcon.colcon_core.package_identification:_identify(src/lunabot_bringup) by extension 'ignore'
[0.147s] Level 1:colcon.colcon_core.package_identification:_identify(src/lunabot_bringup) by extension 'ignore_ament_install'
[0.147s] Level 1:colcon.colcon_core.package_identification:_identify(src/lunabot_bringup) by extensions ['colcon_pkg']
[0.147s] Level 1:colcon.colcon_core.package_identification:_identify(src/lunabot_bringup) by extension 'colcon_pkg'
[0.147s] Level 1:colcon.colcon_core.package_identification:_identify(src/lunabot_bringup) by extensions ['colcon_meta']
[0.147s] Level 1:colcon.colcon_core.package_identification:_identify(src/lunabot_bringup) by extension 'colcon_meta'
[0.147s] Level 1:colcon.colcon_core.package_identification:_identify(src/lunabot_bringup) by extensions ['ros']
[0.147s] Level 1:colcon.colcon_core.package_identification:_identify(src/lunabot_bringup) by extension 'ros'
[0.150s] DEBUG:colcon.colcon_core.package_identification:Package 'src/lunabot_bringup' with type 'ros.ament_cmake' and name 'lunabot_bringup'
[0.150s] Level 1:colcon.colcon_core.package_identification:_identify(src/lunabot_hardware) by extensions ['ignore', 'ignore_ament_install']
[0.150s] Level 1:colcon.colcon_core.package_identification:_identify(src/lunabot_hardware) by extension 'ignore'
[0.150s] Level 1:colcon.colcon_core.package_identification:_identify(src/lunabot_hardware) by extension 'ignore_ament_install'
[0.150s] Level 1:colcon.colcon_core.package_identification:_identify(src/lunabot_hardware) by extensions ['colcon_pkg']
[0.150s] Level 1:colcon.colcon_core.package_identification:_identify(src/lunabot_hardware) by extension 'colcon_pkg'
[0.150s] Level 1:colcon.colcon_core.package_identification:_identify(src/lunabot_hardware) by extensions ['colcon_meta']
[0.150s] Level 1:colcon.colcon_core.package_identification:_identify(src/lunabot_hardware) by extension 'colcon_meta'
[0.150s] Level 1:colcon.colcon_core.package_identification:_identify(src/lunabot_hardware) by extensions ['ros']
[0.150s] Level 1:colcon.colcon_core.package_identification:_identify(src/lunabot_hardware) by extension 'ros'
[0.151s] DEBUG:colcon.colcon_core.package_identification:Package 'src/lunabot_hardware' with type 'ros.ament_cmake' and name 'lunabot_hardware'
[0.151s] Level 1:colcon.colcon_core.package_identification:_identify(src/lunabot_teleop) by extensions ['ignore', 'ignore_ament_install']
[0.151s] Level 1:colcon.colcon_core.package_identification:_identify(src/lunabot_teleop) by extension 'ignore'
[0.151s] Level 1:colcon.colcon_core.package_identification:_identify(src/lunabot_teleop) by extension 'ignore_ament_install'
[0.151s] Level 1:colcon.colcon_core.package_identification:_identify(src/lunabot_teleop) by extensions ['colcon_pkg']
[0.151s] Level 1:colcon.colcon_core.package_identification:_identify(src/lunabot_teleop) by extension 'colcon_pkg'
[0.151s] Level 1:colcon.colcon_core.package_identification:_identify(src/lunabot_teleop) by extensions ['colcon_meta']
[0.151s] Level 1:colcon.colcon_core.package_identification:_identify(src/lunabot_teleop) by extension 'colcon_meta'
[0.151s] Level 1:colcon.colcon_core.package_identification:_identify(src/lunabot_teleop) by extensions ['ros']
[0.151s] Level 1:colcon.colcon_core.package_identification:_identify(src/lunabot_teleop) by extension 'ros'
[0.152s] DEBUG:colcon.colcon_core.package_identification:Package 'src/lunabot_teleop' with type 'ros.ament_cmake' and name 'lunabot_teleop'
[0.152s] Level 1:colcon.colcon_core.package_identification:_identify(src/lunabot_test_teensy) by extensions ['ignore', 'ignore_ament_install']
[0.152s] Level 1:colcon.colcon_core.package_identification:_identify(src/lunabot_test_teensy) by extension 'ignore'
[0.152s] Level 1:colcon.colcon_core.package_identification:_identify(src/lunabot_test_teensy) by extension 'ignore_ament_install'
[0.152s] Level 1:colcon.colcon_core.package_identification:_identify(src/lunabot_test_teensy) by extensions ['colcon_pkg']
[0.152s] Level 1:colcon.colcon_core.package_identification:_identify(src/lunabot_test_teensy) by extension 'colcon_pkg'
[0.152s] Level 1:colcon.colcon_core.package_identification:_identify(src/lunabot_test_teensy) by extensions ['colcon_meta']
[0.152s] Level 1:colcon.colcon_core.package_identification:_identify(src/lunabot_test_teensy) by extension 'colcon_meta'
[0.152s] Level 1:colcon.colcon_core.package_identification:_identify(src/lunabot_test_teensy) by extensions ['ros']
[0.152s] Level 1:colcon.colcon_core.package_identification:_identify(src/lunabot_test_teensy) by extension 'ros'
[0.152s] DEBUG:colcon.colcon_core.package_identification:Package 'src/lunabot_test_teensy' with type 'ros.ament_cmake' and name 'lunabot_test_teensy'
[0.152s] Level 1:colcon.colcon_core.package_identification:_identify(src/micro_ros_setup) by extensions ['ignore', 'ignore_ament_install']
[0.152s] Level 1:colcon.colcon_core.package_identification:_identify(src/micro_ros_setup) by extension 'ignore'
[0.152s] Level 1:colcon.colcon_core.package_identification:_identify(src/micro_ros_setup) by extension 'ignore_ament_install'
[0.152s] Level 1:colcon.colcon_core.package_identification:_identify(src/micro_ros_setup) by extensions ['colcon_pkg']
[0.152s] Level 1:colcon.colcon_core.package_identification:_identify(src/micro_ros_setup) by extension 'colcon_pkg'
[0.152s] Level 1:colcon.colcon_core.package_identification:_identify(src/micro_ros_setup) by extensions ['colcon_meta']
[0.152s] Level 1:colcon.colcon_core.package_identification:_identify(src/micro_ros_setup) by extension 'colcon_meta'
[0.152s] Level 1:colcon.colcon_core.package_identification:_identify(src/micro_ros_setup) by extensions ['ros']
[0.152s] Level 1:colcon.colcon_core.package_identification:_identify(src/micro_ros_setup) by extension 'ros'
[0.153s] DEBUG:colcon.colcon_core.package_identification:Package 'src/micro_ros_setup' with type 'ros.ament_cmake' and name 'micro_ros_setup'
[0.153s] Level 1:colcon.colcon_core.package_identification:_identify(src/uros) by extensions ['ignore', 'ignore_ament_install']
[0.153s] Level 1:colcon.colcon_core.package_identification:_identify(src/uros) by extension 'ignore'
[0.153s] Level 1:colcon.colcon_core.package_identification:_identify(src/uros) by extension 'ignore_ament_install'
[0.153s] Level 1:colcon.colcon_core.package_identification:_identify(src/uros) by extensions ['colcon_pkg']
[0.153s] Level 1:colcon.colcon_core.package_identification:_identify(src/uros) by extension 'colcon_pkg'
[0.153s] Level 1:colcon.colcon_core.package_identification:_identify(src/uros) by extensions ['colcon_meta']
[0.153s] Level 1:colcon.colcon_core.package_identification:_identify(src/uros) by extension 'colcon_meta'
[0.153s] Level 1:colcon.colcon_core.package_identification:_identify(src/uros) by extensions ['ros']
[0.153s] Level 1:colcon.colcon_core.package_identification:_identify(src/uros) by extension 'ros'
[0.153s] Level 1:colcon.colcon_core.package_identification:_identify(src/uros) by extensions ['cmake', 'python']
[0.153s] Level 1:colcon.colcon_core.package_identification:_identify(src/uros) by extension 'cmake'
[0.154s] Level 1:colcon.colcon_core.package_identification:_identify(src/uros) by extension 'python'
[0.154s] Level 1:colcon.colcon_core.package_identification:_identify(src/uros) by extensions ['python_setup_py']
[0.154s] Level 1:colcon.colcon_core.package_identification:_identify(src/uros) by extension 'python_setup_py'
[0.154s] Level 1:colcon.colcon_core.package_identification:_identify(src/uros/drive_base) by extensions ['ignore', 'ignore_ament_install']
[0.154s] Level 1:colcon.colcon_core.package_identification:_identify(src/uros/drive_base) by extension 'ignore'
[0.154s] Level 1:colcon.colcon_core.package_identification:_identify(src/uros/drive_base) by extension 'ignore_ament_install'
[0.154s] Level 1:colcon.colcon_core.package_identification:_identify(src/uros/drive_base) by extensions ['colcon_pkg']
[0.154s] Level 1:colcon.colcon_core.package_identification:_identify(src/uros/drive_base) by extension 'colcon_pkg'
[0.154s] Level 1:colcon.colcon_core.package_identification:_identify(src/uros/drive_base) by extensions ['colcon_meta']
[0.154s] Level 1:colcon.colcon_core.package_identification:_identify(src/uros/drive_base) by extension 'colcon_meta'
[0.154s] Level 1:colcon.colcon_core.package_identification:_identify(src/uros/drive_base) by extensions ['ros']
[0.154s] Level 1:colcon.colcon_core.package_identification:_identify(src/uros/drive_base) by extension 'ros'
[0.154s] Level 1:colcon.colcon_core.package_identification:_identify(src/uros/drive_base) by extensions ['cmake', 'python']
[0.154s] Level 1:colcon.colcon_core.package_identification:_identify(src/uros/drive_base) by extension 'cmake'
[0.154s] Level 1:colcon.colcon_core.package_identification:_identify(src/uros/drive_base) by extension 'python'
[0.154s] Level 1:colcon.colcon_core.package_identification:_identify(src/uros/drive_base) by extensions ['python_setup_py']
[0.154s] Level 1:colcon.colcon_core.package_identification:_identify(src/uros/drive_base) by extension 'python_setup_py'
[0.154s] Level 1:colcon.colcon_core.package_identification:_identify(src/uros/drive_base/drive_base_msgs) by extensions ['ignore', 'ignore_ament_install']
[0.154s] Level 1:colcon.colcon_core.package_identification:_identify(src/uros/drive_base/drive_base_msgs) by extension 'ignore'
[0.154s] Level 1:colcon.colcon_core.package_identification:_identify(src/uros/drive_base/drive_base_msgs) by extension 'ignore_ament_install'
[0.154s] Level 1:colcon.colcon_core.package_identification:_identify(src/uros/drive_base/drive_base_msgs) by extensions ['colcon_pkg']
[0.154s] Level 1:colcon.colcon_core.package_identification:_identify(src/uros/drive_base/drive_base_msgs) by extension 'colcon_pkg'
[0.154s] Level 1:colcon.colcon_core.package_identification:_identify(src/uros/drive_base/drive_base_msgs) by extensions ['colcon_meta']
[0.154s] Level 1:colcon.colcon_core.package_identification:_identify(src/uros/drive_base/drive_base_msgs) by extension 'colcon_meta'
[0.154s] Level 1:colcon.colcon_core.package_identification:_identify(src/uros/drive_base/drive_base_msgs) by extensions ['ros']
[0.154s] Level 1:colcon.colcon_core.package_identification:_identify(src/uros/drive_base/drive_base_msgs) by extension 'ros'
[0.155s] DEBUG:colcon.colcon_core.package_identification:Package 'src/uros/drive_base/drive_base_msgs' with type 'ros.ament_cmake' and name 'drive_base_msgs'
[0.155s] Level 1:colcon.colcon_core.package_identification:_identify(src/uros/micro-ROS-Agent) by extensions ['ignore', 'ignore_ament_install']
[0.155s] Level 1:colcon.colcon_core.package_identification:_identify(src/uros/micro-ROS-Agent) by extension 'ignore'
[0.155s] Level 1:colcon.colcon_core.package_identification:_identify(src/uros/micro-ROS-Agent) by extension 'ignore_ament_install'
[0.155s] Level 1:colcon.colcon_core.package_identification:_identify(src/uros/micro-ROS-Agent) by extensions ['colcon_pkg']
[0.155s] Level 1:colcon.colcon_core.package_identification:_identify(src/uros/micro-ROS-Agent) by extension 'colcon_pkg'
[0.155s] Level 1:colcon.colcon_core.package_identification:_identify(src/uros/micro-ROS-Agent) by extensions ['colcon_meta']
[0.155s] Level 1:colcon.colcon_core.package_identification:_identify(src/uros/micro-ROS-Agent) by extension 'colcon_meta'
[0.155s] Level 1:colcon.colcon_core.package_identification:_identify(src/uros/micro-ROS-Agent) by extensions ['ros']
[0.155s] Level 1:colcon.colcon_core.package_identification:_identify(src/uros/micro-ROS-Agent) by extension 'ros'
[0.155s] Level 1:colcon.colcon_core.package_identification:_identify(src/uros/micro-ROS-Agent) by extensions ['cmake', 'python']
[0.155s] Level 1:colcon.colcon_core.package_identification:_identify(src/uros/micro-ROS-Agent) by extension 'cmake'
[0.155s] Level 1:colcon.colcon_core.package_identification:_identify(src/uros/micro-ROS-Agent) by extension 'python'
[0.155s] Level 1:colcon.colcon_core.package_identification:_identify(src/uros/micro-ROS-Agent) by extensions ['python_setup_py']
[0.155s] Level 1:colcon.colcon_core.package_identification:_identify(src/uros/micro-ROS-Agent) by extension 'python_setup_py'
[0.155s] Level 1:colcon.colcon_core.package_identification:_identify(src/uros/micro-ROS-Agent/micro_ros_agent) by extensions ['ignore', 'ignore_ament_install']
[0.155s] Level 1:colcon.colcon_core.package_identification:_identify(src/uros/micro-ROS-Agent/micro_ros_agent) by extension 'ignore'
[0.156s] Level 1:colcon.colcon_core.package_identification:_identify(src/uros/micro-ROS-Agent/micro_ros_agent) by extension 'ignore_ament_install'
[0.156s] Level 1:colcon.colcon_core.package_identification:_identify(src/uros/micro-ROS-Agent/micro_ros_agent) by extensions ['colcon_pkg']
[0.156s] Level 1:colcon.colcon_core.package_identification:_identify(src/uros/micro-ROS-Agent/micro_ros_agent) by extension 'colcon_pkg'
[0.156s] Level 1:colcon.colcon_core.package_identification:_identify(src/uros/micro-ROS-Agent/micro_ros_agent) by extensions ['colcon_meta']
[0.156s] Level 1:colcon.colcon_core.package_identification:_identify(src/uros/micro-ROS-Agent/micro_ros_agent) by extension 'colcon_meta'
[0.156s] Level 1:colcon.colcon_core.package_identification:_identify(src/uros/micro-ROS-Agent/micro_ros_agent) by extensions ['ros']
[0.156s] Level 1:colcon.colcon_core.package_identification:_identify(src/uros/micro-ROS-Agent/micro_ros_agent) by extension 'ros'
[0.156s] DEBUG:colcon.colcon_core.package_identification:Package 'src/uros/micro-ROS-Agent/micro_ros_agent' with type 'ros.ament_cmake' and name 'micro_ros_agent'
[0.156s] Level 1:colcon.colcon_core.package_identification:_identify(src/uros/micro-ROS-Agent/snap) by extensions ['ignore', 'ignore_ament_install']
[0.156s] Level 1:colcon.colcon_core.package_identification:_identify(src/uros/micro-ROS-Agent/snap) by extension 'ignore'
[0.156s] Level 1:colcon.colcon_core.package_identification:_identify(src/uros/micro-ROS-Agent/snap) by extension 'ignore_ament_install'
[0.157s] Level 1:colcon.colcon_core.package_identification:_identify(src/uros/micro-ROS-Agent/snap) by extensions ['colcon_pkg']
[0.157s] Level 1:colcon.colcon_core.package_identification:_identify(src/uros/micro-ROS-Agent/snap) by extension 'colcon_pkg'
[0.157s] Level 1:colcon.colcon_core.package_identification:_identify(src/uros/micro-ROS-Agent/snap) by extensions ['colcon_meta']
[0.157s] Level 1:colcon.colcon_core.package_identification:_identify(src/uros/micro-ROS-Agent/snap) by extension 'colcon_meta'
[0.157s] Level 1:colcon.colcon_core.package_identification:_identify(src/uros/micro-ROS-Agent/snap) by extensions ['ros']
[0.157s] Level 1:colcon.colcon_core.package_identification:_identify(src/uros/micro-ROS-Agent/snap) by extension 'ros'
[0.157s] Level 1:colcon.colcon_core.package_identification:_identify(src/uros/micro-ROS-Agent/snap) by extensions ['cmake', 'python']
[0.157s] Level 1:colcon.colcon_core.package_identification:_identify(src/uros/micro-ROS-Agent/snap) by extension 'cmake'
[0.157s] Level 1:colcon.colcon_core.package_identification:_identify(src/uros/micro-ROS-Agent/snap) by extension 'python'
[0.157s] Level 1:colcon.colcon_core.package_identification:_identify(src/uros/micro-ROS-Agent/snap) by extensions ['python_setup_py']
[0.157s] Level 1:colcon.colcon_core.package_identification:_identify(src/uros/micro-ROS-Agent/snap) by extension 'python_setup_py'
[0.157s] Level 1:colcon.colcon_core.package_identification:_identify(src/uros/micro-ROS-Agent/snap/hooks) by extensions ['ignore', 'ignore_ament_install']
[0.157s] Level 1:colcon.colcon_core.package_identification:_identify(src/uros/micro-ROS-Agent/snap/hooks) by extension 'ignore'
[0.157s] Level 1:colcon.colcon_core.package_identification:_identify(src/uros/micro-ROS-Agent/snap/hooks) by extension 'ignore_ament_install'
[0.157s] Level 1:colcon.colcon_core.package_identification:_identify(src/uros/micro-ROS-Agent/snap/hooks) by extensions ['colcon_pkg']
[0.157s] Level 1:colcon.colcon_core.package_identification:_identify(src/uros/micro-ROS-Agent/snap/hooks) by extension 'colcon_pkg'
[0.157s] Level 1:colcon.colcon_core.package_identification:_identify(src/uros/micro-ROS-Agent/snap/hooks) by extensions ['colcon_meta']
[0.157s] Level 1:colcon.colcon_core.package_identification:_identify(src/uros/micro-ROS-Agent/snap/hooks) by extension 'colcon_meta'
[0.157s] Level 1:colcon.colcon_core.package_identification:_identify(src/uros/micro-ROS-Agent/snap/hooks) by extensions ['ros']
[0.157s] Level 1:colcon.colcon_core.package_identification:_identify(src/uros/micro-ROS-Agent/snap/hooks) by extension 'ros'
[0.157s] Level 1:colcon.colcon_core.package_identification:_identify(src/uros/micro-ROS-Agent/snap/hooks) by extensions ['cmake', 'python']
[0.157s] Level 1:colcon.colcon_core.package_identification:_identify(src/uros/micro-ROS-Agent/snap/hooks) by extension 'cmake'
[0.157s] Level 1:colcon.colcon_core.package_identification:_identify(src/uros/micro-ROS-Agent/snap/hooks) by extension 'python'
[0.157s] Level 1:colcon.colcon_core.package_identification:_identify(src/uros/micro-ROS-Agent/snap/hooks) by extensions ['python_setup_py']
[0.157s] Level 1:colcon.colcon_core.package_identification:_identify(src/uros/micro-ROS-Agent/snap/hooks) by extension 'python_setup_py'
[0.157s] Level 1:colcon.colcon_core.package_identification:_identify(src/uros/micro-ROS-Agent/snap/local) by extensions ['ignore', 'ignore_ament_install']
[0.158s] Level 1:colcon.colcon_core.package_identification:_identify(src/uros/micro-ROS-Agent/snap/local) by extension 'ignore'
[0.158s] Level 1:colcon.colcon_core.package_identification:_identify(src/uros/micro-ROS-Agent/snap/local) by extension 'ignore_ament_install'
[0.158s] Level 1:colcon.colcon_core.package_identification:_identify(src/uros/micro-ROS-Agent/snap/local) by extensions ['colcon_pkg']
[0.158s] Level 1:colcon.colcon_core.package_identification:_identify(src/uros/micro-ROS-Agent/snap/local) by extension 'colcon_pkg'
[0.158s] Level 1:colcon.colcon_core.package_identification:_identify(src/uros/micro-ROS-Agent/snap/local) by extensions ['colcon_meta']
[0.158s] Level 1:colcon.colcon_core.package_identification:_identify(src/uros/micro-ROS-Agent/snap/local) by extension 'colcon_meta'
[0.158s] Level 1:colcon.colcon_core.package_identification:_identify(src/uros/micro-ROS-Agent/snap/local) by extensions ['ros']
[0.158s] Level 1:colcon.colcon_core.package_identification:_identify(src/uros/micro-ROS-Agent/snap/local) by extension 'ros'
[0.158s] Level 1:colcon.colcon_core.package_identification:_identify(src/uros/micro-ROS-Agent/snap/local) by extensions ['cmake', 'python']
[0.158s] Level 1:colcon.colcon_core.package_identification:_identify(src/uros/micro-ROS-Agent/snap/local) by extension 'cmake'
[0.158s] Level 1:colcon.colcon_core.package_identification:_identify(src/uros/micro-ROS-Agent/snap/local) by extension 'python'
[0.158s] Level 1:colcon.colcon_core.package_identification:_identify(src/uros/micro-ROS-Agent/snap/local) by extensions ['python_setup_py']
[0.158s] Level 1:colcon.colcon_core.package_identification:_identify(src/uros/micro-ROS-Agent/snap/local) by extension 'python_setup_py'
[0.158s] Level 1:colcon.colcon_core.package_identification:_identify(src/uros/micro_ros_msgs) by extensions ['ignore', 'ignore_ament_install']
[0.158s] Level 1:colcon.colcon_core.package_identification:_identify(src/uros/micro_ros_msgs) by extension 'ignore'
[0.158s] Level 1:colcon.colcon_core.package_identification:_identify(src/uros/micro_ros_msgs) by extension 'ignore_ament_install'
[0.158s] Level 1:colcon.colcon_core.package_identification:_identify(src/uros/micro_ros_msgs) by extensions ['colcon_pkg']
[0.158s] Level 1:colcon.colcon_core.package_identification:_identify(src/uros/micro_ros_msgs) by extension 'colcon_pkg'
[0.158s] Level 1:colcon.colcon_core.package_identification:_identify(src/uros/micro_ros_msgs) by extensions ['colcon_meta']
[0.158s] Level 1:colcon.colcon_core.package_identification:_identify(src/uros/micro_ros_msgs) by extension 'colcon_meta'
[0.158s] Level 1:colcon.colcon_core.package_identification:_identify(src/uros/micro_ros_msgs) by extensions ['ros']
[0.158s] Level 1:colcon.colcon_core.package_identification:_identify(src/uros/micro_ros_msgs) by extension 'ros'
[0.159s] DEBUG:colcon.colcon_core.package_identification:Package 'src/uros/micro_ros_msgs' with type 'ros.ament_cmake' and name 'micro_ros_msgs'
[0.159s] Level 1:colcon.colcon_core.package_discovery:discover_packages(recursive) using defaults
[0.159s] Level 1:colcon.colcon_core.package_discovery:discover_packages(ignore) discover
[0.159s] Level 1:colcon.colcon_core.package_discovery:discover_packages(ignore) using defaults
[0.159s] Level 1:colcon.colcon_core.package_discovery:discover_packages(path) discover
[0.159s] Level 1:colcon.colcon_core.package_discovery:discover_packages(path) using defaults
[0.175s] Level 1:colcon.colcon_core.package_discovery:discover_packages(prefix_path) check parameters
[0.175s] Level 1:colcon.colcon_core.package_discovery:discover_packages(prefix_path) discover
[0.177s] DEBUG:colcon.colcon_installed_package_information.package_discovery:Found 289 installed packages in /opt/ros/jazzy
[0.177s] Level 1:colcon.colcon_core.package_discovery:discover_packages(prefix_path) using defaults
[0.214s] Level 5:colcon.colcon_core.verb:set package 'drive_base_msgs' build argument 'cmake_args' from command line to 'None'
[0.214s] Level 5:colcon.colcon_core.verb:set package 'drive_base_msgs' build argument 'cmake_target' from command line to 'None'
[0.215s] Level 5:colcon.colcon_core.verb:set package 'drive_base_msgs' build argument 'cmake_target_skip_unavailable' from command line to 'False'
[0.215s] Level 5:colcon.colcon_core.verb:set package 'drive_base_msgs' build argument 'cmake_clean_cache' from command line to 'False'
[0.215s] Level 5:colcon.colcon_core.verb:set package 'drive_base_msgs' build argument 'cmake_clean_first' from command line to 'False'
[0.215s] Level 5:colcon.colcon_core.verb:set package 'drive_base_msgs' build argument 'cmake_force_configure' from command line to 'False'
[0.215s] Level 5:colcon.colcon_core.verb:set package 'drive_base_msgs' build argument 'ament_cmake_args' from command line to 'None'
[0.215s] Level 5:colcon.colcon_core.verb:set package 'drive_base_msgs' build argument 'catkin_cmake_args' from command line to 'None'
[0.215s] Level 5:colcon.colcon_core.verb:set package 'drive_base_msgs' build argument 'catkin_skip_building_tests' from command line to 'False'
[0.215s] DEBUG:colcon.colcon_core.verb:Building package 'drive_base_msgs' with the following arguments: {'ament_cmake_args': None, 'build_base': '/home/mars/Documents/Lunabotics25-26/lunabot_ws/build/drive_base_msgs', 'catkin_cmake_args': None, 'catkin_skip_building_tests': False, 'cmake_args': None, 'cmake_clean_cache': False, 'cmake_clean_first': False, 'cmake_force_configure': False, 'cmake_target': None, 'cmake_target_skip_unavailable': False, 'install_base': '/home/mars/Documents/Lunabotics25-26/lunabot_ws/install/drive_base_msgs', 'merge_install': False, 'path': '/home/mars/Documents/Lunabotics25-26/lunabot_ws/src/uros/drive_base/drive_base_msgs', 'symlink_install': False, 'test_result_base': None}
[0.215s] Level 5:colcon.colcon_core.verb:set package 'lunabot_bringup' build argument 'cmake_args' from command line to 'None'
[0.215s] Level 5:colcon.colcon_core.verb:set package 'lunabot_bringup' build argument 'cmake_target' from command line to 'None'
[0.215s] Level 5:colcon.colcon_core.verb:set package 'lunabot_bringup' build argument 'cmake_target_skip_unavailable' from command line to 'False'
[0.215s] Level 5:colcon.colcon_core.verb:set package 'lunabot_bringup' build argument 'cmake_clean_cache' from command line to 'False'
[0.215s] Level 5:colcon.colcon_core.verb:set package 'lunabot_bringup' build argument 'cmake_clean_first' from command line to 'False'
[0.215s] Level 5:colcon.colcon_core.verb:set package 'lunabot_bringup' build argument 'cmake_force_configure' from command line to 'False'
[0.215s] Level 5:colcon.colcon_core.verb:set package 'lunabot_bringup' build argument 'ament_cmake_args' from command line to 'None'
[0.215s] Level 5:colcon.colcon_core.verb:set package 'lunabot_bringup' build argument 'catkin_cmake_args' from command line to 'None'
[0.215s] Level 5:colcon.colcon_core.verb:set package 'lunabot_bringup' build argument 'catkin_skip_building_tests' from command line to 'False'
[0.215s] DEBUG:colcon.colcon_core.verb:Building package 'lunabot_bringup' with the following arguments: {'ament_cmake_args': None, 'build_base': '/home/mars/Documents/Lunabotics25-26/lunabot_ws/build/lunabot_bringup', 'catkin_cmake_args': None, 'catkin_skip_building_tests': False, 'cmake_args': None, 'cmake_clean_cache': False, 'cmake_clean_first': False, 'cmake_force_configure': False, 'cmake_target': None, 'cmake_target_skip_unavailable': False, 'install_base': '/home/mars/Documents/Lunabotics25-26/lunabot_ws/install/lunabot_bringup', 'merge_install': False, 'path': '/home/mars/Documents/Lunabotics25-26/lunabot_ws/src/lunabot_bringup', 'symlink_install': False, 'test_result_base': None}
[0.215s] Level 5:colcon.colcon_core.verb:set package 'lunabot_hardware' build argument 'cmake_args' from command line to 'None'
[0.215s] Level 5:colcon.colcon_core.verb:set package 'lunabot_hardware' build argument 'cmake_target' from command line to 'None'
[0.215s] Level 5:colcon.colcon_core.verb:set package 'lunabot_hardware' build argument 'cmake_target_skip_unavailable' from command line to 'False'
[0.215s] Level 5:colcon.colcon_core.verb:set package 'lunabot_hardware' build argument 'cmake_clean_cache' from command line to 'False'
[0.215s] Level 5:colcon.colcon_core.verb:set package 'lunabot_hardware' build argument 'cmake_clean_first' from command line to 'False'
[0.215s] Level 5:colcon.colcon_core.verb:set package 'lunabot_hardware' build argument 'cmake_force_configure' from command line to 'False'
[0.215s] Level 5:colcon.colcon_core.verb:set package 'lunabot_hardware' build argument 'ament_cmake_args' from command line to 'None'
[0.215s] Level 5:colcon.colcon_core.verb:set package 'lunabot_hardware' build argument 'catkin_cmake_args' from command line to 'None'
[0.215s] Level 5:colcon.colcon_core.verb:set package 'lunabot_hardware' build argument 'catkin_skip_building_tests' from command line to 'False'
[0.215s] DEBUG:colcon.colcon_core.verb:Building package 'lunabot_hardware' with the following arguments: {'ament_cmake_args': None, 'build_base': '/home/mars/Documents/Lunabotics25-26/lunabot_ws/build/lunabot_hardware', 'catkin_cmake_args': None, 'catkin_skip_building_tests': False, 'cmake_args': None, 'cmake_clean_cache': False, 'cmake_clean_first': False, 'cmake_force_configure': False, 'cmake_target': None, 'cmake_target_skip_unavailable': False, 'install_base': '/home/mars/Documents/Lunabotics25-26/lunabot_ws/install/lunabot_hardware', 'merge_install': False, 'path': '/home/mars/Documents/Lunabotics25-26/lunabot_ws/src/lunabot_hardware', 'symlink_install': False, 'test_result_base': None}
[0.216s] Level 5:colcon.colcon_core.verb:set package 'lunabot_teleop' build argument 'cmake_args' from command line to 'None'
[0.216s] Level 5:colcon.colcon_core.verb:set package 'lunabot_teleop' build argument 'cmake_target' from command line to 'None'
[0.216s] Level 5:colcon.colcon_core.verb:set package 'lunabot_teleop' build argument 'cmake_target_skip_unavailable' from command line to 'False'
[0.216s] Level 5:colcon.colcon_core.verb:set package 'lunabot_teleop' build argument 'cmake_clean_cache' from command line to 'False'
[0.216s] Level 5:colcon.colcon_core.verb:set package 'lunabot_teleop' build argument 'cmake_clean_first' from command line to 'False'
[0.216s] Level 5:colcon.colcon_core.verb:set package 'lunabot_teleop' build argument 'cmake_force_configure' from command line to 'False'
[0.216s] Level 5:colcon.colcon_core.verb:set package 'lunabot_teleop' build argument 'ament_cmake_args' from command line to 'None'
[0.216s] Level 5:colcon.colcon_core.verb:set package 'lunabot_teleop' build argument 'catkin_cmake_args' from command line to 'None'
[0.216s] Level 5:colcon.colcon_core.verb:set package 'lunabot_teleop' build argument 'catkin_skip_building_tests' from command line to 'False'
[0.216s] DEBUG:colcon.colcon_core.verb:Building package 'lunabot_teleop' with the following arguments: {'ament_cmake_args': None, 'build_base': '/home/mars/Documents/Lunabotics25-26/lunabot_ws/build/lunabot_teleop', 'catkin_cmake_args': None, 'catkin_skip_building_tests': False, 'cmake_args': None, 'cmake_clean_cache': False, 'cmake_clean_first': False, 'cmake_force_configure': False, 'cmake_target': None, 'cmake_target_skip_unavailable': False, 'install_base': '/home/mars/Documents/Lunabotics25-26/lunabot_ws/install/lunabot_teleop', 'merge_install': False, 'path': '/home/mars/Documents/Lunabotics25-26/lunabot_ws/src/lunabot_teleop', 'symlink_install': False, 'test_result_base': None}
[0.216s] Level 5:colcon.colcon_core.verb:set package 'lunabot_test_teensy' build argument 'cmake_args' from command line to 'None'
[0.216s] Level 5:colcon.colcon_core.verb:set package 'lunabot_test_teensy' build argument 'cmake_target' from command line to 'None'
[0.216s] Level 5:colcon.colcon_core.verb:set package 'lunabot_test_teensy' build argument 'cmake_target_skip_unavailable' from command line to 'False'
[0.216s] Level 5:colcon.colcon_core.verb:set package 'lunabot_test_teensy' build argument 'cmake_clean_cache' from command line to 'False'
[0.216s] Level 5:colcon.colcon_core.verb:set package 'lunabot_test_teensy' build argument 'cmake_clean_first' from command line to 'False'
[0.216s] Level 5:colcon.colcon_core.verb:set package 'lunabot_test_teensy' build argument 'cmake_force_configure' from command line to 'False'
[0.216s] Level 5:colcon.colcon_core.verb:set package 'lunabot_test_teensy' build argument 'ament_cmake_args' from command line to 'None'
[0.216s] Level 5:colcon.colcon_core.verb:set package 'lunabot_test_teensy' build argument 'catkin_cmake_args' from command line to 'None'
[0.216s] Level 5:colcon.colcon_core.verb:set package 'lunabot_test_teensy' build argument 'catkin_skip_building_tests' from command line to 'False'
[0.216s] DEBUG:colcon.colcon_core.verb:Building package 'lunabot_test_teensy' with the following arguments: {'ament_cmake_args': None, 'build_base': '/home/mars/Documents/Lunabotics25-26/lunabot_ws/build/lunabot_test_teensy', 'catkin_cmake_args': None, 'catkin_skip_building_tests': False, 'cmake_args': None, 'cmake_clean_cache': False, 'cmake_clean_first': False, 'cmake_force_configure': False, 'cmake_target': None, 'cmake_target_skip_unavailable': False, 'install_base': '/home/mars/Documents/Lunabotics25-26/lunabot_ws/install/lunabot_test_teensy', 'merge_install': False, 'path': '/home/mars/Documents/Lunabotics25-26/lunabot_ws/src/lunabot_test_teensy', 'symlink_install': False, 'test_result_base': None}
[0.216s] Level 5:colcon.colcon_core.verb:set package 'micro_ros_msgs' build argument 'cmake_args' from command line to 'None'
[0.216s] Level 5:colcon.colcon_core.verb:set package 'micro_ros_msgs' build argument 'cmake_target' from command line to 'None'
[0.216s] Level 5:colcon.colcon_core.verb:set package 'micro_ros_msgs' build argument 'cmake_target_skip_unavailable' from command line to 'False'
[0.216s] Level 5:colcon.colcon_core.verb:set package 'micro_ros_msgs' build argument 'cmake_clean_cache' from command line to 'False'
[0.216s] Level 5:colcon.colcon_core.verb:set package 'micro_ros_msgs' build argument 'cmake_clean_first' from command line to 'False'
[0.216s] Level 5:colcon.colcon_core.verb:set package 'micro_ros_msgs' build argument 'cmake_force_configure' from command line to 'False'
[0.216s] Level 5:colcon.colcon_core.verb:set package 'micro_ros_msgs' build argument 'ament_cmake_args' from command line to 'None'
[0.216s] Level 5:colcon.colcon_core.verb:set package 'micro_ros_msgs' build argument 'catkin_cmake_args' from command line to 'None'
[0.216s] Level 5:colcon.colcon_core.verb:set package 'micro_ros_msgs' build argument 'catkin_skip_building_tests' from command line to 'False'
[0.216s] DEBUG:colcon.colcon_core.verb:Building package 'micro_ros_msgs' with the following arguments: {'ament_cmake_args': None, 'build_base': '/home/mars/Documents/Lunabotics25-26/lunabot_ws/build/micro_ros_msgs', 'catkin_cmake_args': None, 'catkin_skip_building_tests': False, 'cmake_args': None, 'cmake_clean_cache': False, 'cmake_clean_first': False, 'cmake_force_configure': False, 'cmake_target': None, 'cmake_target_skip_unavailable': False, 'install_base': '/home/mars/Documents/Lunabotics25-26/lunabot_ws/install/micro_ros_msgs', 'merge_install': False, 'path': '/home/mars/Documents/Lunabotics25-26/lunabot_ws/src/uros/micro_ros_msgs', 'symlink_install': False, 'test_result_base': None}
[0.217s] Level 5:colcon.colcon_core.verb:set package 'micro_ros_setup' build argument 'cmake_args' from command line to 'None'
[0.217s] Level 5:colcon.colcon_core.verb:set package 'micro_ros_setup' build argument 'cmake_target' from command line to 'None'
[0.217s] Level 5:colcon.colcon_core.verb:set package 'micro_ros_setup' build argument 'cmake_target_skip_unavailable' from command line to 'False'
[0.217s] Level 5:colcon.colcon_core.verb:set package 'micro_ros_setup' build argument 'cmake_clean_cache' from command line to 'False'
[0.217s] Level 5:colcon.colcon_core.verb:set package 'micro_ros_setup' build argument 'cmake_clean_first' from command line to 'False'
[0.217s] Level 5:colcon.colcon_core.verb:set package 'micro_ros_setup' build argument 'cmake_force_configure' from command line to 'False'
[0.217s] Level 5:colcon.colcon_core.verb:set package 'micro_ros_setup' build argument 'ament_cmake_args' from command line to 'None'
[0.217s] Level 5:colcon.colcon_core.verb:set package 'micro_ros_setup' build argument 'catkin_cmake_args' from command line to 'None'
[0.217s] Level 5:colcon.colcon_core.verb:set package 'micro_ros_setup' build argument 'catkin_skip_building_tests' from command line to 'False'
[0.217s] DEBUG:colcon.colcon_core.verb:Building package 'micro_ros_setup' with the following arguments: {'ament_cmake_args': None, 'build_base': '/home/mars/Documents/Lunabotics25-26/lunabot_ws/build/micro_ros_setup', 'catkin_cmake_args': None, 'catkin_skip_building_tests': False, 'cmake_args': None, 'cmake_clean_cache': False, 'cmake_clean_first': False, 'cmake_force_configure': False, 'cmake_target': None, 'cmake_target_skip_unavailable': False, 'install_base': '/home/mars/Documents/Lunabotics25-26/lunabot_ws/install/micro_ros_setup', 'merge_install': False, 'path': '/home/mars/Documents/Lunabotics25-26/lunabot_ws/src/micro_ros_setup', 'symlink_install': False, 'test_result_base': None}
[0.217s] Level 5:colcon.colcon_core.verb:set package 'micro_ros_agent' build argument 'cmake_args' from command line to 'None'
[0.217s] Level 5:colcon.colcon_core.verb:set package 'micro_ros_agent' build argument 'cmake_target' from command line to 'None'
[0.217s] Level 5:colcon.colcon_core.verb:set package 'micro_ros_agent' build argument 'cmake_target_skip_unavailable' from command line to 'False'
[0.217s] Level 5:colcon.colcon_core.verb:set package 'micro_ros_agent' build argument 'cmake_clean_cache' from command line to 'False'
[0.217s] Level 5:colcon.colcon_core.verb:set package 'micro_ros_agent' build argument 'cmake_clean_first' from command line to 'False'
[0.217s] Level 5:colcon.colcon_core.verb:set package 'micro_ros_agent' build argument 'cmake_force_configure' from command line to 'False'
[0.217s] Level 5:colcon.colcon_core.verb:set package 'micro_ros_agent' build argument 'ament_cmake_args' from command line to 'None'
[0.217s] Level 5:colcon.colcon_core.verb:set package 'micro_ros_agent' build argument 'catkin_cmake_args' from command line to 'None'
[0.217s] Level 5:colcon.colcon_core.verb:set package 'micro_ros_agent' build argument 'catkin_skip_building_tests' from command line to 'False'
[0.217s] DEBUG:colcon.colcon_core.verb:Building package 'micro_ros_agent' with the following arguments: {'ament_cmake_args': None, 'build_base': '/home/mars/Documents/Lunabotics25-26/lunabot_ws/build/micro_ros_agent', 'catkin_cmake_args': None, 'catkin_skip_building_tests': False, 'cmake_args': None, 'cmake_clean_cache': False, 'cmake_clean_first': False, 'cmake_force_configure': False, 'cmake_target': None, 'cmake_target_skip_unavailable': False, 'install_base': '/home/mars/Documents/Lunabotics25-26/lunabot_ws/install/micro_ros_agent', 'merge_install': False, 'path': '/home/mars/Documents/Lunabotics25-26/lunabot_ws/src/uros/micro-ROS-Agent/micro_ros_agent', 'symlink_install': False, 'test_result_base': None}
[0.217s] INFO:colcon.colcon_core.executor:Executing jobs using 'parallel' executor
[0.218s] DEBUG:colcon.colcon_parallel_executor.executor.parallel:run_until_complete
[0.218s] INFO:colcon.colcon_ros.task.ament_cmake.build:Building ROS package in '/home/mars/Documents/Lunabotics25-26/lunabot_ws/src/uros/micro_ros_msgs' with build type 'ament_cmake'
[0.218s] INFO:colcon.colcon_cmake.task.cmake.build:Building CMake package in '/home/mars/Documents/Lunabotics25-26/lunabot_ws/src/uros/micro_ros_msgs'
[0.221s] INFO:colcon.colcon_core.plugin_system:Skipping extension 'colcon_core.shell.bat': Not used on non-Windows systems
[0.221s] INFO:colcon.colcon_core.shell:Skip shell extension 'powershell' for command environment: Not usable outside of PowerShell
[0.221s] DEBUG:colcon.colcon_core.shell:Skip shell extension 'dsv' for command environment
[0.225s] INFO:colcon.colcon_ros.task.ament_cmake.build:Building ROS package in '/home/mars/Documents/Lunabotics25-26/lunabot_ws/src/uros/drive_base/drive_base_msgs' with build type 'ament_cmake'
[0.225s] INFO:colcon.colcon_cmake.task.cmake.build:Building CMake package in '/home/mars/Documents/Lunabotics25-26/lunabot_ws/src/uros/drive_base/drive_base_msgs'
[0.225s] INFO:colcon.colcon_core.shell:Skip shell extension 'powershell' for command environment: Not usable outside of PowerShell
[0.225s] DEBUG:colcon.colcon_core.shell:Skip shell extension 'dsv' for command environment
[0.228s] INFO:colcon.colcon_ros.task.ament_cmake.build:Building ROS package in '/home/mars/Documents/Lunabotics25-26/lunabot_ws/src/lunabot_bringup' with build type 'ament_cmake'
[0.228s] INFO:colcon.colcon_cmake.task.cmake.build:Building CMake package in '/home/mars/Documents/Lunabotics25-26/lunabot_ws/src/lunabot_bringup'
[0.228s] INFO:colcon.colcon_core.shell:Skip shell extension 'powershell' for command environment: Not usable outside of PowerShell
[0.228s] DEBUG:colcon.colcon_core.shell:Skip shell extension 'dsv' for command environment
[0.231s] INFO:colcon.colcon_ros.task.ament_cmake.build:Building ROS package in '/home/mars/Documents/Lunabotics25-26/lunabot_ws/src/lunabot_hardware' with build type 'ament_cmake'
[0.231s] INFO:colcon.colcon_cmake.task.cmake.build:Building CMake package in '/home/mars/Documents/Lunabotics25-26/lunabot_ws/src/lunabot_hardware'
[0.232s] INFO:colcon.colcon_core.shell:Skip shell extension 'powershell' for command environment: Not usable outside of PowerShell
[0.232s] DEBUG:colcon.colcon_core.shell:Skip shell extension 'dsv' for command environment
[0.237s] DEBUG:colcon.colcon_core.event_handler.log_command:Invoking command in '/home/mars/Documents/Lunabotics25-26/lunabot_ws/build/micro_ros_msgs': CMAKE_PREFIX_PATH=${CMAKE_PREFIX_PATH}:/opt/ros/jazzy DEBUGINFOD_URLS=https://debuginfod.ubuntu.com /usr/bin/cmake --build /home/mars/Documents/Lunabotics25-26/lunabot_ws/build/micro_ros_msgs -- -j4 -l4
[0.239s] DEBUG:colcon.colcon_core.event_handler.log_command:Invoking command in '/home/mars/Documents/Lunabotics25-26/lunabot_ws/build/drive_base_msgs': CMAKE_PREFIX_PATH=${CMAKE_PREFIX_PATH}:/opt/ros/jazzy DEBUGINFOD_URLS=https://debuginfod.ubuntu.com /usr/bin/cmake --build /home/mars/Documents/Lunabotics25-26/lunabot_ws/build/drive_base_msgs -- -j4 -l4
[0.241s] DEBUG:colcon.colcon_core.event_handler.log_command:Invoking command in '/home/mars/Documents/Lunabotics25-26/lunabot_ws/build/lunabot_bringup': CMAKE_PREFIX_PATH=${CMAKE_PREFIX_PATH}:/opt/ros/jazzy DEBUGINFOD_URLS=https://debuginfod.ubuntu.com /usr/bin/cmake /home/mars/Documents/Lunabotics25-26/lunabot_ws/src/lunabot_bringup -DCMAKE_INSTALL_PREFIX=/home/mars/Documents/Lunabotics25-26/lunabot_ws/install/lunabot_bringup
[0.250s] DEBUG:colcon.colcon_core.event_handler.log_command:Invoking command in '/home/mars/Documents/Lunabotics25-26/lunabot_ws/build/lunabot_hardware': CMAKE_PREFIX_PATH=${CMAKE_PREFIX_PATH}:/opt/ros/jazzy DEBUGINFOD_URLS=https://debuginfod.ubuntu.com /usr/bin/cmake --build /home/mars/Documents/Lunabotics25-26/lunabot_ws/build/lunabot_hardware -- -j4 -l4
[0.293s] DEBUG:colcon.colcon_core.event_handler.log_command:Invoked command in '/home/mars/Documents/Lunabotics25-26/lunabot_ws/build/lunabot_hardware' returned '0': CMAKE_PREFIX_PATH=${CMAKE_PREFIX_PATH}:/opt/ros/jazzy DEBUGINFOD_URLS=https://debuginfod.ubuntu.com /usr/bin/cmake --build /home/mars/Documents/Lunabotics25-26/lunabot_ws/build/lunabot_hardware -- -j4 -l4
[0.304s] DEBUG:colcon.colcon_core.event_handler.log_command:Invoking command in '/home/mars/Documents/Lunabotics25-26/lunabot_ws/build/lunabot_hardware': CMAKE_PREFIX_PATH=${CMAKE_PREFIX_PATH}:/opt/ros/jazzy DEBUGINFOD_URLS=https://debuginfod.ubuntu.com /usr/bin/cmake --install /home/mars/Documents/Lunabotics25-26/lunabot_ws/build/lunabot_hardware
[0.339s] Level 1:colcon.colcon_core.environment:create_environment_scripts_only(lunabot_hardware)
[0.342s] DEBUG:colcon.colcon_core.event_handler.log_command:Invoked command in '/home/mars/Documents/Lunabotics25-26/lunabot_ws/build/lunabot_hardware' returned '0': CMAKE_PREFIX_PATH=${CMAKE_PREFIX_PATH}:/opt/ros/jazzy DEBUGINFOD_URLS=https://debuginfod.ubuntu.com /usr/bin/cmake --install /home/mars/Documents/Lunabotics25-26/lunabot_ws/build/lunabot_hardware
[0.342s] Level 1:colcon.colcon_core.environment:checking '/home/mars/Documents/Lunabotics25-26/lunabot_ws/install/lunabot_hardware' for CMake module files
[0.343s] Level 1:colcon.colcon_core.environment:checking '/home/mars/Documents/Lunabotics25-26/lunabot_ws/install/lunabot_hardware' for CMake config files
[0.343s] Level 1:colcon.colcon_core.shell:create_environment_hook('lunabot_hardware', 'cmake_prefix_path')
[0.343s] INFO:colcon.colcon_core.shell:Creating environment hook '/home/mars/Documents/Lunabotics25-26/lunabot_ws/install/lunabot_hardware/share/lunabot_hardware/hook/cmake_prefix_path.ps1'
[0.344s] INFO:colcon.colcon_core.shell:Creating environment descriptor '/home/mars/Documents/Lunabotics25-26/lunabot_ws/install/lunabot_hardware/share/lunabot_hardware/hook/cmake_prefix_path.dsv'
[0.345s] INFO:colcon.colcon_core.shell:Creating environment hook '/home/mars/Documents/Lunabotics25-26/lunabot_ws/install/lunabot_hardware/share/lunabot_hardware/hook/cmake_prefix_path.sh'
[0.346s] Level 1:colcon.colcon_core.environment:checking '/home/mars/Documents/Lunabotics25-26/lunabot_ws/install/lunabot_hardware/bin'
[0.346s] Level 1:colcon.colcon_core.environment:checking '/home/mars/Documents/Lunabotics25-26/lunabot_ws/install/lunabot_hardware/lib/pkgconfig/lunabot_hardware.pc'
[0.346s] Level 1:colcon.colcon_core.environment:checking '/home/mars/Documents/Lunabotics25-26/lunabot_ws/install/lunabot_hardware/lib/python3.12/site-packages'
[0.346s] Level 1:colcon.colcon_core.environment:checking '/home/mars/Documents/Lunabotics25-26/lunabot_ws/install/lunabot_hardware/bin'
[0.347s] INFO:colcon.colcon_core.shell:Creating package script '/home/mars/Documents/Lunabotics25-26/lunabot_ws/install/lunabot_hardware/share/lunabot_hardware/package.ps1'
[0.348s] INFO:colcon.colcon_core.shell:Creating package descriptor '/home/mars/Documents/Lunabotics25-26/lunabot_ws/install/lunabot_hardware/share/lunabot_hardware/package.dsv'
[0.348s] INFO:colcon.colcon_core.shell:Creating package script '/home/mars/Documents/Lunabotics25-26/lunabot_ws/install/lunabot_hardware/share/lunabot_hardware/package.sh'
[0.349s] INFO:colcon.colcon_core.shell:Creating package script '/home/mars/Documents/Lunabotics25-26/lunabot_ws/install/lunabot_hardware/share/lunabot_hardware/package.bash'
[0.349s] INFO:colcon.colcon_core.shell:Creating package script '/home/mars/Documents/Lunabotics25-26/lunabot_ws/install/lunabot_hardware/share/lunabot_hardware/package.zsh'
[0.350s] Level 1:colcon.colcon_core.environment:create_file_with_runtime_dependencies(/home/mars/Documents/Lunabotics25-26/lunabot_ws/install/lunabot_hardware/share/colcon-core/packages/lunabot_hardware)
[0.351s] Level 1:colcon.colcon_core.environment:create_environment_scripts_only(lunabot_hardware)
[0.351s] Level 1:colcon.colcon_core.environment:checking '/home/mars/Documents/Lunabotics25-26/lunabot_ws/install/lunabot_hardware' for CMake module files
[0.352s] Level 1:colcon.colcon_core.environment:checking '/home/mars/Documents/Lunabotics25-26/lunabot_ws/install/lunabot_hardware' for CMake config files
[0.352s] Level 1:colcon.colcon_core.shell:create_environment_hook('lunabot_hardware', 'cmake_prefix_path')
[0.352s] INFO:colcon.colcon_core.shell:Creating environment hook '/home/mars/Documents/Lunabotics25-26/lunabot_ws/install/lunabot_hardware/share/lunabot_hardware/hook/cmake_prefix_path.ps1'
[0.353s] INFO:colcon.colcon_core.shell:Creating environment descriptor '/home/mars/Documents/Lunabotics25-26/lunabot_ws/install/lunabot_hardware/share/lunabot_hardware/hook/cmake_prefix_path.dsv'
[0.353s] INFO:colcon.colcon_core.shell:Creating environment hook '/home/mars/Documents/Lunabotics25-26/lunabot_ws/install/lunabot_hardware/share/lunabot_hardware/hook/cmake_prefix_path.sh'
[0.354s] Level 1:colcon.colcon_core.environment:checking '/home/mars/Documents/Lunabotics25-26/lunabot_ws/install/lunabot_hardware/bin'
[0.354s] Level 1:colcon.colcon_core.environment:checking '/home/mars/Documents/Lunabotics25-26/lunabot_ws/install/lunabot_hardware/lib/pkgconfig/lunabot_hardware.pc'
[0.354s] Level 1:colcon.colcon_core.environment:checking '/home/mars/Documents/Lunabotics25-26/lunabot_ws/install/lunabot_hardware/lib/python3.12/site-packages'
[0.354s] Level 1:colcon.colcon_core.environment:checking '/home/mars/Documents/Lunabotics25-26/lunabot_ws/install/lunabot_hardware/bin'
[0.355s] INFO:colcon.colcon_core.shell:Creating package script '/home/mars/Documents/Lunabotics25-26/lunabot_ws/install/lunabot_hardware/share/lunabot_hardware/package.ps1'
[0.355s] INFO:colcon.colcon_core.shell:Creating package descriptor '/home/mars/Documents/Lunabotics25-26/lunabot_ws/install/lunabot_hardware/share/lunabot_hardware/package.dsv'
[0.356s] INFO:colcon.colcon_core.shell:Creating package script '/home/mars/Documents/Lunabotics25-26/lunabot_ws/install/lunabot_hardware/share/lunabot_hardware/package.sh'
[0.356s] INFO:colcon.colcon_core.shell:Creating package script '/home/mars/Documents/Lunabotics25-26/lunabot_ws/install/lunabot_hardware/share/lunabot_hardware/package.bash'
[0.357s] INFO:colcon.colcon_core.shell:Creating package script '/home/mars/Documents/Lunabotics25-26/lunabot_ws/install/lunabot_hardware/share/lunabot_hardware/package.zsh'
[0.357s] Level 1:colcon.colcon_core.environment:create_file_with_runtime_dependencies(/home/mars/Documents/Lunabotics25-26/lunabot_ws/install/lunabot_hardware/share/colcon-core/packages/lunabot_hardware)
[0.361s] INFO:colcon.colcon_ros.task.ament_cmake.build:Building ROS package in '/home/mars/Documents/Lunabotics25-26/lunabot_ws/src/lunabot_teleop' with build type 'ament_cmake'
[0.362s] INFO:colcon.colcon_cmake.task.cmake.build:Building CMake package in '/home/mars/Documents/Lunabotics25-26/lunabot_ws/src/lunabot_teleop'
[0.362s] INFO:colcon.colcon_core.shell:Skip shell extension 'powershell' for command environment: Not usable outside of PowerShell
[0.362s] DEBUG:colcon.colcon_core.shell:Skip shell extension 'dsv' for command environment
[0.377s] DEBUG:colcon.colcon_core.event_handler.log_command:Invoking command in '/home/mars/Documents/Lunabotics25-26/lunabot_ws/build/lunabot_teleop': CMAKE_PREFIX_PATH=${CMAKE_PREFIX_PATH}:/opt/ros/jazzy DEBUGINFOD_URLS=https://debuginfod.ubuntu.com /usr/bin/cmake --build /home/mars/Documents/Lunabotics25-26/lunabot_ws/build/lunabot_teleop -- -j4 -l4
[0.544s] DEBUG:colcon.colcon_core.event_handler.log_command:Invoked command in '/home/mars/Documents/Lunabotics25-26/lunabot_ws/build/lunabot_teleop' returned '0': CMAKE_PREFIX_PATH=${CMAKE_PREFIX_PATH}:/opt/ros/jazzy DEBUGINFOD_URLS=https://debuginfod.ubuntu.com /usr/bin/cmake --build /home/mars/Documents/Lunabotics25-26/lunabot_ws/build/lunabot_teleop -- -j4 -l4
[0.545s] DEBUG:colcon.colcon_core.event_handler.log_command:Invoking command in '/home/mars/Documents/Lunabotics25-26/lunabot_ws/build/lunabot_teleop': CMAKE_PREFIX_PATH=${CMAKE_PREFIX_PATH}:/opt/ros/jazzy DEBUGINFOD_URLS=https://debuginfod.ubuntu.com /usr/bin/cmake --install /home/mars/Documents/Lunabotics25-26/lunabot_ws/build/lunabot_teleop
[0.565s] Level 1:colcon.colcon_core.environment:create_environment_scripts_only(lunabot_teleop)
[0.566s] Level 1:colcon.colcon_core.environment:checking '/home/mars/Documents/Lunabotics25-26/lunabot_ws/install/lunabot_teleop' for CMake module files
[0.566s] Level 1:colcon.colcon_core.environment:checking '/home/mars/Documents/Lunabotics25-26/lunabot_ws/install/lunabot_teleop' for CMake config files
[0.566s] Level 1:colcon.colcon_core.shell:create_environment_hook('lunabot_teleop', 'cmake_prefix_path')
[0.567s] INFO:colcon.colcon_core.shell:Creating environment hook '/home/mars/Documents/Lunabotics25-26/lunabot_ws/install/lunabot_teleop/share/lunabot_teleop/hook/cmake_prefix_path.ps1'
[0.570s] INFO:colcon.colcon_core.shell:Creating environment descriptor '/home/mars/Documents/Lunabotics25-26/lunabot_ws/install/lunabot_teleop/share/lunabot_teleop/hook/cmake_prefix_path.dsv'
[0.570s] DEBUG:colcon.colcon_core.event_handler.log_command:Invoked command in '/home/mars/Documents/Lunabotics25-26/lunabot_ws/build/lunabot_teleop' returned '0': CMAKE_PREFIX_PATH=${CMAKE_PREFIX_PATH}:/opt/ros/jazzy DEBUGINFOD_URLS=https://debuginfod.ubuntu.com /usr/bin/cmake --install /home/mars/Documents/Lunabotics25-26/lunabot_ws/build/lunabot_teleop
[0.571s] INFO:colcon.colcon_core.shell:Creating environment hook '/home/mars/Documents/Lunabotics25-26/lunabot_ws/install/lunabot_teleop/share/lunabot_teleop/hook/cmake_prefix_path.sh'
[0.574s] Level 1:colcon.colcon_core.environment:checking '/home/mars/Documents/Lunabotics25-26/lunabot_ws/install/lunabot_teleop/lib'
[0.574s] Level 1:colcon.colcon_core.environment:checking '/home/mars/Documents/Lunabotics25-26/lunabot_ws/install/lunabot_teleop/bin'
[0.574s] Level 1:colcon.colcon_core.environment:checking '/home/mars/Documents/Lunabotics25-26/lunabot_ws/install/lunabot_teleop/lib/pkgconfig/lunabot_teleop.pc'
[0.574s] Level 1:colcon.colcon_core.environment:checking '/home/mars/Documents/Lunabotics25-26/lunabot_ws/install/lunabot_teleop/lib/python3.12/site-packages'
[0.575s] Level 1:colcon.colcon_core.environment:checking '/home/mars/Documents/Lunabotics25-26/lunabot_ws/install/lunabot_teleop/bin'
[0.575s] INFO:colcon.colcon_core.shell:Creating package script '/home/mars/Documents/Lunabotics25-26/lunabot_ws/install/lunabot_teleop/share/lunabot_teleop/package.ps1'
[0.576s] INFO:colcon.colcon_core.shell:Creating package descriptor '/home/mars/Documents/Lunabotics25-26/lunabot_ws/install/lunabot_teleop/share/lunabot_teleop/package.dsv'
[0.576s] INFO:colcon.colcon_core.shell:Creating package script '/home/mars/Documents/Lunabotics25-26/lunabot_ws/install/lunabot_teleop/share/lunabot_teleop/package.sh'
[0.580s] INFO:colcon.colcon_core.shell:Creating package script '/home/mars/Documents/Lunabotics25-26/lunabot_ws/install/lunabot_teleop/share/lunabot_teleop/package.bash'
[0.580s] INFO:colcon.colcon_core.shell:Creating package script '/home/mars/Documents/Lunabotics25-26/lunabot_ws/install/lunabot_teleop/share/lunabot_teleop/package.zsh'
[0.581s] Level 1:colcon.colcon_core.environment:create_file_with_runtime_dependencies(/home/mars/Documents/Lunabotics25-26/lunabot_ws/install/lunabot_teleop/share/colcon-core/packages/lunabot_teleop)
[0.581s] Level 1:colcon.colcon_core.environment:create_environment_scripts_only(lunabot_teleop)
[0.582s] Level 1:colcon.colcon_core.environment:checking '/home/mars/Documents/Lunabotics25-26/lunabot_ws/install/lunabot_teleop' for CMake module files
[0.582s] Level 1:colcon.colcon_core.environment:checking '/home/mars/Documents/Lunabotics25-26/lunabot_ws/install/lunabot_teleop' for CMake config files
[0.582s] Level 1:colcon.colcon_core.shell:create_environment_hook('lunabot_teleop', 'cmake_prefix_path')
[0.582s] INFO:colcon.colcon_core.shell:Creating environment hook '/home/mars/Documents/Lunabotics25-26/lunabot_ws/install/lunabot_teleop/share/lunabot_teleop/hook/cmake_prefix_path.ps1'
[0.584s] INFO:colcon.colcon_core.shell:Creating environment descriptor '/home/mars/Documents/Lunabotics25-26/lunabot_ws/install/lunabot_teleop/share/lunabot_teleop/hook/cmake_prefix_path.dsv'
[0.585s] INFO:colcon.colcon_core.shell:Creating environment hook '/home/mars/Documents/Lunabotics25-26/lunabot_ws/install/lunabot_teleop/share/lunabot_teleop/hook/cmake_prefix_path.sh'
[0.587s] Level 1:colcon.colcon_core.environment:checking '/home/mars/Documents/Lunabotics25-26/lunabot_ws/install/lunabot_teleop/lib'
[0.587s] Level 1:colcon.colcon_core.environment:checking '/home/mars/Documents/Lunabotics25-26/lunabot_ws/install/lunabot_teleop/bin'
[0.587s] Level 1:colcon.colcon_core.environment:checking '/home/mars/Documents/Lunabotics25-26/lunabot_ws/install/lunabot_teleop/lib/pkgconfig/lunabot_teleop.pc'
[0.587s] Level 1:colcon.colcon_core.environment:checking '/home/mars/Documents/Lunabotics25-26/lunabot_ws/install/lunabot_teleop/lib/python3.12/site-packages'
[0.588s] Level 1:colcon.colcon_core.environment:checking '/home/mars/Documents/Lunabotics25-26/lunabot_ws/install/lunabot_teleop/bin'
[0.589s] INFO:colcon.colcon_core.shell:Creating package script '/home/mars/Documents/Lunabotics25-26/lunabot_ws/install/lunabot_teleop/share/lunabot_teleop/package.ps1'
[0.592s] INFO:colcon.colcon_core.shell:Creating package descriptor '/home/mars/Documents/Lunabotics25-26/lunabot_ws/install/lunabot_teleop/share/lunabot_teleop/package.dsv'
[0.592s] INFO:colcon.colcon_core.shell:Creating package script '/home/mars/Documents/Lunabotics25-26/lunabot_ws/install/lunabot_teleop/share/lunabot_teleop/package.sh'
[0.593s] INFO:colcon.colcon_core.shell:Creating package script '/home/mars/Documents/Lunabotics25-26/lunabot_ws/install/lunabot_teleop/share/lunabot_teleop/package.bash'
[0.593s] INFO:colcon.colcon_core.shell:Creating package script '/home/mars/Documents/Lunabotics25-26/lunabot_ws/install/lunabot_teleop/share/lunabot_teleop/package.zsh'
[0.597s] Level 1:colcon.colcon_core.environment:create_file_with_runtime_dependencies(/home/mars/Documents/Lunabotics25-26/lunabot_ws/install/lunabot_teleop/share/colcon-core/packages/lunabot_teleop)
[0.597s] INFO:colcon.colcon_ros.task.ament_cmake.build:Building ROS package in '/home/mars/Documents/Lunabotics25-26/lunabot_ws/src/lunabot_test_teensy' with build type 'ament_cmake'
[0.597s] INFO:colcon.colcon_cmake.task.cmake.build:Building CMake package in '/home/mars/Documents/Lunabotics25-26/lunabot_ws/src/lunabot_test_teensy'
[0.598s] INFO:colcon.colcon_core.shell:Skip shell extension 'powershell' for command environment: Not usable outside of PowerShell
[0.598s] DEBUG:colcon.colcon_core.shell:Skip shell extension 'dsv' for command environment
[0.610s] DEBUG:colcon.colcon_core.event_handler.log_command:Invoking command in '/home/mars/Documents/Lunabotics25-26/lunabot_ws/build/lunabot_test_teensy': CMAKE_PREFIX_PATH=${CMAKE_PREFIX_PATH}:/opt/ros/jazzy DEBUGINFOD_URLS=https://debuginfod.ubuntu.com /usr/bin/cmake --build /home/mars/Documents/Lunabotics25-26/lunabot_ws/build/lunabot_test_teensy -- -j4 -l4
[0.705s] DEBUG:colcon.colcon_core.event_handler.log_command:Invoked command in '/home/mars/Documents/Lunabotics25-26/lunabot_ws/build/lunabot_test_teensy' returned '0': CMAKE_PREFIX_PATH=${CMAKE_PREFIX_PATH}:/opt/ros/jazzy DEBUGINFOD_URLS=https://debuginfod.ubuntu.com /usr/bin/cmake --build /home/mars/Documents/Lunabotics25-26/lunabot_ws/build/lunabot_test_teensy -- -j4 -l4
[0.706s] DEBUG:colcon.colcon_core.event_handler.log_command:Invoking command in '/home/mars/Documents/Lunabotics25-26/lunabot_ws/build/lunabot_test_teensy': CMAKE_PREFIX_PATH=${CMAKE_PREFIX_PATH}:/opt/ros/jazzy DEBUGINFOD_URLS=https://debuginfod.ubuntu.com /usr/bin/cmake --install /home/mars/Documents/Lunabotics25-26/lunabot_ws/build/lunabot_test_teensy
[0.720s] Level 1:colcon.colcon_core.environment:create_environment_scripts_only(lunabot_test_teensy)
[0.720s] Level 1:colcon.colcon_core.environment:checking '/home/mars/Documents/Lunabotics25-26/lunabot_ws/install/lunabot_test_teensy' for CMake module files
[0.721s] Level 1:colcon.colcon_core.environment:checking '/home/mars/Documents/Lunabotics25-26/lunabot_ws/install/lunabot_test_teensy' for CMake config files
[0.721s] Level 1:colcon.colcon_core.shell:create_environment_hook('lunabot_test_teensy', 'cmake_prefix_path')
[0.721s] INFO:colcon.colcon_core.shell:Creating environment hook '/home/mars/Documents/Lunabotics25-26/lunabot_ws/install/lunabot_test_teensy/share/lunabot_test_teensy/hook/cmake_prefix_path.ps1'
[0.722s] INFO:colcon.colcon_core.shell:Creating environment descriptor '/home/mars/Documents/Lunabotics25-26/lunabot_ws/install/lunabot_test_teensy/share/lunabot_test_teensy/hook/cmake_prefix_path.dsv'
[0.722s] DEBUG:colcon.colcon_core.event_handler.log_command:Invoked command in '/home/mars/Documents/Lunabotics25-26/lunabot_ws/build/lunabot_test_teensy' returned '0': CMAKE_PREFIX_PATH=${CMAKE_PREFIX_PATH}:/opt/ros/jazzy DEBUGINFOD_URLS=https://debuginfod.ubuntu.com /usr/bin/cmake --install /home/mars/Documents/Lunabotics25-26/lunabot_ws/build/lunabot_test_teensy
[0.722s] INFO:colcon.colcon_core.shell:Creating environment hook '/home/mars/Documents/Lunabotics25-26/lunabot_ws/install/lunabot_test_teensy/share/lunabot_test_teensy/hook/cmake_prefix_path.sh'
[0.725s] Level 1:colcon.colcon_core.environment:checking '/home/mars/Documents/Lunabotics25-26/lunabot_ws/install/lunabot_test_teensy/bin'
[0.725s] Level 1:colcon.colcon_core.environment:checking '/home/mars/Documents/Lunabotics25-26/lunabot_ws/install/lunabot_test_teensy/lib/pkgconfig/lunabot_test_teensy.pc'
[0.726s] Level 1:colcon.colcon_core.environment:checking '/home/mars/Documents/Lunabotics25-26/lunabot_ws/install/lunabot_test_teensy/lib/python3.12/site-packages'
[0.726s] Level 1:colcon.colcon_core.environment:checking '/home/mars/Documents/Lunabotics25-26/lunabot_ws/install/lunabot_test_teensy/bin'
[0.727s] INFO:colcon.colcon_core.shell:Creating package script '/home/mars/Documents/Lunabotics25-26/lunabot_ws/install/lunabot_test_teensy/share/lunabot_test_teensy/package.ps1'
[0.727s] INFO:colcon.colcon_core.shell:Creating package descriptor '/home/mars/Documents/Lunabotics25-26/lunabot_ws/install/lunabot_test_teensy/share/lunabot_test_teensy/package.dsv'
[0.728s] INFO:colcon.colcon_core.shell:Creating package script '/home/mars/Documents/Lunabotics25-26/lunabot_ws/install/lunabot_test_teensy/share/lunabot_test_teensy/package.sh'
[0.728s] INFO:colcon.colcon_core.shell:Creating package script '/home/mars/Documents/Lunabotics25-26/lunabot_ws/install/lunabot_test_teensy/share/lunabot_test_teensy/package.bash'
[0.729s] INFO:colcon.colcon_core.shell:Creating package script '/home/mars/Documents/Lunabotics25-26/lunabot_ws/install/lunabot_test_teensy/share/lunabot_test_teensy/package.zsh'
[0.729s] Level 1:colcon.colcon_core.environment:create_file_with_runtime_dependencies(/home/mars/Documents/Lunabotics25-26/lunabot_ws/install/lunabot_test_teensy/share/colcon-core/packages/lunabot_test_teensy)
[0.730s] Level 1:colcon.colcon_core.environment:create_environment_scripts_only(lunabot_test_teensy)
[0.730s] Level 1:colcon.colcon_core.environment:checking '/home/mars/Documents/Lunabotics25-26/lunabot_ws/install/lunabot_test_teensy' for CMake module files
[0.730s] Level 1:colcon.colcon_core.environment:checking '/home/mars/Documents/Lunabotics25-26/lunabot_ws/install/lunabot_test_teensy' for CMake config files
[0.731s] Level 1:colcon.colcon_core.shell:create_environment_hook('lunabot_test_teensy', 'cmake_prefix_path')
[0.731s] INFO:colcon.colcon_core.shell:Creating environment hook '/home/mars/Documents/Lunabotics25-26/lunabot_ws/install/lunabot_test_teensy/share/lunabot_test_teensy/hook/cmake_prefix_path.ps1'
[0.731s] INFO:colcon.colcon_core.shell:Creating environment descriptor '/home/mars/Documents/Lunabotics25-26/lunabot_ws/install/lunabot_test_teensy/share/lunabot_test_teensy/hook/cmake_prefix_path.dsv'
[0.732s] INFO:colcon.colcon_core.shell:Creating environment hook '/home/mars/Documents/Lunabotics25-26/lunabot_ws/install/lunabot_test_teensy/share/lunabot_test_teensy/hook/cmake_prefix_path.sh'
[0.732s] Level 1:colcon.colcon_core.environment:checking '/home/mars/Documents/Lunabotics25-26/lunabot_ws/install/lunabot_test_teensy/bin'
[0.733s] Level 1:colcon.colcon_core.environment:checking '/home/mars/Documents/Lunabotics25-26/lunabot_ws/install/lunabot_test_teensy/lib/pkgconfig/lunabot_test_teensy.pc'
[0.733s] Level 1:colcon.colcon_core.environment:checking '/home/mars/Documents/Lunabotics25-26/lunabot_ws/install/lunabot_test_teensy/lib/python3.12/site-packages'
[0.733s] Level 1:colcon.colcon_core.environment:checking '/home/mars/Documents/Lunabotics25-26/lunabot_ws/install/lunabot_test_teensy/bin'
[0.733s] INFO:colcon.colcon_core.shell:Creating package script '/home/mars/Documents/Lunabotics25-26/lunabot_ws/install/lunabot_test_teensy/share/lunabot_test_teensy/package.ps1'
[0.734s] INFO:colcon.colcon_core.shell:Creating package descriptor '/home/mars/Documents/Lunabotics25-26/lunabot_ws/install/lunabot_test_teensy/share/lunabot_test_teensy/package.dsv'
[0.735s] INFO:colcon.colcon_core.shell:Creating package script '/home/mars/Documents/Lunabotics25-26/lunabot_ws/install/lunabot_test_teensy/share/lunabot_test_teensy/package.sh'
[0.735s] INFO:colcon.colcon_core.shell:Creating package script '/home/mars/Documents/Lunabotics25-26/lunabot_ws/install/lunabot_test_teensy/share/lunabot_test_teensy/package.bash'
[0.736s] INFO:colcon.colcon_core.shell:Creating package script '/home/mars/Documents/Lunabotics25-26/lunabot_ws/install/lunabot_test_teensy/share/lunabot_test_teensy/package.zsh'
[0.737s] Level 1:colcon.colcon_core.environment:create_file_with_runtime_dependencies(/home/mars/Documents/Lunabotics25-26/lunabot_ws/install/lunabot_test_teensy/share/colcon-core/packages/lunabot_test_teensy)
[0.737s] INFO:colcon.colcon_ros.task.ament_cmake.build:Building ROS package in '/home/mars/Documents/Lunabotics25-26/lunabot_ws/src/micro_ros_setup' with build type 'ament_cmake'
[0.737s] INFO:colcon.colcon_cmake.task.cmake.build:Building CMake package in '/home/mars/Documents/Lunabotics25-26/lunabot_ws/src/micro_ros_setup'
[0.737s] INFO:colcon.colcon_core.shell:Skip shell extension 'powershell' for command environment: Not usable outside of PowerShell
[0.738s] DEBUG:colcon.colcon_core.shell:Skip shell extension 'dsv' for command environment
[0.747s] DEBUG:colcon.colcon_core.event_handler.log_command:Invoking command in '/home/mars/Documents/Lunabotics25-26/lunabot_ws/build/micro_ros_setup': CMAKE_PREFIX_PATH=${CMAKE_PREFIX_PATH}:/opt/ros/jazzy DEBUGINFOD_URLS=https://debuginfod.ubuntu.com /usr/bin/cmake --build /home/mars/Documents/Lunabotics25-26/lunabot_ws/build/micro_ros_setup -- -j4 -l4
[0.789s] DEBUG:colcon.colcon_core.event_handler.log_command:Invoked command in '/home/mars/Documents/Lunabotics25-26/lunabot_ws/build/micro_ros_setup' returned '0': CMAKE_PREFIX_PATH=${CMAKE_PREFIX_PATH}:/opt/ros/jazzy DEBUGINFOD_URLS=https://debuginfod.ubuntu.com /usr/bin/cmake --build /home/mars/Documents/Lunabotics25-26/lunabot_ws/build/micro_ros_setup -- -j4 -l4
[0.792s] DEBUG:colcon.colcon_core.event_handler.log_command:Invoking command in '/home/mars/Documents/Lunabotics25-26/lunabot_ws/build/micro_ros_setup': CMAKE_PREFIX_PATH=${CMAKE_PREFIX_PATH}:/opt/ros/jazzy DEBUGINFOD_URLS=https://debuginfod.ubuntu.com /usr/bin/cmake --install /home/mars/Documents/Lunabotics25-26/lunabot_ws/build/micro_ros_setup
[0.804s] Level 1:colcon.colcon_core.environment:create_environment_scripts_only(micro_ros_setup)
[0.804s] Level 1:colcon.colcon_core.environment:checking '/home/mars/Documents/Lunabotics25-26/lunabot_ws/install/micro_ros_setup' for CMake module files
[0.808s] Level 1:colcon.colcon_core.environment:checking '/home/mars/Documents/Lunabotics25-26/lunabot_ws/install/micro_ros_setup' for CMake config files
[0.816s] DEBUG:colcon.colcon_core.event_handler.log_command:Invoked command in '/home/mars/Documents/Lunabotics25-26/lunabot_ws/build/micro_ros_setup' returned '0': CMAKE_PREFIX_PATH=${CMAKE_PREFIX_PATH}:/opt/ros/jazzy DEBUGINFOD_URLS=https://debuginfod.ubuntu.com /usr/bin/cmake --install /home/mars/Documents/Lunabotics25-26/lunabot_ws/build/micro_ros_setup
[0.817s] Level 1:colcon.colcon_core.shell:create_environment_hook('micro_ros_setup', 'cmake_prefix_path')
[0.817s] INFO:colcon.colcon_core.shell:Creating environment hook '/home/mars/Documents/Lunabotics25-26/lunabot_ws/install/micro_ros_setup/share/micro_ros_setup/hook/cmake_prefix_path.ps1'
[0.818s] INFO:colcon.colcon_core.shell:Creating environment descriptor '/home/mars/Documents/Lunabotics25-26/lunabot_ws/install/micro_ros_setup/share/micro_ros_setup/hook/cmake_prefix_path.dsv'
[0.818s] INFO:colcon.colcon_core.shell:Creating environment hook '/home/mars/Documents/Lunabotics25-26/lunabot_ws/install/micro_ros_setup/share/micro_ros_setup/hook/cmake_prefix_path.sh'
[0.819s] Level 1:colcon.colcon_core.environment:checking '/home/mars/Documents/Lunabotics25-26/lunabot_ws/install/micro_ros_setup/lib'
[0.819s] Level 1:colcon.colcon_core.environment:checking '/home/mars/Documents/Lunabotics25-26/lunabot_ws/install/micro_ros_setup/bin'
[0.819s] Level 1:colcon.colcon_core.environment:checking '/home/mars/Documents/Lunabotics25-26/lunabot_ws/install/micro_ros_setup/lib/pkgconfig/micro_ros_setup.pc'
[0.819s] Level 1:colcon.colcon_core.environment:checking '/home/mars/Documents/Lunabotics25-26/lunabot_ws/install/micro_ros_setup/lib/python3.12/site-packages'
[0.819s] Level 1:colcon.colcon_core.environment:checking '/home/mars/Documents/Lunabotics25-26/lunabot_ws/install/micro_ros_setup/bin'
[0.819s] INFO:colcon.colcon_core.shell:Creating package script '/home/mars/Documents/Lunabotics25-26/lunabot_ws/install/micro_ros_setup/share/micro_ros_setup/package.ps1'
[0.823s] INFO:colcon.colcon_core.shell:Creating package descriptor '/home/mars/Documents/Lunabotics25-26/lunabot_ws/install/micro_ros_setup/share/micro_ros_setup/package.dsv'
[0.823s] INFO:colcon.colcon_core.shell:Creating package script '/home/mars/Documents/Lunabotics25-26/lunabot_ws/install/micro_ros_setup/share/micro_ros_setup/package.sh'
[0.823s] INFO:colcon.colcon_core.shell:Creating package script '/home/mars/Documents/Lunabotics25-26/lunabot_ws/install/micro_ros_setup/share/micro_ros_setup/package.bash'
[0.824s] INFO:colcon.colcon_core.shell:Creating package script '/home/mars/Documents/Lunabotics25-26/lunabot_ws/install/micro_ros_setup/share/micro_ros_setup/package.zsh'
[0.824s] Level 1:colcon.colcon_core.environment:create_file_with_runtime_dependencies(/home/mars/Documents/Lunabotics25-26/lunabot_ws/install/micro_ros_setup/share/colcon-core/packages/micro_ros_setup)
[0.825s] Level 1:colcon.colcon_core.environment:create_environment_scripts_only(micro_ros_setup)
[0.825s] Level 1:colcon.colcon_core.environment:checking '/home/mars/Documents/Lunabotics25-26/lunabot_ws/install/micro_ros_setup' for CMake module files
[0.826s] Level 1:colcon.colcon_core.environment:checking '/home/mars/Documents/Lunabotics25-26/lunabot_ws/install/micro_ros_setup' for CMake config files
[0.826s] Level 1:colcon.colcon_core.shell:create_environment_hook('micro_ros_setup', 'cmake_prefix_path')
[0.827s] INFO:colcon.colcon_core.shell:Creating environment hook '/home/mars/Documents/Lunabotics25-26/lunabot_ws/install/micro_ros_setup/share/micro_ros_setup/hook/cmake_prefix_path.ps1'
[0.827s] INFO:colcon.colcon_core.shell:Creating environment descriptor '/home/mars/Documents/Lunabotics25-26/lunabot_ws/install/micro_ros_setup/share/micro_ros_setup/hook/cmake_prefix_path.dsv'
[0.828s] INFO:colcon.colcon_core.shell:Creating environment hook '/home/mars/Documents/Lunabotics25-26/lunabot_ws/install/micro_ros_setup/share/micro_ros_setup/hook/cmake_prefix_path.sh'
[0.828s] Level 1:colcon.colcon_core.environment:checking '/home/mars/Documents/Lunabotics25-26/lunabot_ws/install/micro_ros_setup/lib'
[0.828s] Level 1:colcon.colcon_core.environment:checking '/home/mars/Documents/Lunabotics25-26/lunabot_ws/install/micro_ros_setup/bin'
[0.829s] Level 1:colcon.colcon_core.environment:checking '/home/mars/Documents/Lunabotics25-26/lunabot_ws/install/micro_ros_setup/lib/pkgconfig/micro_ros_setup.pc'
[0.829s] Level 1:colcon.colcon_core.environment:checking '/home/mars/Documents/Lunabotics25-26/lunabot_ws/install/micro_ros_setup/lib/python3.12/site-packages'
[0.829s] Level 1:colcon.colcon_core.environment:checking '/home/mars/Documents/Lunabotics25-26/lunabot_ws/install/micro_ros_setup/bin'
[0.829s] INFO:colcon.colcon_core.shell:Creating package script '/home/mars/Documents/Lunabotics25-26/lunabot_ws/install/micro_ros_setup/share/micro_ros_setup/package.ps1'
[0.830s] INFO:colcon.colcon_core.shell:Creating package descriptor '/home/mars/Documents/Lunabotics25-26/lunabot_ws/install/micro_ros_setup/share/micro_ros_setup/package.dsv'
[0.830s] INFO:colcon.colcon_core.shell:Creating package script '/home/mars/Documents/Lunabotics25-26/lunabot_ws/install/micro_ros_setup/share/micro_ros_setup/package.sh'
[0.831s] INFO:colcon.colcon_core.shell:Creating package script '/home/mars/Documents/Lunabotics25-26/lunabot_ws/install/micro_ros_setup/share/micro_ros_setup/package.bash'
[0.831s] INFO:colcon.colcon_core.shell:Creating package script '/home/mars/Documents/Lunabotics25-26/lunabot_ws/install/micro_ros_setup/share/micro_ros_setup/package.zsh'
[0.832s] Level 1:colcon.colcon_core.environment:create_file_with_runtime_dependencies(/home/mars/Documents/Lunabotics25-26/lunabot_ws/install/micro_ros_setup/share/colcon-core/packages/micro_ros_setup)
[0.868s] DEBUG:colcon.colcon_core.event_handler.log_command:Invoked command in '/home/mars/Documents/Lunabotics25-26/lunabot_ws/build/drive_base_msgs' returned '0': CMAKE_PREFIX_PATH=${CMAKE_PREFIX_PATH}:/opt/ros/jazzy DEBUGINFOD_URLS=https://debuginfod.ubuntu.com /usr/bin/cmake --build /home/mars/Documents/Lunabotics25-26/lunabot_ws/build/drive_base_msgs -- -j4 -l4
[0.869s] DEBUG:colcon.colcon_core.event_handler.log_command:Invoking command in '/home/mars/Documents/Lunabotics25-26/lunabot_ws/build/drive_base_msgs': CMAKE_PREFIX_PATH=${CMAKE_PREFIX_PATH}:/opt/ros/jazzy DEBUGINFOD_URLS=https://debuginfod.ubuntu.com /usr/bin/cmake --install /home/mars/Documents/Lunabotics25-26/lunabot_ws/build/drive_base_msgs
[0.901s] DEBUG:colcon.colcon_core.event_handler.log_command:Invoked command in '/home/mars/Documents/Lunabotics25-26/lunabot_ws/build/micro_ros_msgs' returned '0': CMAKE_PREFIX_PATH=${CMAKE_PREFIX_PATH}:/opt/ros/jazzy DEBUGINFOD_URLS=https://debuginfod.ubuntu.com /usr/bin/cmake --build /home/mars/Documents/Lunabotics25-26/lunabot_ws/build/micro_ros_msgs -- -j4 -l4
[0.903s] DEBUG:colcon.colcon_core.event_handler.log_command:Invoking command in '/home/mars/Documents/Lunabotics25-26/lunabot_ws/build/micro_ros_msgs': CMAKE_PREFIX_PATH=${CMAKE_PREFIX_PATH}:/opt/ros/jazzy DEBUGINFOD_URLS=https://debuginfod.ubuntu.com /usr/bin/cmake --install /home/mars/Documents/Lunabotics25-26/lunabot_ws/build/micro_ros_msgs
[0.944s] Level 1:colcon.colcon_core.environment:create_environment_scripts_only(drive_base_msgs)
[0.945s] Level 1:colcon.colcon_core.environment:checking '/home/mars/Documents/Lunabotics25-26/lunabot_ws/install/drive_base_msgs' for CMake module files
[0.945s] DEBUG:colcon.colcon_core.event_handler.log_command:Invoked command in '/home/mars/Documents/Lunabotics25-26/lunabot_ws/build/drive_base_msgs' returned '0': CMAKE_PREFIX_PATH=${CMAKE_PREFIX_PATH}:/opt/ros/jazzy DEBUGINFOD_URLS=https://debuginfod.ubuntu.com /usr/bin/cmake --install /home/mars/Documents/Lunabotics25-26/lunabot_ws/build/drive_base_msgs
[0.946s] Level 1:colcon.colcon_core.environment:checking '/home/mars/Documents/Lunabotics25-26/lunabot_ws/install/drive_base_msgs' for CMake config files
[0.946s] Level 1:colcon.colcon_core.shell:create_environment_hook('drive_base_msgs', 'cmake_prefix_path')
[0.946s] INFO:colcon.colcon_core.shell:Creating environment hook '/home/mars/Documents/Lunabotics25-26/lunabot_ws/install/drive_base_msgs/share/drive_base_msgs/hook/cmake_prefix_path.ps1'
[0.947s] INFO:colcon.colcon_core.shell:Creating environment descriptor '/home/mars/Documents/Lunabotics25-26/lunabot_ws/install/drive_base_msgs/share/drive_base_msgs/hook/cmake_prefix_path.dsv'
[0.947s] INFO:colcon.colcon_core.shell:Creating environment hook '/home/mars/Documents/Lunabotics25-26/lunabot_ws/install/drive_base_msgs/share/drive_base_msgs/hook/cmake_prefix_path.sh'
[0.948s] Level 1:colcon.colcon_core.environment:checking '/home/mars/Documents/Lunabotics25-26/lunabot_ws/install/drive_base_msgs/lib'
[0.948s] Level 1:colcon.colcon_core.shell:create_environment_hook('drive_base_msgs', 'ld_library_path_lib')
[0.948s] INFO:colcon.colcon_core.shell:Creating environment hook '/home/mars/Documents/Lunabotics25-26/lunabot_ws/install/drive_base_msgs/share/drive_base_msgs/hook/ld_library_path_lib.ps1'
[0.948s] INFO:colcon.colcon_core.shell:Creating environment descriptor '/home/mars/Documents/Lunabotics25-26/lunabot_ws/install/drive_base_msgs/share/drive_base_msgs/hook/ld_library_path_lib.dsv'
[0.949s] INFO:colcon.colcon_core.shell:Creating environment hook '/home/mars/Documents/Lunabotics25-26/lunabot_ws/install/drive_base_msgs/share/drive_base_msgs/hook/ld_library_path_lib.sh'
[0.949s] Level 1:colcon.colcon_core.environment:checking '/home/mars/Documents/Lunabotics25-26/lunabot_ws/install/drive_base_msgs/bin'
[0.949s] Level 1:colcon.colcon_core.environment:checking '/home/mars/Documents/Lunabotics25-26/lunabot_ws/install/drive_base_msgs/lib/pkgconfig/drive_base_msgs.pc'
[0.949s] Level 1:colcon.colcon_core.environment:checking '/home/mars/Documents/Lunabotics25-26/lunabot_ws/install/drive_base_msgs/lib/python3.12/site-packages'
[0.949s] Level 1:colcon.colcon_core.shell:create_environment_hook('drive_base_msgs', 'pythonpath')
[0.950s] INFO:colcon.colcon_core.shell:Creating environment hook '/home/mars/Documents/Lunabotics25-26/lunabot_ws/install/drive_base_msgs/share/drive_base_msgs/hook/pythonpath.ps1'
[0.950s] INFO:colcon.colcon_core.shell:Creating environment descriptor '/home/mars/Documents/Lunabotics25-26/lunabot_ws/install/drive_base_msgs/share/drive_base_msgs/hook/pythonpath.dsv'
[0.950s] INFO:colcon.colcon_core.shell:Creating environment hook '/home/mars/Documents/Lunabotics25-26/lunabot_ws/install/drive_base_msgs/share/drive_base_msgs/hook/pythonpath.sh'
[0.951s] Level 1:colcon.colcon_core.environment:checking '/home/mars/Documents/Lunabotics25-26/lunabot_ws/install/drive_base_msgs/bin'
[0.951s] INFO:colcon.colcon_core.shell:Creating package script '/home/mars/Documents/Lunabotics25-26/lunabot_ws/install/drive_base_msgs/share/drive_base_msgs/package.ps1'
[0.952s] INFO:colcon.colcon_core.shell:Creating package descriptor '/home/mars/Documents/Lunabotics25-26/lunabot_ws/install/drive_base_msgs/share/drive_base_msgs/package.dsv'
[0.953s] INFO:colcon.colcon_core.shell:Creating package script '/home/mars/Documents/Lunabotics25-26/lunabot_ws/install/drive_base_msgs/share/drive_base_msgs/package.sh'
[0.953s] INFO:colcon.colcon_core.shell:Creating package script '/home/mars/Documents/Lunabotics25-26/lunabot_ws/install/drive_base_msgs/share/drive_base_msgs/package.bash'
[0.954s] INFO:colcon.colcon_core.shell:Creating package script '/home/mars/Documents/Lunabotics25-26/lunabot_ws/install/drive_base_msgs/share/drive_base_msgs/package.zsh'
[0.954s] Level 1:colcon.colcon_core.environment:create_file_with_runtime_dependencies(/home/mars/Documents/Lunabotics25-26/lunabot_ws/install/drive_base_msgs/share/colcon-core/packages/drive_base_msgs)
[0.955s] Level 1:colcon.colcon_core.environment:create_environment_scripts_only(drive_base_msgs)
[0.955s] Level 1:colcon.colcon_core.environment:checking '/home/mars/Documents/Lunabotics25-26/lunabot_ws/install/drive_base_msgs' for CMake module files
[0.955s] Level 1:colcon.colcon_core.environment:checking '/home/mars/Documents/Lunabotics25-26/lunabot_ws/install/drive_base_msgs' for CMake config files
[0.956s] Level 1:colcon.colcon_core.shell:create_environment_hook('drive_base_msgs', 'cmake_prefix_path')
[0.956s] INFO:colcon.colcon_core.shell:Creating environment hook '/home/mars/Documents/Lunabotics25-26/lunabot_ws/install/drive_base_msgs/share/drive_base_msgs/hook/cmake_prefix_path.ps1'
[0.957s] INFO:colcon.colcon_core.shell:Creating environment descriptor '/home/mars/Documents/Lunabotics25-26/lunabot_ws/install/drive_base_msgs/share/drive_base_msgs/hook/cmake_prefix_path.dsv'
[0.957s] INFO:colcon.colcon_core.shell:Creating environment hook '/home/mars/Documents/Lunabotics25-26/lunabot_ws/install/drive_base_msgs/share/drive_base_msgs/hook/cmake_prefix_path.sh'
[0.958s] Level 1:colcon.colcon_core.environment:checking '/home/mars/Documents/Lunabotics25-26/lunabot_ws/install/drive_base_msgs/lib'
[0.958s] Level 1:colcon.colcon_core.shell:create_environment_hook('drive_base_msgs', 'ld_library_path_lib')
[0.958s] INFO:colcon.colcon_core.shell:Creating environment hook '/home/mars/Documents/Lunabotics25-26/lunabot_ws/install/drive_base_msgs/share/drive_base_msgs/hook/ld_library_path_lib.ps1'
[0.958s] INFO:colcon.colcon_core.shell:Creating environment descriptor '/home/mars/Documents/Lunabotics25-26/lunabot_ws/install/drive_base_msgs/share/drive_base_msgs/hook/ld_library_path_lib.dsv'
[0.959s] INFO:colcon.colcon_core.shell:Creating environment hook '/home/mars/Documents/Lunabotics25-26/lunabot_ws/install/drive_base_msgs/share/drive_base_msgs/hook/ld_library_path_lib.sh'
[0.959s] Level 1:colcon.colcon_core.environment:checking '/home/mars/Documents/Lunabotics25-26/lunabot_ws/install/drive_base_msgs/bin'
[0.959s] Level 1:colcon.colcon_core.environment:checking '/home/mars/Documents/Lunabotics25-26/lunabot_ws/install/drive_base_msgs/lib/pkgconfig/drive_base_msgs.pc'
[0.959s] Level 1:colcon.colcon_core.environment:checking '/home/mars/Documents/Lunabotics25-26/lunabot_ws/install/drive_base_msgs/lib/python3.12/site-packages'
[0.959s] Level 1:colcon.colcon_core.shell:create_environment_hook('drive_base_msgs', 'pythonpath')
[0.960s] INFO:colcon.colcon_core.shell:Creating environment hook '/home/mars/Documents/Lunabotics25-26/lunabot_ws/install/drive_base_msgs/share/drive_base_msgs/hook/pythonpath.ps1'
[0.960s] INFO:colcon.colcon_core.shell:Creating environment descriptor '/home/mars/Documents/Lunabotics25-26/lunabot_ws/install/drive_base_msgs/share/drive_base_msgs/hook/pythonpath.dsv'
[0.960s] INFO:colcon.colcon_core.shell:Creating environment hook '/home/mars/Documents/Lunabotics25-26/lunabot_ws/install/drive_base_msgs/share/drive_base_msgs/hook/pythonpath.sh'
[0.961s] Level 1:colcon.colcon_core.environment:checking '/home/mars/Documents/Lunabotics25-26/lunabot_ws/install/drive_base_msgs/bin'
[0.961s] INFO:colcon.colcon_core.shell:Creating package script '/home/mars/Documents/Lunabotics25-26/lunabot_ws/install/drive_base_msgs/share/drive_base_msgs/package.ps1'
[0.962s] INFO:colcon.colcon_core.shell:Creating package descriptor '/home/mars/Documents/Lunabotics25-26/lunabot_ws/install/drive_base_msgs/share/drive_base_msgs/package.dsv'
[0.963s] INFO:colcon.colcon_core.shell:Creating package script '/home/mars/Documents/Lunabotics25-26/lunabot_ws/install/drive_base_msgs/share/drive_base_msgs/package.sh'
[0.964s] INFO:colcon.colcon_core.shell:Creating package script '/home/mars/Documents/Lunabotics25-26/lunabot_ws/install/drive_base_msgs/share/drive_base_msgs/package.bash'
[0.965s] INFO:colcon.colcon_core.shell:Creating package script '/home/mars/Documents/Lunabotics25-26/lunabot_ws/install/drive_base_msgs/share/drive_base_msgs/package.zsh'
[0.965s] Level 1:colcon.colcon_core.environment:create_file_with_runtime_dependencies(/home/mars/Documents/Lunabotics25-26/lunabot_ws/install/drive_base_msgs/share/colcon-core/packages/drive_base_msgs)
[0.966s] Level 1:colcon.colcon_core.environment:create_environment_scripts_only(micro_ros_msgs)
[0.966s] Level 1:colcon.colcon_core.environment:checking '/home/mars/Documents/Lunabotics25-26/lunabot_ws/install/micro_ros_msgs' for CMake module files
[0.970s] DEBUG:colcon.colcon_core.event_handler.log_command:Invoked command in '/home/mars/Documents/Lunabotics25-26/lunabot_ws/build/micro_ros_msgs' returned '0': CMAKE_PREFIX_PATH=${CMAKE_PREFIX_PATH}:/opt/ros/jazzy DEBUGINFOD_URLS=https://debuginfod.ubuntu.com /usr/bin/cmake --install /home/mars/Documents/Lunabotics25-26/lunabot_ws/build/micro_ros_msgs
[0.971s] Level 1:colcon.colcon_core.environment:checking '/home/mars/Documents/Lunabotics25-26/lunabot_ws/install/micro_ros_msgs' for CMake config files
[0.971s] Level 1:colcon.colcon_core.shell:create_environment_hook('micro_ros_msgs', 'cmake_prefix_path')
[0.972s] INFO:colcon.colcon_core.shell:Creating environment hook '/home/mars/Documents/Lunabotics25-26/lunabot_ws/install/micro_ros_msgs/share/micro_ros_msgs/hook/cmake_prefix_path.ps1'
[0.972s] INFO:colcon.colcon_core.shell:Creating environment descriptor '/home/mars/Documents/Lunabotics25-26/lunabot_ws/install/micro_ros_msgs/share/micro_ros_msgs/hook/cmake_prefix_path.dsv'
[0.973s] INFO:colcon.colcon_core.shell:Creating environment hook '/home/mars/Documents/Lunabotics25-26/lunabot_ws/install/micro_ros_msgs/share/micro_ros_msgs/hook/cmake_prefix_path.sh'
[0.973s] Level 1:colcon.colcon_core.environment:checking '/home/mars/Documents/Lunabotics25-26/lunabot_ws/install/micro_ros_msgs/lib'
[0.973s] Level 1:colcon.colcon_core.shell:create_environment_hook('micro_ros_msgs', 'ld_library_path_lib')
[0.974s] INFO:colcon.colcon_core.shell:Creating environment hook '/home/mars/Documents/Lunabotics25-26/lunabot_ws/install/micro_ros_msgs/share/micro_ros_msgs/hook/ld_library_path_lib.ps1'
[0.974s] INFO:colcon.colcon_core.shell:Creating environment descriptor '/home/mars/Documents/Lunabotics25-26/lunabot_ws/install/micro_ros_msgs/share/micro_ros_msgs/hook/ld_library_path_lib.dsv'
[0.974s] INFO:colcon.colcon_core.shell:Creating environment hook '/home/mars/Documents/Lunabotics25-26/lunabot_ws/install/micro_ros_msgs/share/micro_ros_msgs/hook/ld_library_path_lib.sh'
[0.975s] Level 1:colcon.colcon_core.environment:checking '/home/mars/Documents/Lunabotics25-26/lunabot_ws/install/micro_ros_msgs/bin'
[0.975s] Level 1:colcon.colcon_core.environment:checking '/home/mars/Documents/Lunabotics25-26/lunabot_ws/install/micro_ros_msgs/lib/pkgconfig/micro_ros_msgs.pc'
[0.975s] Level 1:colcon.colcon_core.environment:checking '/home/mars/Documents/Lunabotics25-26/lunabot_ws/install/micro_ros_msgs/lib/python3.12/site-packages'
[0.975s] Level 1:colcon.colcon_core.shell:create_environment_hook('micro_ros_msgs', 'pythonpath')
[0.975s] INFO:colcon.colcon_core.shell:Creating environment hook '/home/mars/Documents/Lunabotics25-26/lunabot_ws/install/micro_ros_msgs/share/micro_ros_msgs/hook/pythonpath.ps1'
[0.976s] INFO:colcon.colcon_core.shell:Creating environment descriptor '/home/mars/Documents/Lunabotics25-26/lunabot_ws/install/micro_ros_msgs/share/micro_ros_msgs/hook/pythonpath.dsv'
[0.976s] INFO:colcon.colcon_core.shell:Creating environment hook '/home/mars/Documents/Lunabotics25-26/lunabot_ws/install/micro_ros_msgs/share/micro_ros_msgs/hook/pythonpath.sh'
[0.976s] Level 1:colcon.colcon_core.environment:checking '/home/mars/Documents/Lunabotics25-26/lunabot_ws/install/micro_ros_msgs/bin'
[0.977s] INFO:colcon.colcon_core.shell:Creating package script '/home/mars/Documents/Lunabotics25-26/lunabot_ws/install/micro_ros_msgs/share/micro_ros_msgs/package.ps1'
[0.977s] INFO:colcon.colcon_core.shell:Creating package descriptor '/home/mars/Documents/Lunabotics25-26/lunabot_ws/install/micro_ros_msgs/share/micro_ros_msgs/package.dsv'
[0.977s] INFO:colcon.colcon_core.shell:Creating package script '/home/mars/Documents/Lunabotics25-26/lunabot_ws/install/micro_ros_msgs/share/micro_ros_msgs/package.sh'
[0.978s] INFO:colcon.colcon_core.shell:Creating package script '/home/mars/Documents/Lunabotics25-26/lunabot_ws/install/micro_ros_msgs/share/micro_ros_msgs/package.bash'
[0.978s] INFO:colcon.colcon_core.shell:Creating package script '/home/mars/Documents/Lunabotics25-26/lunabot_ws/install/micro_ros_msgs/share/micro_ros_msgs/package.zsh'
[0.978s] Level 1:colcon.colcon_core.environment:create_file_with_runtime_dependencies(/home/mars/Documents/Lunabotics25-26/lunabot_ws/install/micro_ros_msgs/share/colcon-core/packages/micro_ros_msgs)
[0.979s] Level 1:colcon.colcon_core.environment:create_environment_scripts_only(micro_ros_msgs)
[0.979s] Level 1:colcon.colcon_core.environment:checking '/home/mars/Documents/Lunabotics25-26/lunabot_ws/install/micro_ros_msgs' for CMake module files
[0.979s] Level 1:colcon.colcon_core.environment:checking '/home/mars/Documents/Lunabotics25-26/lunabot_ws/install/micro_ros_msgs' for CMake config files
[0.980s] Level 1:colcon.colcon_core.shell:create_environment_hook('micro_ros_msgs', 'cmake_prefix_path')
[0.980s] INFO:colcon.colcon_core.shell:Creating environment hook '/home/mars/Documents/Lunabotics25-26/lunabot_ws/install/micro_ros_msgs/share/micro_ros_msgs/hook/cmake_prefix_path.ps1'
[0.980s] INFO:colcon.colcon_core.shell:Creating environment descriptor '/home/mars/Documents/Lunabotics25-26/lunabot_ws/install/micro_ros_msgs/share/micro_ros_msgs/hook/cmake_prefix_path.dsv'
[0.981s] INFO:colcon.colcon_core.shell:Creating environment hook '/home/mars/Documents/Lunabotics25-26/lunabot_ws/install/micro_ros_msgs/share/micro_ros_msgs/hook/cmake_prefix_path.sh'
[0.981s] Level 1:colcon.colcon_core.environment:checking '/home/mars/Documents/Lunabotics25-26/lunabot_ws/install/micro_ros_msgs/lib'
[0.981s] Level 1:colcon.colcon_core.shell:create_environment_hook('micro_ros_msgs', 'ld_library_path_lib')
[0.981s] INFO:colcon.colcon_core.shell:Creating environment hook '/home/mars/Documents/Lunabotics25-26/lunabot_ws/install/micro_ros_msgs/share/micro_ros_msgs/hook/ld_library_path_lib.ps1'
[0.982s] INFO:colcon.colcon_core.shell:Creating environment descriptor '/home/mars/Documents/Lunabotics25-26/lunabot_ws/install/micro_ros_msgs/share/micro_ros_msgs/hook/ld_library_path_lib.dsv'
[0.982s] INFO:colcon.colcon_core.shell:Creating environment hook '/home/mars/Documents/Lunabotics25-26/lunabot_ws/install/micro_ros_msgs/share/micro_ros_msgs/hook/ld_library_path_lib.sh'
[0.982s] Level 1:colcon.colcon_core.environment:checking '/home/mars/Documents/Lunabotics25-26/lunabot_ws/install/micro_ros_msgs/bin'
[0.982s] Level 1:colcon.colcon_core.environment:checking '/home/mars/Documents/Lunabotics25-26/lunabot_ws/install/micro_ros_msgs/lib/pkgconfig/micro_ros_msgs.pc'
[0.982s] Level 1:colcon.colcon_core.environment:checking '/home/mars/Documents/Lunabotics25-26/lunabot_ws/install/micro_ros_msgs/lib/python3.12/site-packages'
[0.982s] Level 1:colcon.colcon_core.shell:create_environment_hook('micro_ros_msgs', 'pythonpath')
[0.983s] INFO:colcon.colcon_core.shell:Creating environment hook '/home/mars/Documents/Lunabotics25-26/lunabot_ws/install/micro_ros_msgs/share/micro_ros_msgs/hook/pythonpath.ps1'
[0.983s] INFO:colcon.colcon_core.shell:Creating environment descriptor '/home/mars/Documents/Lunabotics25-26/lunabot_ws/install/micro_ros_msgs/share/micro_ros_msgs/hook/pythonpath.dsv'
[0.983s] INFO:colcon.colcon_core.shell:Creating environment hook '/home/mars/Documents/Lunabotics25-26/lunabot_ws/install/micro_ros_msgs/share/micro_ros_msgs/hook/pythonpath.sh'
[0.984s] Level 1:colcon.colcon_core.environment:checking '/home/mars/Documents/Lunabotics25-26/lunabot_ws/install/micro_ros_msgs/bin'
[0.984s] INFO:colcon.colcon_core.shell:Creating package script '/home/mars/Documents/Lunabotics25-26/lunabot_ws/install/micro_ros_msgs/share/micro_ros_msgs/package.ps1'
[0.985s] INFO:colcon.colcon_core.shell:Creating package descriptor '/home/mars/Documents/Lunabotics25-26/lunabot_ws/install/micro_ros_msgs/share/micro_ros_msgs/package.dsv'
[0.985s] INFO:colcon.colcon_core.shell:Creating package script '/home/mars/Documents/Lunabotics25-26/lunabot_ws/install/micro_ros_msgs/share/micro_ros_msgs/package.sh'
[0.985s] INFO:colcon.colcon_core.shell:Creating package script '/home/mars/Documents/Lunabotics25-26/lunabot_ws/install/micro_ros_msgs/share/micro_ros_msgs/package.bash'
[0.986s] INFO:colcon.colcon_core.shell:Creating package script '/home/mars/Documents/Lunabotics25-26/lunabot_ws/install/micro_ros_msgs/share/micro_ros_msgs/package.zsh'
[0.986s] Level 1:colcon.colcon_core.environment:create_file_with_runtime_dependencies(/home/mars/Documents/Lunabotics25-26/lunabot_ws/install/micro_ros_msgs/share/colcon-core/packages/micro_ros_msgs)
[0.986s] INFO:colcon.colcon_ros.task.ament_cmake.build:Building ROS package in '/home/mars/Documents/Lunabotics25-26/lunabot_ws/src/uros/micro-ROS-Agent/micro_ros_agent' with build type 'ament_cmake'
[0.986s] INFO:colcon.colcon_cmake.task.cmake.build:Building CMake package in '/home/mars/Documents/Lunabotics25-26/lunabot_ws/src/uros/micro-ROS-Agent/micro_ros_agent'
[0.986s] INFO:colcon.colcon_core.shell:Skip shell extension 'powershell' for command environment: Not usable outside of PowerShell
[0.986s] DEBUG:colcon.colcon_core.shell:Skip shell extension 'dsv' for command environment
[0.996s] DEBUG:colcon.colcon_core.event_handler.log_command:Invoking command in '/home/mars/Documents/Lunabotics25-26/lunabot_ws/build/micro_ros_agent': AMENT_PREFIX_PATH=/home/mars/Documents/Lunabotics25-26/lunabot_ws/install/micro_ros_msgs:${AMENT_PREFIX_PATH} CMAKE_PREFIX_PATH=/home/mars/Documents/Lunabotics25-26/lunabot_ws/install/micro_ros_msgs:/opt/ros/jazzy/opt/gz_math_vendor:/opt/ros/jazzy/opt/gz_utils_vendor:/opt/ros/jazzy/opt/gz_cmake_vendor:/opt/ros/jazzy DEBUGINFOD_URLS=https://debuginfod.ubuntu.com LD_LIBRARY_PATH=/home/mars/Documents/Lunabotics25-26/lunabot_ws/install/micro_ros_msgs/lib:${LD_LIBRARY_PATH} PYTHONPATH=/home/mars/Documents/Lunabotics25-26/lunabot_ws/install/micro_ros_msgs/lib/python3.12/site-packages:${PYTHONPATH} /usr/bin/cmake --build /home/mars/Documents/Lunabotics25-26/lunabot_ws/build/micro_ros_agent -- -j4 -l4
[1.072s] DEBUG:colcon.colcon_core.event_handler.log_command:Invoked command in '/home/mars/Documents/Lunabotics25-26/lunabot_ws/build/micro_ros_agent' returned '0': AMENT_PREFIX_PATH=/home/mars/Documents/Lunabotics25-26/lunabot_ws/install/micro_ros_msgs:${AMENT_PREFIX_PATH} CMAKE_PREFIX_PATH=/home/mars/Documents/Lunabotics25-26/lunabot_ws/install/micro_ros_msgs:/opt/ros/jazzy/opt/gz_math_vendor:/opt/ros/jazzy/opt/gz_utils_vendor:/opt/ros/jazzy/opt/gz_cmake_vendor:/opt/ros/jazzy DEBUGINFOD_URLS=https://debuginfod.ubuntu.com LD_LIBRARY_PATH=/home/mars/Documents/Lunabotics25-26/lunabot_ws/install/micro_ros_msgs/lib:${LD_LIBRARY_PATH} PYTHONPATH=/home/mars/Documents/Lunabotics25-26/lunabot_ws/install/micro_ros_msgs/lib/python3.12/site-packages:${PYTHONPATH} /usr/bin/cmake --build /home/mars/Documents/Lunabotics25-26/lunabot_ws/build/micro_ros_agent -- -j4 -l4
[1.073s] DEBUG:colcon.colcon_core.event_handler.log_command:Invoking command in '/home/mars/Documents/Lunabotics25-26/lunabot_ws/build/micro_ros_agent': AMENT_PREFIX_PATH=/home/mars/Documents/Lunabotics25-26/lunabot_ws/install/micro_ros_msgs:${AMENT_PREFIX_PATH} CMAKE_PREFIX_PATH=/home/mars/Documents/Lunabotics25-26/lunabot_ws/install/micro_ros_msgs:/opt/ros/jazzy/opt/gz_math_vendor:/opt/ros/jazzy/opt/gz_utils_vendor:/opt/ros/jazzy/opt/gz_cmake_vendor:/opt/ros/jazzy DEBUGINFOD_URLS=https://debuginfod.ubuntu.com LD_LIBRARY_PATH=/home/mars/Documents/Lunabotics25-26/lunabot_ws/install/micro_ros_msgs/lib:${LD_LIBRARY_PATH} PYTHONPATH=/home/mars/Documents/Lunabotics25-26/lunabot_ws/install/micro_ros_msgs/lib/python3.12/site-packages:${PYTHONPATH} /usr/bin/cmake --install /home/mars/Documents/Lunabotics25-26/lunabot_ws/build/micro_ros_agent
[1.082s] Level 1:colcon.colcon_core.environment:create_environment_scripts_only(micro_ros_agent)
[1.083s] Level 1:colcon.colcon_core.environment:checking '/home/mars/Documents/Lunabotics25-26/lunabot_ws/install/micro_ros_agent' for CMake module files
[1.083s] DEBUG:colcon.colcon_core.event_handler.log_command:Invoked command in '/home/mars/Documents/Lunabotics25-26/lunabot_ws/build/micro_ros_agent' returned '0': AMENT_PREFIX_PATH=/home/mars/Documents/Lunabotics25-26/lunabot_ws/install/micro_ros_msgs:${AMENT_PREFIX_PATH} CMAKE_PREFIX_PATH=/home/mars/Documents/Lunabotics25-26/lunabot_ws/install/micro_ros_msgs:/opt/ros/jazzy/opt/gz_math_vendor:/opt/ros/jazzy/opt/gz_utils_vendor:/opt/ros/jazzy/opt/gz_cmake_vendor:/opt/ros/jazzy DEBUGINFOD_URLS=https://debuginfod.ubuntu.com LD_LIBRARY_PATH=/home/mars/Documents/Lunabotics25-26/lunabot_ws/install/micro_ros_msgs/lib:${LD_LIBRARY_PATH} PYTHONPATH=/home/mars/Documents/Lunabotics25-26/lunabot_ws/install/micro_ros_msgs/lib/python3.12/site-packages:${PYTHONPATH} /usr/bin/cmake --install /home/mars/Documents/Lunabotics25-26/lunabot_ws/build/micro_ros_agent
[1.083s] Level 1:colcon.colcon_core.environment:checking '/home/mars/Documents/Lunabotics25-26/lunabot_ws/install/micro_ros_agent' for CMake config files
[1.084s] Level 1:colcon.colcon_core.shell:create_environment_hook('micro_ros_agent', 'cmake_prefix_path')
[1.084s] INFO:colcon.colcon_core.shell:Creating environment hook '/home/mars/Documents/Lunabotics25-26/lunabot_ws/install/micro_ros_agent/share/micro_ros_agent/hook/cmake_prefix_path.ps1'
[1.084s] INFO:colcon.colcon_core.shell:Creating environment descriptor '/home/mars/Documents/Lunabotics25-26/lunabot_ws/install/micro_ros_agent/share/micro_ros_agent/hook/cmake_prefix_path.dsv'
[1.084s] INFO:colcon.colcon_core.shell:Creating environment hook '/home/mars/Documents/Lunabotics25-26/lunabot_ws/install/micro_ros_agent/share/micro_ros_agent/hook/cmake_prefix_path.sh'
[1.085s] Level 1:colcon.colcon_core.environment:checking '/home/mars/Documents/Lunabotics25-26/lunabot_ws/install/micro_ros_agent/lib'
[1.085s] Level 1:colcon.colcon_core.shell:create_environment_hook('micro_ros_agent', 'ld_library_path_lib')
[1.085s] INFO:colcon.colcon_core.shell:Creating environment hook '/home/mars/Documents/Lunabotics25-26/lunabot_ws/install/micro_ros_agent/share/micro_ros_agent/hook/ld_library_path_lib.ps1'
[1.086s] INFO:colcon.colcon_core.shell:Creating environment descriptor '/home/mars/Documents/Lunabotics25-26/lunabot_ws/install/micro_ros_agent/share/micro_ros_agent/hook/ld_library_path_lib.dsv'
[1.086s] INFO:colcon.colcon_core.shell:Creating environment hook '/home/mars/Documents/Lunabotics25-26/lunabot_ws/install/micro_ros_agent/share/micro_ros_agent/hook/ld_library_path_lib.sh'
[1.086s] Level 1:colcon.colcon_core.environment:checking '/home/mars/Documents/Lunabotics25-26/lunabot_ws/install/micro_ros_agent/bin'
[1.086s] Level 1:colcon.colcon_core.environment:checking '/home/mars/Documents/Lunabotics25-26/lunabot_ws/install/micro_ros_agent/lib/pkgconfig/micro_ros_agent.pc'
[1.086s] Level 1:colcon.colcon_core.environment:checking '/home/mars/Documents/Lunabotics25-26/lunabot_ws/install/micro_ros_agent/lib/python3.12/site-packages'
[1.087s] Level 1:colcon.colcon_core.environment:checking '/home/mars/Documents/Lunabotics25-26/lunabot_ws/install/micro_ros_agent/bin'
[1.087s] INFO:colcon.colcon_core.shell:Creating package script '/home/mars/Documents/Lunabotics25-26/lunabot_ws/install/micro_ros_agent/share/micro_ros_agent/package.ps1'
[1.087s] INFO:colcon.colcon_core.shell:Creating package descriptor '/home/mars/Documents/Lunabotics25-26/lunabot_ws/install/micro_ros_agent/share/micro_ros_agent/package.dsv'
[1.088s] INFO:colcon.colcon_core.shell:Creating package script '/home/mars/Documents/Lunabotics25-26/lunabot_ws/install/micro_ros_agent/share/micro_ros_agent/package.sh'
[1.088s] INFO:colcon.colcon_core.shell:Creating package script '/home/mars/Documents/Lunabotics25-26/lunabot_ws/install/micro_ros_agent/share/micro_ros_agent/package.bash'
[1.088s] INFO:colcon.colcon_core.shell:Creating package script '/home/mars/Documents/Lunabotics25-26/lunabot_ws/install/micro_ros_agent/share/micro_ros_agent/package.zsh'
[1.089s] Level 1:colcon.colcon_core.environment:create_file_with_runtime_dependencies(/home/mars/Documents/Lunabotics25-26/lunabot_ws/install/micro_ros_agent/share/colcon-core/packages/micro_ros_agent)
[1.089s] Level 1:colcon.colcon_core.environment:create_environment_scripts_only(micro_ros_agent)
[1.089s] Level 1:colcon.colcon_core.environment:checking '/home/mars/Documents/Lunabotics25-26/lunabot_ws/install/micro_ros_agent' for CMake module files
[1.090s] Level 1:colcon.colcon_core.environment:checking '/home/mars/Documents/Lunabotics25-26/lunabot_ws/install/micro_ros_agent' for CMake config files
[1.090s] Level 1:colcon.colcon_core.shell:create_environment_hook('micro_ros_agent', 'cmake_prefix_path')
[1.090s] INFO:colcon.colcon_core.shell:Creating environment hook '/home/mars/Documents/Lunabotics25-26/lunabot_ws/install/micro_ros_agent/share/micro_ros_agent/hook/cmake_prefix_path.ps1'
[1.090s] INFO:colcon.colcon_core.shell:Creating environment descriptor '/home/mars/Documents/Lunabotics25-26/lunabot_ws/install/micro_ros_agent/share/micro_ros_agent/hook/cmake_prefix_path.dsv'
[1.091s] INFO:colcon.colcon_core.shell:Creating environment hook '/home/mars/Documents/Lunabotics25-26/lunabot_ws/install/micro_ros_agent/share/micro_ros_agent/hook/cmake_prefix_path.sh'
[1.091s] Level 1:colcon.colcon_core.environment:checking '/home/mars/Documents/Lunabotics25-26/lunabot_ws/install/micro_ros_agent/lib'
[1.091s] Level 1:colcon.colcon_core.shell:create_environment_hook('micro_ros_agent', 'ld_library_path_lib')
[1.091s] INFO:colcon.colcon_core.shell:Creating environment hook '/home/mars/Documents/Lunabotics25-26/lunabot_ws/install/micro_ros_agent/share/micro_ros_agent/hook/ld_library_path_lib.ps1'
[1.092s] INFO:colcon.colcon_core.shell:Creating environment descriptor '/home/mars/Documents/Lunabotics25-26/lunabot_ws/install/micro_ros_agent/share/micro_ros_agent/hook/ld_library_path_lib.dsv'
[1.092s] INFO:colcon.colcon_core.shell:Creating environment hook '/home/mars/Documents/Lunabotics25-26/lunabot_ws/install/micro_ros_agent/share/micro_ros_agent/hook/ld_library_path_lib.sh'
[1.092s] Level 1:colcon.colcon_core.environment:checking '/home/mars/Documents/Lunabotics25-26/lunabot_ws/install/micro_ros_agent/bin'
[1.092s] Level 1:colcon.colcon_core.environment:checking '/home/mars/Documents/Lunabotics25-26/lunabot_ws/install/micro_ros_agent/lib/pkgconfig/micro_ros_agent.pc'
[1.092s] Level 1:colcon.colcon_core.environment:checking '/home/mars/Documents/Lunabotics25-26/lunabot_ws/install/micro_ros_agent/lib/python3.12/site-packages'
[1.093s] Level 1:colcon.colcon_core.environment:checking '/home/mars/Documents/Lunabotics25-26/lunabot_ws/install/micro_ros_agent/bin'
[1.093s] INFO:colcon.colcon_core.shell:Creating package script '/home/mars/Documents/Lunabotics25-26/lunabot_ws/install/micro_ros_agent/share/micro_ros_agent/package.ps1'
[1.093s] INFO:colcon.colcon_core.shell:Creating package descriptor '/home/mars/Documents/Lunabotics25-26/lunabot_ws/install/micro_ros_agent/share/micro_ros_agent/package.dsv'
[1.094s] INFO:colcon.colcon_core.shell:Creating package script '/home/mars/Documents/Lunabotics25-26/lunabot_ws/install/micro_ros_agent/share/micro_ros_agent/package.sh'
[1.094s] INFO:colcon.colcon_core.shell:Creating package script '/home/mars/Documents/Lunabotics25-26/lunabot_ws/install/micro_ros_agent/share/micro_ros_agent/package.bash'
[1.095s] INFO:colcon.colcon_core.shell:Creating package script '/home/mars/Documents/Lunabotics25-26/lunabot_ws/install/micro_ros_agent/share/micro_ros_agent/package.zsh'
[1.095s] Level 1:colcon.colcon_core.environment:create_file_with_runtime_dependencies(/home/mars/Documents/Lunabotics25-26/lunabot_ws/install/micro_ros_agent/share/colcon-core/packages/micro_ros_agent)
[1.206s] DEBUG:colcon.colcon_core.event_handler.log_command:Invoked command in '/home/mars/Documents/Lunabotics25-26/lunabot_ws/build/lunabot_bringup' returned '0': CMAKE_PREFIX_PATH=${CMAKE_PREFIX_PATH}:/opt/ros/jazzy DEBUGINFOD_URLS=https://debuginfod.ubuntu.com /usr/bin/cmake /home/mars/Documents/Lunabotics25-26/lunabot_ws/src/lunabot_bringup -DCMAKE_INSTALL_PREFIX=/home/mars/Documents/Lunabotics25-26/lunabot_ws/install/lunabot_bringup
[1.207s] DEBUG:colcon.colcon_core.event_handler.log_command:Invoking command in '/home/mars/Documents/Lunabotics25-26/lunabot_ws/build/lunabot_bringup': CMAKE_PREFIX_PATH=${CMAKE_PREFIX_PATH}:/opt/ros/jazzy DEBUGINFOD_URLS=https://debuginfod.ubuntu.com /usr/bin/cmake --build /home/mars/Documents/Lunabotics25-26/lunabot_ws/build/lunabot_bringup -- -j4 -l4
[1.248s] DEBUG:colcon.colcon_core.event_handler.log_command:Invoked command in '/home/mars/Documents/Lunabotics25-26/lunabot_ws/build/lunabot_bringup' returned '0': CMAKE_PREFIX_PATH=${CMAKE_PREFIX_PATH}:/opt/ros/jazzy DEBUGINFOD_URLS=https://debuginfod.ubuntu.com /usr/bin/cmake --build /home/mars/Documents/Lunabotics25-26/lunabot_ws/build/lunabot_bringup -- -j4 -l4
[1.250s] DEBUG:colcon.colcon_core.event_handler.log_command:Invoking command in '/home/mars/Documents/Lunabotics25-26/lunabot_ws/build/lunabot_bringup': CMAKE_PREFIX_PATH=${CMAKE_PREFIX_PATH}:/opt/ros/jazzy DEBUGINFOD_URLS=https://debuginfod.ubuntu.com /usr/bin/cmake --install /home/mars/Documents/Lunabotics25-26/lunabot_ws/build/lunabot_bringup
[1.259s] Level 1:colcon.colcon_core.environment:create_environment_scripts_only(lunabot_bringup)
[1.260s] Level 1:colcon.colcon_core.environment:checking '/home/mars/Documents/Lunabotics25-26/lunabot_ws/install/lunabot_bringup' for CMake module files
[1.260s] DEBUG:colcon.colcon_core.event_handler.log_command:Invoked command in '/home/mars/Documents/Lunabotics25-26/lunabot_ws/build/lunabot_bringup' returned '0': CMAKE_PREFIX_PATH=${CMAKE_PREFIX_PATH}:/opt/ros/jazzy DEBUGINFOD_URLS=https://debuginfod.ubuntu.com /usr/bin/cmake --install /home/mars/Documents/Lunabotics25-26/lunabot_ws/build/lunabot_bringup
[1.260s] Level 1:colcon.colcon_core.environment:checking '/home/mars/Documents/Lunabotics25-26/lunabot_ws/install/lunabot_bringup' for CMake config files
[1.261s] Level 1:colcon.colcon_core.shell:create_environment_hook('lunabot_bringup', 'cmake_prefix_path')
[1.261s] INFO:colcon.colcon_core.shell:Creating environment hook '/home/mars/Documents/Lunabotics25-26/lunabot_ws/install/lunabot_bringup/share/lunabot_bringup/hook/cmake_prefix_path.ps1'
[1.261s] INFO:colcon.colcon_core.shell:Creating environment descriptor '/home/mars/Documents/Lunabotics25-26/lunabot_ws/install/lunabot_bringup/share/lunabot_bringup/hook/cmake_prefix_path.dsv'
[1.261s] INFO:colcon.colcon_core.shell:Creating environment hook '/home/mars/Documents/Lunabotics25-26/lunabot_ws/install/lunabot_bringup/share/lunabot_bringup/hook/cmake_prefix_path.sh'
[1.262s] Level 1:colcon.colcon_core.environment:checking '/home/mars/Documents/Lunabotics25-26/lunabot_ws/install/lunabot_bringup/bin'
[1.262s] Level 1:colcon.colcon_core.environment:checking '/home/mars/Documents/Lunabotics25-26/lunabot_ws/install/lunabot_bringup/lib/pkgconfig/lunabot_bringup.pc'
[1.262s] Level 1:colcon.colcon_core.environment:checking '/home/mars/Documents/Lunabotics25-26/lunabot_ws/install/lunabot_bringup/lib/python3.12/site-packages'
[1.262s] Level 1:colcon.colcon_core.environment:checking '/home/mars/Documents/Lunabotics25-26/lunabot_ws/install/lunabot_bringup/bin'
[1.262s] INFO:colcon.colcon_core.shell:Creating package script '/home/mars/Documents/Lunabotics25-26/lunabot_ws/install/lunabot_bringup/share/lunabot_bringup/package.ps1'
[1.263s] INFO:colcon.colcon_core.shell:Creating package descriptor '/home/mars/Documents/Lunabotics25-26/lunabot_ws/install/lunabot_bringup/share/lunabot_bringup/package.dsv'
[1.263s] INFO:colcon.colcon_core.shell:Creating package script '/home/mars/Documents/Lunabotics25-26/lunabot_ws/install/lunabot_bringup/share/lunabot_bringup/package.sh'
[1.263s] INFO:colcon.colcon_core.shell:Creating package script '/home/mars/Documents/Lunabotics25-26/lunabot_ws/install/lunabot_bringup/share/lunabot_bringup/package.bash'
[1.263s] INFO:colcon.colcon_core.shell:Creating package script '/home/mars/Documents/Lunabotics25-26/lunabot_ws/install/lunabot_bringup/share/lunabot_bringup/package.zsh'
[1.264s] Level 1:colcon.colcon_core.environment:create_file_with_runtime_dependencies(/home/mars/Documents/Lunabotics25-26/lunabot_ws/install/lunabot_bringup/share/colcon-core/packages/lunabot_bringup)
[1.264s] Level 1:colcon.colcon_core.environment:create_environment_scripts_only(lunabot_bringup)
[1.264s] Level 1:colcon.colcon_core.environment:checking '/home/mars/Documents/Lunabotics25-26/lunabot_ws/install/lunabot_bringup' for CMake module files
[1.265s] Level 1:colcon.colcon_core.environment:checking '/home/mars/Documents/Lunabotics25-26/lunabot_ws/install/lunabot_bringup' for CMake config files
[1.265s] Level 1:colcon.colcon_core.shell:create_environment_hook('lunabot_bringup', 'cmake_prefix_path')
[1.265s] INFO:colcon.colcon_core.shell:Creating environment hook '/home/mars/Documents/Lunabotics25-26/lunabot_ws/install/lunabot_bringup/share/lunabot_bringup/hook/cmake_prefix_path.ps1'
[1.265s] INFO:colcon.colcon_core.shell:Creating environment descriptor '/home/mars/Documents/Lunabotics25-26/lunabot_ws/install/lunabot_bringup/share/lunabot_bringup/hook/cmake_prefix_path.dsv'
[1.265s] INFO:colcon.colcon_core.shell:Creating environment hook '/home/mars/Documents/Lunabotics25-26/lunabot_ws/install/lunabot_bringup/share/lunabot_bringup/hook/cmake_prefix_path.sh'
[1.266s] Level 1:colcon.colcon_core.environment:checking '/home/mars/Documents/Lunabotics25-26/lunabot_ws/install/lunabot_bringup/bin'
[1.266s] Level 1:colcon.colcon_core.environment:checking '/home/mars/Documents/Lunabotics25-26/lunabot_ws/install/lunabot_bringup/lib/pkgconfig/lunabot_bringup.pc'
[1.266s] Level 1:colcon.colcon_core.environment:checking '/home/mars/Documents/Lunabotics25-26/lunabot_ws/install/lunabot_bringup/lib/python3.12/site-packages'
[1.266s] Level 1:colcon.colcon_core.environment:checking '/home/mars/Documents/Lunabotics25-26/lunabot_ws/install/lunabot_bringup/bin'
[1.266s] INFO:colcon.colcon_core.shell:Creating package script '/home/mars/Documents/Lunabotics25-26/lunabot_ws/install/lunabot_bringup/share/lunabot_bringup/package.ps1'
[1.267s] INFO:colcon.colcon_core.shell:Creating package descriptor '/home/mars/Documents/Lunabotics25-26/lunabot_ws/install/lunabot_bringup/share/lunabot_bringup/package.dsv'
[1.267s] INFO:colcon.colcon_core.shell:Creating package script '/home/mars/Documents/Lunabotics25-26/lunabot_ws/install/lunabot_bringup/share/lunabot_bringup/package.sh'
[1.267s] INFO:colcon.colcon_core.shell:Creating package script '/home/mars/Documents/Lunabotics25-26/lunabot_ws/install/lunabot_bringup/share/lunabot_bringup/package.bash'
[1.268s] INFO:colcon.colcon_core.shell:Creating package script '/home/mars/Documents/Lunabotics25-26/lunabot_ws/install/lunabot_bringup/share/lunabot_bringup/package.zsh'
[1.268s] Level 1:colcon.colcon_core.environment:create_file_with_runtime_dependencies(/home/mars/Documents/Lunabotics25-26/lunabot_ws/install/lunabot_bringup/share/colcon-core/packages/lunabot_bringup)
[1.268s] DEBUG:colcon.colcon_parallel_executor.executor.parallel:closing loop
[1.268s] DEBUG:colcon.colcon_parallel_executor.executor.parallel:loop closed
[1.268s] DEBUG:colcon.colcon_parallel_executor.executor.parallel:run_until_complete finished with '0'
[1.268s] DEBUG:colcon.colcon_core.event_reactor:joining thread
[1.274s] INFO:colcon.colcon_core.plugin_system:Skipping extension 'colcon_notification.desktop_notification.terminal_notifier': Not used on non-Darwin systems
[1.274s] INFO:colcon.colcon_core.plugin_system:Skipping extension 'colcon_notification.desktop_notification.win32': Not used on non-Windows systems
[1.274s] INFO:colcon.colcon_notification.desktop_notification:Sending desktop notification using 'notify2'
[1.297s] DEBUG:colcon.colcon_core.event_reactor:joined thread
[1.298s] INFO:colcon.colcon_core.shell:Creating prefix script '/home/mars/Documents/Lunabotics25-26/lunabot_ws/install/local_setup.ps1'
[1.299s] INFO:colcon.colcon_core.shell:Creating prefix util module '/home/mars/Documents/Lunabotics25-26/lunabot_ws/install/_local_setup_util_ps1.py'
[1.302s] INFO:colcon.colcon_core.shell:Creating prefix chain script '/home/mars/Documents/Lunabotics25-26/lunabot_ws/install/setup.ps1'
[1.303s] INFO:colcon.colcon_core.shell:Creating prefix script '/home/mars/Documents/Lunabotics25-26/lunabot_ws/install/local_setup.sh'
[1.304s] INFO:colcon.colcon_core.shell:Creating prefix util module '/home/mars/Documents/Lunabotics25-26/lunabot_ws/install/_local_setup_util_sh.py'
[1.305s] INFO:colcon.colcon_core.shell:Creating prefix chain script '/home/mars/Documents/Lunabotics25-26/lunabot_ws/install/setup.sh'
[1.307s] INFO:colcon.colcon_core.shell:Creating prefix script '/home/mars/Documents/Lunabotics25-26/lunabot_ws/install/local_setup.bash'
[1.308s] INFO:colcon.colcon_core.shell:Creating prefix chain script '/home/mars/Documents/Lunabotics25-26/lunabot_ws/install/setup.bash'
[1.309s] INFO:colcon.colcon_core.shell:Creating prefix script '/home/mars/Documents/Lunabotics25-26/lunabot_ws/install/local_setup.zsh'
[1.310s] INFO:colcon.colcon_core.shell:Creating prefix chain script '/home/mars/Documents/Lunabotics25-26/lunabot_ws/install/setup.zsh'
